long,long,str,None,None,None,None,None,None,None,str,None,None,None,None,None,None,None,flags,None,None,None,None,None,None,None,None,None,None,None,None,None,None,None,None,flags,float,long,bool,long,
3,0,"Довге волосся",,,,,,,,"Довге волосся",,,,,,,,0xFF01FE,,,,,,,,,,,,,,,,,0xFF01ED,1.0,11,0,0,
4,0,"Лисий хвіст",,,,,,,,"Лисий хвіст",,,,,,,,0xFF01FE,,,,,,,,,,,,,,,,,0xFF01ED,1.0,11,0,1,
5,0,"Коси",,,,,,,,"Коси",,,,,,,,0xFF01FE,,,,,,,,,,,,,,,,,0xFF01ED,1.0,11,0,2,
6,0,"Мітла",,,,,,,,"Мітла",,,,,,,,0xFF01FE,,,,,,,,,,,,,,,,,0xFF01ED,1.0,11,0,3,
7,0,"Колючий хвіст",,,,,,,,"Колючий хвіст",,,,,,,,0xFF01FE,,,,,,,,,,,,,,,,,0xFF01ED,1.0,11,0,4,
8,0,"Оздоблена коса",,,,,,,,"Оздоблена коса",,,,,,,,0xFF01FE,,,,,,,,,,,,,,,,,0xFF01ED,1.0,11,0,5,
9,0,"Роги",,,,,,,,"Роги",,,,,,,,0xFF01FE,,,,,,,,,,,,,,,,,0xFF01ED,1.0,11,0,6,
10,0,"Хвіст петлею",,,,,,,,"Хвіст петлею",,,,,,,,0xFF01FE,,,,,,,,,,,,,,,,,0xFF01ED,1.0,11,0,7,
11,0,"Лисий",,,,,,,,"Лисий",,,,,,,,0xFF01FE,,,,,,,,,,,,,,,,,0xFF01EC,1.0,11,0,8,
19,2,"Без щупальців",,,,,,,,"Без щупальців",,,,,,,,0xFF01FE,,,,,,,,,,,,,,,,,0xFF01EC,0.75,11,0,0,
20,2,"Товсті щупальці",,,,,,,,"Товсті щупальці",,,,,,,,0xFF01FE,,,,,,,,,,,,,,,,,0xFF01EC,0.75,11,0,1,
21,2,"Баки",,,,,,,,"Баки",,,,,,,,0xFF01FE,,,,,,,,,,,,,,,,,0xFF01EC,0.75,11,0,2,
22,2,"Бакенбарди",,,,,,,,"Бакенбарди",,,,,,,,0xFF01FE,,,,,,,,,,,,,,,,,0xFF01EC,0.75,11,0,3,
23,2,"Вусатий",,,,,,,,"Вусатий",,,,,,,,0xFF01FE,,,,,,,,,,,,,,,,,0xFF01EC,0.75,11,0,4,
24,2,"Акуратна борідка",,,,,,,,"Акуратна борідка",,,,,,,,0xFF01FE,,,,,,,,,,,,,,,,,0xFF01EC,0.75,11,0,5,
25,2,"Козлина борідка",,,,,,,,"Козлина борідка",,,,,,,,0xFF01FE,,,,,,,,,,,,,,,,,0xFF01EC,0.75,11,0,6,
26,2,"Два щупальця",,,,,,,,"Два щупальця",,,,,,,,0xFF01FE,,,,,,,,,,,,,,,,,0xFF01EC,0.75,11,0,7,
27,0,"Пряме волосся",,,,,,,,"Пряме волосся",,,,,,,,0xFF01FE,,,,,,,,,,,,,,,,,0xFF01EC,1.0,1,1,0,
28,0,"Прямий проділ",,,,,,,,"Прямий проділ",,,,,,,,0xFF01FE,,,,,,,,,,,,,,,,,0xFF01EC,1.0,1,1,1,
29,0,"Чубчик",,,,,,,,"Чубчик",,,,,,,,0xFF01FE,,,,,,,,,,,,,,,,,0xFF01EC,1.0,1,1,2,
30,0,"Пишне волосся",,,,,,,,"Пишне волосся",,,,,,,,0xFF01FE,,,,,,,,,,,,,,,,,0xFF01EC,1.0,1,1,3,
31,0,"Подовжена зачіска",,,,,,,,"Подовжена зачіска",,,,,,,,0xFF01FE,,,,,,,,,,,,,,,,,0xFF01EC,1.0,1,1,4,
32,0,"Косий проділ",,,,,,,,"Косий проділ",,,,,,,,0xFF01FE,,,,,,,,,,,,,,,,,0xFF01EC,1.0,1,1,5,
33,0,"Пустунка",,,,,,,,"Пустунка",,,,,,,,0xFF01FE,,,,,,,,,,,,,,,,,0xFF01EC,1.0,1,1,6,
34,0,"Хвіст, проділ праворуч",,,,,,,,"Хвіст, проділ праворуч",,,,,,,,0xFF01FE,,,,,,,,,,,,,,,,,0xFF01EC,1.0,1,1,7,
35,0,"Хвіст, проділ ліворуч",,,,,,,,"Хвіст, проділ ліворуч",,,,,,,,0xFF01FE,,,,,,,,,,,,,,,,,0xFF01EC,1.0,1,1,8,
36,0,"Боб",,,,,,,,"Боб",,,,,,,,0xFF01FE,,,,,,,,,,,,,,,,,0xFF01EC,1.0,1,1,9,
37,0,"Сходинки",,,,,,,,"Сходинки",,,,,,,,0xFF01FE,,,,,,,,,,,,,,,,,0xFF01EC,1.0,1,1,10,
38,0,"Коротка стрижка",,,,,,,,"Коротка стрижка",,,,,,,,0xFF01FE,,,,,,,,,,,,,,,,,0xFF01EC,1.0,1,1,11,
39,0,"Кокетка",,,,,,,,"Кокетка",,,,,,,,0xFF01FE,,,,,,,,,,,,,,,,,0xFF01EC,1.0,1,1,12,
40,0,"Пишне волосся",,,,,,,,"Пишне волосся",,,,,,,,0xFF01FE,,,,,,,,,,,,,,,,,0xFF01EC,1.0,1,1,13,
41,0,"Вузол",,,,,,,,"Вузол",,,,,,,,0xFF01FE,,,,,,,,,,,,,,,,,0xFF01EC,1.0,1,1,14,
42,0,"Вкорочена зачіска",,,,,,,,"Вкорочена зачіска",,,,,,,,0xFF01FE,,,,,,,,,,,,,,,,,0xFF01EC,1.0,1,1,15,
43,0,"Хвилястий боб",,,,,,,,"Хвилястий боб",,,,,,,,0xFF01FE,,,,,,,,,,,,,,,,,0xFF01EC,1.0,1,1,16,
44,0,"Недбалий хвіст",,,,,,,,"Недбалий хвіст",,,,,,,,0xFF01FE,,,,,,,,,,,,,,,,,0xFF01EC,1.0,1,1,17,
55,2,"Без сережок",,,,,,,,"Без сережок",,,,,,,,0xFF01FE,,,,,,,,,,,,,,,,,0xFF01EC,0.75,1,1,0,
56,2,"Сережки",,,,,,,,"Сережки",,,,,,,,0xFF01FE,,,,,,,,,,,,,,,,,0xFF01EC,0.75,1,1,1,
57,2,"Верхні сережки",,,,,,,,"Верхні сережки",,,,,,,,0xFF01FE,,,,,,,,,,,,,,,,,0xFF01EC,0.75,1,1,2,
58,2,"Дві пари верхніх сережок",,,,,,,,"Дві пари верхніх сережок",,,,,,,,0xFF01FE,,,,,,,,,,,,,,,,,0xFF01EC,0.75,1,1,3,
59,2,"Повний набір сережок",,,,,,,,"Повний набір сережок",,,,,,,,0xFF01FE,,,,,,,,,,,,,,,,,0xFF01EC,0.75,1,1,4,
60,2,"Кільце в носі",,,,,,,,"Кільце в носі",,,,,,,,0xFF01FE,,,,,,,,,,,,,,,,,0xFF01EC,0.75,1,1,5,
61,2,"Кільця в носі і брові",,,,,,,,"Кільця в носі і брові",,,,,,,,0xFF01FE,,,,,,,,,,,,,,,,,0xFF01EC,0.75,1,1,6,
62,0,"Мокре волосся",,,,,,,,"Мокре волосся",,,,,,,,0xFF01FE,,,,,,,,,,,,,,,,,0xFF01EC,1.0,1,1,18,
63,0,"Лиса",,,,,,,,"Лиса",,,,,,,,0xFF01FE,,,,,,,,,,,,,,,,,0xFF01EC,1.0,1,0,0,
64,0,"Селянин",,,,,,,,"Селянин",,,,,,,,0xFF01FE,,,,,,,,,,,,,,,,,0xFF01EC,1.0,1,0,1,
65,0,"Солдат",,,,,,,,"Солдат",,,,,,,,0xFF01FE,,,,,,,,,,,,,,,,,0xFF01EC,1.0,1,0,2,
66,0,"Монах",,,,,,,,"Монах",,,,,,,,0xFF01FE,,,,,,,,,,,,,,,,,0xFF01EC,1.0,1,0,3,
67,0,"Варвар",,,,,,,,"Варвар",,,,,,,,0xFF01FE,,,,,,,,,,,,,,,,,0xFF01EC,1.0,1,0,4,
68,0,"Сміливий",,,,,,,,"Сміливий",,,,,,,,0xFF01FE,,,,,,,,,,,,,,,,,0xFF01EC,1.0,1,0,5,
69,0,"Граф",,,,,,,,"Граф",,,,,,,,0xFF01FE,,,,,,,,,,,,,,,,,0xFF01EC,1.0,1,0,6,
70,0,"Придворный",,,,,,,,"Придворный",,,,,,,,0xFF01FE,,,,,,,,,,,,,,,,,0xFF01EC,1.0,1,0,7,
71,0,"Вчений",,,,,,,,"Вчений",,,,,,,,0xFF01FE,,,,,,,,,,,,,,,,,0xFF01EC,1.0,1,0,8,
72,0,"Розбійник",,,,,,,,"Розбійник",,,,,,,,0xFF01FE,,,,,,,,,,,,,,,,,0xFF01EC,1.0,1,0,9,
73,0,"Знаменитість",,,,,,,,"Знаменитість",,,,,,,,0xFF01FE,,,,,,,,,,,,,,,,,0xFF01EC,1.0,1,0,10,
74,0,"Самсон",,,,,,,,"Самсон",,,,,,,,0xFF01FE,,,,,,,,,,,,,,,,,0xFF01EC,1.0,1,0,11,
85,2,"Бородач",,,,,,,,"Бородач",,,,,,,,0xFF01FE,,,,,,,,,,,,,,,,,0xFF01EC,0.75,1,0,0,
86,2,"Полковник",,,,,,,,"Полковник",,,,,,,,0xFF01FE,,,,,,,,,,,,,,,,,0xFF01EC,0.75,1,0,1,
87,2,"Дуелянт",,,,,,,,"Дуелянт",,,,,,,,0xFF01FE,,,,,,,,,,,,,,,,,0xFF01EC,0.75,1,0,2,
88,2,"Еспаньйолка",,,,,,,,"Еспаньйолка",,,,,,,,0xFF01FE,,,,,,,,,,,,,,,,,0xFF01EC,0.75,1,0,3,
89,2,"Чарівник",,,,,,,,"Чарівник",,,,,,,,0xFF01FE,,,,,,,,,,,,,,,,,0xFF01EC,0.75,1,0,4,
90,2,"Баки",,,,,,,,"Баки",,,,,,,,0xFF01FE,,,,,,,,,,,,,,,,,0xFF01EC,0.75,1,0,5,
91,2,"Ван Дайк",,,,,,,,"Ван Дайк",,,,,,,,0xFF01FE,,,,,,,,,,,,,,,,,0xFF01EC,0.75,1,0,6,
92,2,"Вусач",,,,,,,,"Вусач",,,,,,,,0xFF01FE,,,,,,,,,,,,,,,,,0xFF01EC,0.75,1,0,7,
93,2,"Без бороди та вусів",,,,,,,,"Без бороди та вусів",,,,,,,,0xFF01FE,,,,,,,,,,,,,,,,,0xFF01EC,0.75,1,0,8,
125,0,"Пряме волосся",,,,,,,,"Пряме волосся",,,,,,,,0xFF01FE,,,,,,,,,,,,,,,,,0xFF01EC,1.0,11,1,0,
126,0,"Косий проділ",,,,,,,,"Косий проділ",,,,,,,,0xFF01FE,,,,,,,,,,,,,,,,,0xFF01EC,1.0,11,1,1,
127,0,"Чаруючі хвостики",,,,,,,,"Чаруючі хвостики",,,,,,,,0xFF01FE,,,,,,,,,,,,,,,,,0xFF01EC,1.0,11,1,2,
128,0,"Пір'їнки",,,,,,,,"Пір'їнки",,,,,,,,0xFF01FE,,,,,,,,,,,,,,,,,0xFF01EC,1.0,11,1,3,
129,0,"Калачики",,,,,,,,"Калачики",,,,,,,,0xFF01FE,,,,,,,,,,,,,,,,,0xFF01EC,1.0,11,1,4,
130,0,"Дорогоцінний обруч",,,,,,,,"Дорогоцінний обруч",,,,,,,,0xFF01FE,,,,,,,,,,,,,,,,,0xFF01EC,1.0,11,1,5,
131,0,"Довгий чубчик",,,,,,,,"Довгий чубчик",,,,,,,,0xFF01FE,,,,,,,,,,,,,,,,,0xFF01EC,1.0,11,1,6,
132,0,"Витончена зачіска",,,,,,,,"Витончена зачіска",,,,,,,,0xFF01FE,,,,,,,,,,,,,,,,,0xFF01EC,1.0,11,1,7,
133,0,"Нерівномірна довжина",,,,,,,,"Нерівномірна довжина",,,,,,,,0xFF01FE,,,,,,,,,,,,,,,,,0xFF01EC,1.0,11,1,8,
134,0,"Волосся на потилиці",,,,,,,,"Волосся на потилиці",,,,,,,,0xFF01FE,,,,,,,,,,,,,,,,,0xFF01EC,1.0,11,1,9,
135,0,"Зухвалі шипи",,,,,,,,"Зухвалі шипи",,,,,,,,0xFF01FE,,,,,,,,,,,,,,,,,0xFF01EC,1.0,11,1,10,
143,2,"Загнуті роги",,,,,,,,"Загнуті роги",,,,,,,,0xFF01FE,,,,,,,,,,,,,,,,,0xFF01EC,0.75,11,1,0,
144,2,"Заокруглені роги",,,,,,,,"Заокруглені роги",,,,,,,,0xFF01FE,,,,,,,,,,,,,,,,,0xFF01EC,0.75,11,1,1,
145,2,"Напівкруглі роги",,,,,,,,"Напівкруглі роги",,,,,,,,0xFF01FE,,,,,,,,,,,,,,,,,0xFF01EC,0.75,11,1,2,
146,2,"Спрямовані вверх роги",,,,,,,,"Спрямовані вверх роги",,,,,,,,0xFF01FE,,,,,,,,,,,,,,,,,0xFF01EC,0.75,11,1,3,
147,2,"Горизонтальні роги",,,,,,,,"Горизонтальні роги",,,,,,,,0xFF01FE,,,,,,,,,,,,,,,,,0xFF01EC,0.75,11,1,4,
148,2,"Вигнуті роги",,,,,,,,"Вигнуті роги",,,,,,,,0xFF01FE,,,,,,,,,,,,,,,,,0xFF01EC,0.75,11,1,5,
149,2,"Короткі роги",,,,,,,,"Короткі роги",,,,,,,,0xFF01FE,,,,,,,,,,,,,,,,,0xFF01EC,0.75,11,1,6,
175,0,"Високий хвостик",,,,,,,,"Високий хвостик",,,,,,,,0xFF01FE,,,,,,,,,,,,,,,,,0xFF01EC,1.0,10,1,0,
176,0,"Подовжена зачіска",,,,,,,,"Подовжена зачіска",,,,,,,,0xFF01FE,,,,,,,,,,,,,,,,,0xFF01EC,1.0,10,1,1,
177,0,"Вологе волосся",,,,,,,,"Вологе волосся",,,,,,,,0xFF01FE,,,,,,,,,,,,,,,,,0xFF01EC,1.0,10,1,2,
178,0,"Незвичайна",,,,,,,,"Незвичайна",,,,,,,,0xFF01FE,,,,,,,,,,,,,,,,,0xFF01EC,1.0,10,1,3,
179,0,"Дорогоцінний обруч",,,,,,,,"Дорогоцінний обруч",,,,,,,,0xFF01FE,,,,,,,,,,,,,,,,,0xFF01EC,1.0,10,1,4,
180,0,"Густе волосся",,,,,,,,"Густе волосся",,,,,,,,0xFF01FE,,,,,,,,,,,,,,,,,0xFF01EC,1.0,10,1,5,
181,0,"Підібране волосся",,,,,,,,"Підібране волосся",,,,,,,,0xFF01FE,,,,,,,,,,,,,,,,,0xFF01EC,1.0,10,1,6,
182,0,"Вузол",,,,,,,,"Вузол",,,,,,,,0xFF01FE,,,,,,,,,,,,,,,,,0xFF01EC,1.0,10,1,7,
183,0,"Вкорочена зачіска",,,,,,,,"Вкорочена зачіска",,,,,,,,0xFF01FE,,,,,,,,,,,,,,,,,0xFF01EC,1.0,10,1,8,
184,0,"Звичайна",,,,,,,,"Звичайна",,,,,,,,0xFF01FE,,,,,,,,,,,,,,,,,0xFF01EC,1.0,10,1,9,
185,0,"Скромниця",,,,,,,,"Скромниця",,,,,,,,0xFF01FE,,,,,,,,,,,,,,,,,0xFF01EC,1.0,10,1,10,
186,0,"Ракель",,,,,,,,"Ракель",,,,,,,,0xFF01FE,,,,,,,,,,,,,,,,,0xFF01EC,1.0,10,1,11,
187,0,"Завите",,,,,,,,"Завите",,,,,,,,0xFF01FE,,,,,,,,,,,,,,,,,0xFF01EC,1.0,10,1,12,
188,0,"Обруч",,,,,,,,"Обруч",,,,,,,,0xFF01FE,,,,,,,,,,,,,,,,,0xFF01EC,1.0,10,1,13,
200,2,"Рубіни",,,,,,,,"Рубіни",,,,,,,,0xFF01FE,,,,,,,,,,,,,,,,,0xFF01EC,0.75,10,1,1,
201,2,"Кільця",,,,,,,,"Кільця",,,,,,,,0xFF01FE,,,,,,,,,,,,,,,,,0xFF01EC,0.75,10,1,2,
202,2,"Сережки",,,,,,,,"Сережки",,,,,,,,0xFF01FE,,,,,,,,,,,,,,,,,0xFF01EC,0.75,10,1,3,
203,2,"Смарагдові підвіски",,,,,,,,"Смарагдові підвіски",,,,,,,,0xFF01FE,,,,,,,,,,,,,,,,,0xFF01EC,0.75,10,1,4,
204,2,"Смарагди та китиці",,,,,,,,"Смарагди та китиці",,,,,,,,0xFF01FE,,,,,,,,,,,,,,,,,0xFF01EC,0.75,10,1,5,
205,2,"Верхні сережки",,,,,,,,"Верхні сережки",,,,,,,,0xFF01FE,,,,,,,,,,,,,,,,,0xFF01EC,0.75,10,1,6,
206,2,"Перли",,,,,,,,"Перли",,,,,,,,0xFF01FE,,,,,,,,,,,,,,,,,0xFF01EC,0.75,10,1,7,
207,2,"Рубінові підвіски",,,,,,,,"Рубінові підвіски",,,,,,,,0xFF01FE,,,,,,,,,,,,,,,,,0xFF01EC,0.75,10,1,8,
208,2,"Смарагди та перли",,,,,,,,"Смарагди та перли",,,,,,,,0xFF01FE,,,,,,,,,,,,,,,,,0xFF01EC,0.75,10,1,9,
209,2,"Рубіни та діаманти",,,,,,,,"Рубіни та діаманти",,,,,,,,0xFF01FE,,,,,,,,,,,,,,,,,0xFF01EC,0.75,10,1,10,
245,0,"Зухвалий хвіст",,,,,,,,"Зухвалий хвіст",,,,,,,,0xFF01FE,,,,,,,,,,,,,,,,,0xFF01EC,1.0,10,0,0,
246,0,"Мітла",,,,,,,,"Мітла",,,,,,,,0xFF01FE,,,,,,,,,,,,,,,,,0xFF01EC,1.0,10,0,1,
247,0,"Сокіл",,,,,,,,"Сокіл",,,,,,,,0xFF01FE,,,,,,,,,,,,,,,,,0xFF01EC,1.0,10,0,2,
248,0,"Лисий хвіст",,,,,,,,"Лисий хвіст",,,,,,,,0xFF01FE,,,,,,,,,,,,,,,,,0xFF01EC,1.0,10,0,3,
249,0,"Подовжена зачіска",,,,,,,,"Подовжена зачіска",,,,,,,,0xFF01FE,,,,,,,,,,,,,,,,,0xFF01EC,1.0,10,0,4,
250,0,"Колоски",,,,,,,,"Колоски",,,,,,,,0xFF01FE,,,,,,,,,,,,,,,,,0xFF01EC,1.0,10,0,5,
251,0,"Начесаний чубчик",,,,,,,,"Начесаний чубчик",,,,,,,,0xFF01FE,,,,,,,,,,,,,,,,,0xFF01EC,1.0,10,0,6,
252,0,"Розпатлані пір'я",,,,,,,,"Розпатлані пір'я",,,,,,,,0xFF01FE,,,,,,,,,,,,,,,,,0xFF01EC,1.0,10,0,7,
253,0,"Мокре волосся",,,,,,,,"Мокре волосся",,,,,,,,0xFF01FE,,,,,,,,,,,,,,,,,0xFF01EC,1.0,10,0,8,
254,0,"Пов'язка",,,,,,,,"Пов'язка",,,,,,,,0xFF01FE,,,,,,,,,,,,,,,,,0xFF01EC,1.0,10,0,9,
255,0,"Високий хвіст",,,,,,,,"Високий хвіст",,,,,,,,0xFF01FE,,,,,,,,,,,,,,,,,0xFF01EC,1.0,10,0,10,
266,2,"Чисто виголений",,,,,,,,"Чисто виголений",,,,,,,,0xFF01FE,,,,,,,,,,,,,,,,,0xFF01EC,0.75,10,0,0,
267,2,"Гостра борідка",,,,,,,,"Гостра борідка",,,,,,,,0xFF01FE,,,,,,,,,,,,,,,,,0xFF01EC,0.75,10,0,1,
268,2,"Еспаньйолка",,,,,,,,"Еспаньйолка",,,,,,,,0xFF01FE,,,,,,,,,,,,,,,,,0xFF01EC,0.75,10,0,2,
269,2,"Тонка борідка",,,,,,,,"Тонка борідка",,,,,,,,0xFF01FE,,,,,,,,,,,,,,,,,0xFF01EC,0.75,10,0,3,
270,2,"Акуратна борідка",,,,,,,,"Акуратна борідка",,,,,,,,0xFF01FE,,,,,,,,,,,,,,,,,0xFF01EC,0.75,10,0,4,
271,2,"Гладке підборіддя",,,,,,,,"Гладке підборіддя",,,,,,,,0xFF01FE,,,,,,,,,,,,,,,,,0xFF01EC,0.75,10,0,5,
272,2,"Полоска",,,,,,,,"Полоска",,,,,,,,0xFF01FE,,,,,,,,,,,,,,,,,0xFF01EC,0.75,10,0,6,
273,2,"Борідка клином",,,,,,,,"Борідка клином",,,,,,,,0xFF01FE,,,,,,,,,,,,,,,,,0xFF01EC,0.75,10,0,7,
274,2,"Козлина борідка",,,,,,,,"Козлина борідка",,,,,,,,0xFF01FE,,,,,,,,,,,,,,,,,0xFF01EC,0.75,10,0,8,
275,2,"Стильна борідка",,,,,,,,"Стильна борідка",,,,,,,,0xFF01FE,,,,,,,,,,,,,,,,,0xFF01EC,0.75,10,0,9,
307,0,"Грива",,,,,,,,"Грива",,,,,,,,0xFF01FE,,,,,,,,,,,,,,,,,0xFF01EC,1.0,4,0,0,
308,0,"Короткі самурайські косички",,,,,,,,"Короткі самурайські косички",,,,,,,,0xFF01FE,,,,,,,,,,,,,,,,,0xFF01EC,1.0,4,0,1,
309,0,"Довге волосся",,,,,,,,"Довге волосся",,,,,,,,0xFF01FE,,,,,,,,,,,,,,,,,0xFF01EC,1.0,4,0,2,
310,0,"Хвіст",,,,,,,,"Хвіст",,,,,,,,0xFF01FE,,,,,,,,,,,,,,,,,0xFF01EC,1.0,4,0,3,
311,0,"Самурайський хвіст",,,,,,,,"Самурайський хвіст",,,,,,,,0xFF01FE,,,,,,,,,,,,,,,,,0xFF01EC,1.0,4,0,4,
312,0,"Короткий хвіст",,,,,,,,"Короткий хвіст",,,,,,,,0xFF01FE,,,,,,,,,,,,,,,,,0xFF01EC,1.0,4,0,5,
313,0,"Розпатланий",,,,,,,,"Розпатланий",,,,,,,,0xFF01FE,,,,,,,,,,,,,,,,,0xFF01EC,1.0,4,0,6,
322,2,"Чисто виголений",,,,,,,,"Чисто виголений",,,,,,,,0xFF01FE,,,,,,,,,,,,,,,,,0xFF01EC,0.75,4,0,0,
323,2,"Акуратна борода",,,,,,,,"Акуратна борода",,,,,,,,0xFF01FE,,,,,,,,,,,,,,,,,0xFF01EC,0.75,4,0,1,
324,2,"Бородач",,,,,,,,"Бородач",,,,,,,,0xFF01FE,,,,,,,,,,,,,,,,,0xFF01EC,0.75,4,0,2,
325,2,"Вусач",,,,,,,,"Вусач",,,,,,,,0xFF01FE,,,,,,,,,,,,,,,,,0xFF01EC,0.75,4,0,3,
326,2,"Бакени",,,,,,,,"Бакени",,,,,,,,0xFF01FE,,,,,,,,,,,,,,,,,0xFF01EC,0.75,4,0,4,
327,2,"Козлина борідка",,,,,,,,"Козлина борідка",,,,,,,,0xFF01FE,,,,,,,,,,,,,,,,,0xFF01EC,0.75,4,0,5,
349,0,"Лисий",,,,,,,,"Лисий",,,,,,,,0xFF01FE,,,,,,,,,,,,,,,,,0xFF01EC,1.0,3,0,0,
350,0,"Довге волосся",,,,,,,,"Довге волосся",,,,,,,,0xFF01FE,,,,,,,,,,,,,,,,,0xFF01EC,1.0,3,0,1,
351,0,"Хвіст",,,,,,,,"Хвіст",,,,,,,,0xFF01FE,,,,,,,,,,,,,,,,,0xFF01EC,1.0,3,0,2,
352,0,"Коротка стрижка",,,,,,,,"Коротка стрижка",,,,,,,,0xFF01FE,,,,,,,,,,,,,,,,,0xFF01EC,1.0,3,0,3,
353,0,"Хвіст на маківці",,,,,,,,"Хвіст на маківці",,,,,,,,0xFF01FE,,,,,,,,,,,,,,,,,0xFF01EC,1.0,3,0,4,
354,0,"Короткий хвіст",,,,,,,,"Короткий хвіст",,,,,,,,0xFF01FE,,,,,,,,,,,,,,,,,0xFF01EC,1.0,3,0,5,
355,0,"Мітла",,,,,,,,"Мітла",,,,,,,,0xFF01FE,,,,,,,,,,,,,,,,,0xFF01EC,1.0,3,0,6,
356,0,"Лисина",,,,,,,,"Лисина",,,,,,,,0xFF01FE,,,,,,,,,,,,,,,,,0xFF01EC,1.0,3,0,7,
357,0,"Самурайський вузол",,,,,,,,"Самурайський вузол",,,,,,,,0xFF01FE,,,,,,,,,,,,,,,,,0xFF01EC,1.0,3,0,8,
358,0,"Коса",,,,,,,,"Коса",,,,,,,,0xFF01FE,,,,,,,,,,,,,,,,,0xFF01EC,1.0,3,0,9,
359,0,"Коротка коса",,,,,,,,"Коротка коса",,,,,,,,0xFF01FE,,,,,,,,,,,,,,,,,0xFF01EC,1.0,3,0,10,
370,2,"Окладиста  борода",,,,,,,,"Окладиста  борода",,,,,,,,0xFF01FE,,,,,,,,,,,,,,,,,0xFF01EC,0.75,3,0,0,
371,2,"Двобородий",,,,,,,,"Двобородий",,,,,,,,0xFF01FE,,,,,,,,,,,,,,,,,0xFF01EC,0.75,3,0,1,
372,2,"Вкладена борода",,,,,,,,"Вкладена борода",,,,,,,,0xFF01FE,,,,,,,,,,,,,,,,,0xFF01EC,0.75,3,0,2,
373,2,"Коротка борода",,,,,,,,"Коротка борода",,,,,,,,0xFF01FE,,,,,,,,,,,,,,,,,0xFF01EC,0.75,3,0,3,
374,2,"Пишні вуса",,,,,,,,"Пишні вуса",,,,,,,,0xFF01FE,,,,,,,,,,,,,,,,,0xFF01EC,0.75,3,0,4,
375,2,"Косички з вусів",,,,,,,,"Косички з вусів",,,,,,,,0xFF01FE,,,,,,,,,,,,,,,,,0xFF01EC,0.75,3,0,5,
376,2,"Моднява борода",,,,,,,,"Моднява борода",,,,,,,,0xFF01FE,,,,,,,,,,,,,,,,,0xFF01EC,0.75,3,0,6,
377,2,"Загострена до низу борода",,,,,,,,"Загострена до низу борода",,,,,,,,0xFF01FE,,,,,,,,,,,,,,,,,0xFF01EC,0.75,3,0,7,
378,2,"Заплетена в косу борода",,,,,,,,"Заплетена в косу борода",,,,,,,,0xFF01FE,,,,,,,,,,,,,,,,,0xFF01EC,0.75,3,0,8,
379,2,"Накладная борода",,,,,,,,"Накладная борода",,,,,,,,0xFF01FE,,,,,,,,,,,,,,,,,0xFF01EC,0.75,3,0,9,
380,2,"Похмурий бородач",,,,,,,,"Похмурий бородач",,,,,,,,0xFF01FE,,,,,,,,,,,,,,,,,0xFF01EC,0.75,3,0,10,
413,0,"Високий хвіст",,,,,,,,"Високий хвіст",,,,,,,,0xFF01FE,,,,,,,,,,,,,,,,,0xFF01EC,1.0,2,1,0,
414,0,"Хвіст",,,,,,,,"Хвіст",,,,,,,,0xFF01FE,,,,,,,,,,,,,,,,,0xFF01EC,1.0,2,1,1,
415,0,"Гребінь",,,,,,,,"Гребінь",,,,,,,,0xFF01FE,,,,,,,,,,,,,,,,,0xFF01EC,1.0,2,1,2,
416,0,"Китиці",,,,,,,,"Китиці",,,,,,,,0xFF01FE,,,,,,,,,,,,,,,,,0xFF01EC,1.0,2,1,3,
417,0,"Кабанячі хвостики",,,,,,,,"Кабанячі хвостики",,,,,,,,0xFF01FE,,,,,,,,,,,,,,,,,0xFF01EC,1.0,2,1,4,
418,0,"Рожки",,,,,,,,"Рожки",,,,,,,,0xFF01FE,,,,,,,,,,,,,,,,,0xFF01EC,1.0,2,1,5,
419,0,"Грива",,,,,,,,"Грива",,,,,,,,0xFF01FE,,,,,,,,,,,,,,,,,0xFF01EC,1.0,2,1,6,
420,0,"Вибрита",,,,,,,,"Вибрита",,,,,,,,0xFF01FE,,,,,,,,,,,,,,,,,0xFF01EC,1.0,2,1,7,
429,2,"Без сережок",,,,,,,,"Без сережок",,,,,,,,0xFF01FE,,,,,,,,,,,,,,,,,0xFF01EC,0.75,2,1,0,
430,2,"Сережки",,,,,,,,"Сережки",,,,,,,,0xFF01FE,,,,,,,,,,,,,,,,,0xFF01EC,0.75,2,1,1,
431,2,"Верхні сережки",,,,,,,,"Верхні сережки",,,,,,,,0xFF01FE,,,,,,,,,,,,,,,,,0xFF01EC,0.75,2,1,2,
432,2,"Кільце в носі",,,,,,,,"Кільце в носі",,,,,,,,0xFF01FE,,,,,,,,,,,,,,,,,0xFF01EC,0.75,2,1,3,
433,2,"Кільце в носі і сережки",,,,,,,,"Кільце в носі і сережки",,,,,,,,0xFF01FE,,,,,,,,,,,,,,,,,0xFF01EC,0.75,2,1,4,
434,2,"Кільце в носі і верхние сережки",,,,,,,,"Кільце в носі і верхние сережки",,,,,,,,0xFF01FE,,,,,,,,,,,,,,,,,0xFF01EC,0.75,2,1,5,
435,2,"Набір сережок",,,,,,,,"Набір сережок",,,,,,,,0xFF01FE,,,,,,,,,,,,,,,,,0xFF01EC,0.75,2,1,6,
459,0,"Дві коси",,,,,,,,"Дві коси",,,,,,,,0xFF01FE,,,,,,,,,,,,,,,,,0xFF01EC,1.0,3,1,0,
460,0,"Калачики",,,,,,,,"Калачики",,,,,,,,0xFF01FE,,,,,,,,,,,,,,,,,0xFF01EC,1.0,3,1,1,
461,0,"Коса з бубликом",,,,,,,,"Коса з бубликом",,,,,,,,0xFF01FE,,,,,,,,,,,,,,,,,0xFF01EC,1.0,3,1,2,
462,0,"Кабанячі хвостики",,,,,,,,"Кабанячі хвостики",,,,,,,,0xFF01FE,,,,,,,,,,,,,,,,,0xFF01EC,1.0,3,1,3,
463,0,"Вкладена коса",,,,,,,,"Вкладена коса",,,,,,,,0xFF01FE,,,,,,,,,,,,,,,,,0xFF01EC,1.0,3,1,4,
464,0,"Кренделики",,,,,,,,"Кренделики",,,,,,,,0xFF01FE,,,,,,,,,,,,,,,,,0xFF01EC,1.0,3,1,5,
465,0,"Підібране волосся",,,,,,,,"Підібране волосся",,,,,,,,0xFF01FE,,,,,,,,,,,,,,,,,0xFF01EC,1.0,3,1,6,
466,0,"Коротка стрижка",,,,,,,,"Коротка стрижка",,,,,,,,0xFF01FE,,,,,,,,,,,,,,,,,0xFF01EC,1.0,3,1,7,
467,0,"З проділом",,,,,,,,"З проділом",,,,,,,,0xFF01FE,,,,,,,,,,,,,,,,,0xFF01EC,1.0,3,1,8,
468,0,"Короткі косички",,,,,,,,"Короткі косички",,,,,,,,0xFF01FE,,,,,,,,,,,,,,,,,0xFF01EC,1.0,3,1,9,
469,0,"Боб",,,,,,,,"Боб",,,,,,,,0xFF01FE,,,,,,,,,,,,,,,,,0xFF01EC,1.0,3,1,10,
470,0,"Модельная стрижка",,,,,,,,"Модельная стрижка",,,,,,,,0xFF01FE,,,,,,,,,,,,,,,,,0xFF01EC,1.0,3,1,11,
471,0,"Чубчик та косички",,,,,,,,"Чубчик та косички",,,,,,,,0xFF01FE,,,,,,,,,,,,,,,,,0xFF01EC,1.0,3,1,12,
472,0,"Підібране волосся",,,,,,,,"Підібране волосся",,,,,,,,0xFF01FE,,,,,,,,,,,,,,,,,0xFF01EC,1.0,3,1,13,
483,2,"Без пірсингу",,,,,,,,"Без пірсингу",,,,,,,,0xFF01FE,,,,,,,,,,,,,,,,,0xFF01EC,0.75,3,1,0,
484,2,"Сережки",,,,,,,,"Сережки",,,,,,,,0xFF01FE,,,,,,,,,,,,,,,,,0xFF01EC,0.75,3,1,1,
485,2,"Верхня сережка",,,,,,,,"Верхня сережка",,,,,,,,0xFF01FE,,,,,,,,,,,,,,,,,0xFF01EC,0.75,3,1,2,
486,2,"Подвійні сережки",,,,,,,,"Подвійні сережки",,,,,,,,0xFF01FE,,,,,,,,,,,,,,,,,0xFF01EC,0.75,3,1,3,
487,2,"Кільце в носі",,,,,,,,"Кільце в носі",,,,,,,,0xFF01FE,,,,,,,,,,,,,,,,,0xFF01EC,0.75,3,1,4,
488,2,"Маленькі сережки",,,,,,,,"Маленькі сережки",,,,,,,,0xFF01FE,,,,,,,,,,,,,,,,,0xFF01EC,0.75,3,1,5,
519,0,"Башточка",,,,,,,,"Башточка",,,,,,,,0xFF01FE,,,,,,,,,,,,,,,,,0xFF01EC,1.0,7,1,0,
520,0,"Колоски",,,,,,,,"Колоски",,,,,,,,0xFF01FE,,,,,,,,,,,,,,,,,0xFF01EC,1.0,7,1,1,
521,0,"Кабанячі хвостики",,,,,,,,"Кабанячі хвостики",,,,,,,,0xFF01FE,,,,,,,,,,,,,,,,,0xFF01EC,1.0,7,1,2,
522,0,"Пустотливий чубчик",,,,,,,,"Пустотливий чубчик",,,,,,,,0xFF01FE,,,,,,,,,,,,,,,,,0xFF01EC,1.0,7,1,3,
523,0,"Мокре волосся",,,,,,,,"Мокре волосся",,,,,,,,0xFF01FE,,,,,,,,,,,,,,,,,0xFF01EC,1.0,7,1,4,
524,0,"Кренделики",,,,,,,,"Кренделики",,,,,,,,0xFF01FE,,,,,,,,,,,,,,,,,0xFF01EC,1.0,7,1,5,
525,0,"Боб",,,,,,,,"Боб",,,,,,,,0xFF01FE,,,,,,,,,,,,,,,,,0xFF01EC,1.0,7,1,6,
535,2,"Без сережок",,,,,,,,"Без сережок",,,,,,,,0xFF01FE,,,,,,,,,,,,,,,,,0xFF01EC,0.75,7,1,0,
536,2,"Сережки",,,,,,,,"Сережки",,,,,,,,0xFF01FE,,,,,,,,,,,,,,,,,0xFF01EC,0.75,7,1,1,
537,2,"Маленькі сережки",,,,,,,,"Маленькі сережки",,,,,,,,0xFF01FE,,,,,,,,,,,,,,,,,0xFF01EC,0.75,7,1,2,
538,2,"Верхні сережки",,,,,,,,"Верхні сережки",,,,,,,,0xFF01FE,,,,,,,,,,,,,,,,,0xFF01EC,0.75,7,1,3,
539,2,"Дві пари сережок",,,,,,,,"Дві пари сережок",,,,,,,,0xFF01FE,,,,,,,,,,,,,,,,,0xFF01EC,0.75,7,1,4,
540,2,"Сережка ліворуч",,,,,,,,"Сережка ліворуч",,,,,,,,0xFF01FE,,,,,,,,,,,,,,,,,0xFF01EC,0.75,7,1,5,
541,2,"Сережка праворуч",,,,,,,,"Сережка праворуч",,,,,,,,0xFF01FE,,,,,,,,,,,,,,,,,0xFF01EC,0.75,7,1,6,
565,0,"Лисий",,,,,,,,"Лисий",,,,,,,,0xFF01FE,,,,,,,,,,,,,,,,,0xFF01EC,1.0,7,0,0,
566,0,"Крила",,,,,,,,"Крила",,,,,,,,0xFF01FE,,,,,,,,,,,,,,,,,0xFF01EC,1.0,7,0,1,
567,0,"Вкладене волосся",,,,,,,,"Вкладене волосся",,,,,,,,0xFF01FE,,,,,,,,,,,,,,,,,0xFF01EC,1.0,7,0,2,
568,0,"Як корова язиком…",,,,,,,,"Як корова язиком…",,,,,,,,0xFF01FE,,,,,,,,,,,,,,,,,0xFF01EC,1.0,7,0,3,
569,0,"Моднява зачіска",,,,,,,,"Моднява зачіска",,,,,,,,0xFF01FE,,,,,,,,,,,,,,,,,0xFF01EC,1.0,7,0,4,
570,0,"Лисина",,,,,,,,"Лисина",,,,,,,,0xFF01FE,,,,,,,,,,,,,,,,,0xFF01EC,1.0,7,0,5,
571,0,"Зачіс",,,,,,,,"Зачіс",,,,,,,,0xFF01FE,,,,,,,,,,,,,,,,,0xFF01EC,1.0,7,0,6,
581,2,"Чисто виголений",,,,,,,,"Чисто виголений",,,,,,,,0xFF01FE,,,,,,,,,,,,,,,,,0xFF01EC,0.75,7,0,0,
582,2,"Козлина борідка",,,,,,,,"Козлина борідка",,,,,,,,0xFF01FE,,,,,,,,,,,,,,,,,0xFF01EC,0.75,7,0,1,
583,2,"Бакенбарди",,,,,,,,"Бакенбарди",,,,,,,,0xFF01FE,,,,,,,,,,,,,,,,,0xFF01EC,0.75,7,0,2,
584,2,"Намащені вуса",,,,,,,,"Намащені вуса",,,,,,,,0xFF01FE,,,,,,,,,,,,,,,,,0xFF01EC,0.75,7,0,3,
585,2,"Бородач",,,,,,,,"Бородач",,,,,,,,0xFF01FE,,,,,,,,,,,,,,,,,0xFF01EC,0.75,7,0,4,
586,2,"Підкручені вуса",,,,,,,,"Підкручені вуса",,,,,,,,0xFF01FE,,,,,,,,,,,,,,,,,0xFF01EC,0.75,7,0,5,
587,2,"Модні вуса",,,,,,,,"Модні вуса",,,,,,,,0xFF01FE,,,,,,,,,,,,,,,,,0xFF01EC,0.75,7,0,6,
588,2,"Вусач",,,,,,,,"Вусач",,,,,,,,0xFF01FE,,,,,,,,,,,,,,,,,0xFF01EC,0.75,7,0,7,
613,0,"Лисий",,,,,,,,"Лисий",,,,,,,,0xFF01FE,,,,,,,,,,,,,,,,,0xFF01EC,1.0,5,0,0,
614,0,"Ірокез",,,,,,,,"Ірокез",,,,,,,,0xFF01FE,,,,,,,,,,,,,,,,,0xFF01EC,1.0,5,0,1,
615,0,"Кошлатий",,,,,,,,"Кошлатий",,,,,,,,0xFF01FE,,,,,,,,,,,,,,,,,0xFF01EC,1.0,5,0,2,
616,0,"Клапті волосся",,,,,,,,"Клапті волосся",,,,,,,,0xFF01FE,,,,,,,,,,,,,,,,,0xFF01EC,1.0,5,0,3,
617,0,"Колоски",,,,,,,,"Колоски",,,,,,,,0xFF01FE,,,,,,,,,,,,,,,,,0xFF01EC,1.0,5,0,4,
618,0,"Дикун",,,,,,,,"Дикун",,,,,,,,0xFF01FE,,,,,,,,,,,,,,,,,0xFF01EC,1.0,5,0,5,
619,0,"Вчений",,,,,,,,"Вчений",,,,,,,,0xFF01FE,,,,,,,,,,,,,,,,,0xFF01EC,1.0,5,0,6,
620,0,"Густе волосся",,,,,,,,"Густе волосся",,,,,,,,0xFF01FE,,,,,,,,,,,,,,,,,0xFF01EC,1.0,5,0,7,
621,0,"Хвіст на маківці",,,,,,,,"Хвіст на маківці",,,,,,,,0xFF01FE,,,,,,,,,,,,,,,,,0xFF01EC,1.0,5,0,8,
622,0,"Довге волосся",,,,,,,,"Довге волосся",,,,,,,,0xFF01FE,,,,,,,,,,,,,,,,,0xFF01EC,1.0,5,0,9,
633,2,"Нечіпана",,,,,,,,"Нечіпана",,,,,,,,0xFF01FE,,,,,,,,,,,,,,,,,0xFF01EC,0.75,5,0,0,
634,2,"Гнилий поцілунок",,,,,,,,"Гнилий поцілунок",,,,,,,,0xFF01FE,,,,,,,,,,,,,,,,,0xFF01EC,0.75,5,0,1,
635,2,"В ременях",,,,,,,,"В ременях",,,,,,,,0xFF01FE,,,,,,,,,,,,,,,,,0xFF01EC,0.75,5,0,2,
636,2,"Слюнтяй в ременях",,,,,,,,"Слюнтяй в ременях",,,,,,,,0xFF01FE,,,,,,,,,,,,,,,,,0xFF01EC,0.75,5,0,3,
637,2,"Балакун в ременях",,,,,,,,"Балакун в ременях",,,,,,,,0xFF01FE,,,,,,,,,,,,,,,,,0xFF01EC,0.75,5,0,4,
638,2,"Гниючий",,,,,,,,"Гниючий",,,,,,,,0xFF01FE,,,,,,,,,,,,,,,,,0xFF01EC,0.75,5,0,5,
639,2,"Протухлий слюнтяй",,,,,,,,"Протухлий слюнтяй",,,,,,,,0xFF01FE,,,,,,,,,,,,,,,,,0xFF01EC,0.75,5,0,6,
640,2,"Протухлий балакун",,,,,,,,"Протухлий балакун",,,,,,,,0xFF01FE,,,,,,,,,,,,,,,,,0xFF01EC,0.75,5,0,7,
641,2,"Кістлява челюсть",,,,,,,,"Кістлява челюсть",,,,,,,,0xFF01FE,,,,,,,,,,,,,,,,,0xFF01EC,0.75,5,0,8,
642,2,"Закістенілий",,,,,,,,"Закістенілий",,,,,,,,0xFF01FE,,,,,,,,,,,,,,,,,0xFF01EC,0.75,5,0,9,
643,2,"Зубастик",,,,,,,,"Зубастик",,,,,,,,0xFF01FE,,,,,,,,,,,,,,,,,0xFF01EC,0.75,5,0,10,
644,2,"Зубатий слюнтяй",,,,,,,,"Зубатий слюнтяй",,,,,,,,0xFF01FE,,,,,,,,,,,,,,,,,0xFF01EC,0.75,5,0,11,
645,2,"Проноза",,,,,,,,"Проноза",,,,,,,,0xFF01FE,,,,,,,,,,,,,,,,,0xFF01EC,0.75,5,0,12,
646,2,"Пролазливий слюнтяй",,,,,,,,"Пролазливий слюнтяй",,,,,,,,0xFF01FE,,,,,,,,,,,,,,,,,0xFF01EC,0.75,5,0,13,
647,2,"В виразках",,,,,,,,"В виразках",,,,,,,,0xFF01FE,,,,,,,,,,,,,,,,,0xFF01EC,0.75,5,0,14,
648,2,"Слюнтяй в виразках",,,,,,,,"Слюнтяй в виразках",,,,,,,,0xFF01FE,,,,,,,,,,,,,,,,,0xFF01EC,0.75,5,0,15,
649,2,"Чумовий балакун",,,,,,,,"Чумовий балакун",,,,,,,,0xFF01FE,,,,,,,,,,,,,,,,,0xFF01EC,0.75,5,0,16,
687,0,"Дикарка",,,,,,,,"Дикарка",,,,,,,,0xFF01FE,,,,,,,,,,,,,,,,,0xFF01EC,1.0,5,1,0,
688,0,"Недбала зачіска",,,,,,,,"Недбала зачіска",,,,,,,,0xFF01FE,,,,,,,,,,,,,,,,,0xFF01EC,1.0,5,1,1,
689,0,"Розпущене волосся",,,,,,,,"Розпущене волосся",,,,,,,,0xFF01FE,,,,,,,,,,,,,,,,,0xFF01EC,1.0,5,1,2,
690,0,"Розпатланий",,,,,,,,"Розпатланий",,,,,,,,0xFF01FE,,,,,,,,,,,,,,,,,0xFF01EC,1.0,5,1,3,
691,0,"Довге волосся",,,,,,,,"Довге волосся",,,,,,,,0xFF01FE,,,,,,,,,,,,,,,,,0xFF01EC,1.0,5,1,4,
692,0,"Невістка",,,,,,,,"Невістка",,,,,,,,0xFF01FE,,,,,,,,,,,,,,,,,0xFF01EC,1.0,5,1,5,
693,0,"Пустунка",,,,,,,,"Пустунка",,,,,,,,0xFF01FE,,,,,,,,,,,,,,,,,0xFF01EC,1.0,5,1,6,
694,0,"Моднява зачіска",,,,,,,,"Моднява зачіска",,,,,,,,0xFF01FE,,,,,,,,,,,,,,,,,0xFF01EC,1.0,5,1,7,
695,0,"Боб",,,,,,,,"Боб",,,,,,,,0xFF01FE,,,,,,,,,,,,,,,,,0xFF01EC,1.0,5,1,8,
696,0,"Мокре волосся",,,,,,,,"Мокре волосся",,,,,,,,0xFF01FE,,,,,,,,,,,,,,,,,0xFF01EC,1.0,5,1,9,
707,2,"Нечіпана",,,,,,,,"Нечіпана",,,,,,,,0xFF01FE,,,,,,,,,,,,,,,,,0xFF01EC,0.75,5,1,0,
708,2,"Протермінована",,,,,,,,"Протермінована",,,,,,,,0xFF01FE,,,,,,,,,,,,,,,,,0xFF01EC,0.75,5,1,1,
709,2,"В ременях",,,,,,,,"В ременях",,,,,,,,0xFF01FE,,,,,,,,,,,,,,,,,0xFF01EC,0.75,5,1,2,
710,2,"Гниюча",,,,,,,,"Гниюча",,,,,,,,0xFF01FE,,,,,,,,,,,,,,,,,0xFF01EC,0.75,5,1,3,
711,2,"Кістлява челюсть",,,,,,,,"Кістлява челюсть",,,,,,,,0xFF01FE,,,,,,,,,,,,,,,,,0xFF01EC,0.75,5,1,4,
712,2,"Зубата",,,,,,,,"Зубата",,,,,,,,0xFF01FE,,,,,,,,,,,,,,,,,0xFF01EC,0.75,5,1,5,
713,2,"Проноза",,,,,,,,"Проноза",,,,,,,,0xFF01FE,,,,,,,,,,,,,,,,,0xFF01EC,0.75,5,1,6,
714,2,"В виразках",,,,,,,,"В виразках",,,,,,,,0xFF01FE,,,,,,,,,,,,,,,,,0xFF01EC,0.75,5,1,7,
743,0,"Чемпіонські",,,,,,,,"Чемпіонські",,,,,,,,0xFF01FE,,,,,,,,,,,,,,,,,0xFF01EC,1.0,6,0,0,
744,0,"Бик",,,,,,,,"Бик",,,,,,,,0xFF01FE,,,,,,,,,,,,,,,,,0xFF01EC,1.0,6,0,1,
745,0,"Пробивні",,,,,,,,"Пробивні",,,,,,,,0xFF01FE,,,,,,,,,,,,,,,,,0xFF01EC,1.0,6,0,2,
746,0,"Притуплені",,,,,,,,"Притуплені",,,,,,,,0xFF01FE,,,,,,,,,,,,,,,,,0xFF01EC,1.0,6,0,3,
747,0,"Зламаний ріг",,,,,,,,"Зламаний ріг",,,,,,,,0xFF01FE,,,,,,,,,,,,,,,,,0xFF01EC,1.0,6,0,4,
748,0,"Маленькі",,,,,,,,"Маленькі",,,,,,,,0xFF01FE,,,,,,,,,,,,,,,,,0xFF01EC,1.0,6,0,5,
749,0,"Буфало",,,,,,,,"Буфало",,,,,,,,0xFF01FE,,,,,,,,,,,,,,,,,0xFF01EC,1.0,6,0,6,
750,0,"Криваве святкування",,,,,,,,"Криваве святкування",,,,,,,,0xFF01FE,,,,,,,,,,,,,,,,,0xFF01EC,1.0,6,0,7,
754,2,"Без бороди та вусів",,,,,,,,"Без бороди та вусів",,,,,,,,0xFF01FE,,,,,,,,,,,,,,,,,0xFF01EC,0.75,6,0,0,
755,2,"Три косички",,,,,,,,"Три косички",,,,,,,,0xFF01FE,,,,,,,,,,,,,,,,,0xFF01EC,0.75,6,0,1,
756,2,"Кільце в носі",,,,,,,,"Кільце в носі",,,,,,,,0xFF01FE,,,,,,,,,,,,,,,,,0xFF01EC,0.75,6,0,2,
757,2,"Коса",,,,,,,,"Коса",,,,,,,,0xFF01FE,,,,,,,,,,,,,,,,,0xFF01EC,0.75,6,0,3,
758,2,"Бородач",,,,,,,,"Бородач",,,,,,,,0xFF01FE,,,,,,,,,,,,,,,,,0xFF01EC,0.75,6,0,4,
759,2,"Дві косички",,,,,,,,"Дві косички",,,,,,,,0xFF01FE,,,,,,,,,,,,,,,,,0xFF01EC,0.75,6,0,5,
760,2,"Кільця та косички",,,,,,,,"Кільця та косички",,,,,,,,0xFF01FE,,,,,,,,,,,,,,,,,0xFF01EC,0.75,6,0,6,
779,0,"Лисий",,,,,,,,"Лисий",,,,,,,,0xFF01FE,,,,,,,,,,,,,,,,,0xFF01EC,1.0,2,0,0,
780,0,"Високий хвіст",,,,,,,,"Високий хвіст",,,,,,,,0xFF01FE,,,,,,,,,,,,,,,,,0xFF01EC,1.0,2,0,1,
781,0,"Пучок",,,,,,,,"Пучок",,,,,,,,0xFF01FE,,,,,,,,,,,,,,,,,0xFF01EC,1.0,2,0,2,
782,0,"Гребешок",,,,,,,,"Гребешок",,,,,,,,0xFF01FE,,,,,,,,,,,,,,,,,0xFF01EC,1.0,2,0,3,
783,0,"Довгий самурайский хвіст",,,,,,,,"Довгий самурайский хвіст",,,,,,,,0xFF01FE,,,,,,,,,,,,,,,,,0xFF01EC,1.0,2,0,4,
784,0,"З косами",,,,,,,,"З косами",,,,,,,,0xFF01FE,,,,,,,,,,,,,,,,,0xFF01EC,1.0,2,0,5,
785,0,"Хвіст",,,,,,,,"Хвіст",,,,,,,,0xFF01FE,,,,,,,,,,,,,,,,,0xFF01EC,1.0,2,0,6,
794,2,"Чисто виголений",,,,,,,,"Чисто виголений",,,,,,,,0xFF01FE,,,,,,,,,,,,,,,,,0xFF01EC,0.75,2,0,0,
795,2,"Грубая щетина",,,,,,,,"Грубая щетина",,,,,,,,0xFF01FE,,,,,,,,,,,,,,,,,0xFF01EC,0.75,2,0,1,
796,2,"Доглянута борода",,,,,,,,"Доглянута борода",,,,,,,,0xFF01FE,,,,,,,,,,,,,,,,,0xFF01EC,0.75,2,0,2,
797,2,"Підстрижена борода",,,,,,,,"Підстрижена борода",,,,,,,,0xFF01FE,,,,,,,,,,,,,,,,,0xFF01EC,0.75,2,0,3,
798,2,"Запущена борода",,,,,,,,"Запущена борода",,,,,,,,0xFF01FE,,,,,,,,,,,,,,,,,0xFF01EC,0.75,2,0,4,
799,2,"Товста коса",,,,,,,,"Товста коса",,,,,,,,0xFF01FE,,,,,,,,,,,,,,,,,0xFF01EC,0.75,2,0,5,
800,2,"Дві коси",,,,,,,,"Дві коси",,,,,,,,0xFF01FE,,,,,,,,,,,,,,,,,0xFF01EC,0.75,2,0,6,
801,2,"Коси з бакенів",,,,,,,,"Коси з бакенів",,,,,,,,0xFF01FE,,,,,,,,,,,,,,,,,0xFF01EC,0.75,2,0,7,
802,2,"Тонка коса",,,,,,,,"Тонка коса",,,,,,,,0xFF01FE,,,,,,,,,,,,,,,,,0xFF01EC,0.75,2,0,8,
803,2,"Бакени",,,,,,,,"Бакени",,,,,,,,0xFF01FE,,,,,,,,,,,,,,,,,0xFF01EC,0.75,2,0,9,
804,2,"Розпатлані баки",,,,,,,,"Розпатлані баки",,,,,,,,0xFF01FE,,,,,,,,,,,,,,,,,0xFF01EC,0.75,2,0,10,
831,0,"Гострі",,,,,,,,"Гострі",,,,,,,,0xFF01FE,,,,,,,,,,,,,,,,,0xFF01EC,1.0,6,1,0,
832,0,"Низькі",,,,,,,,"Низькі",,,,,,,,0xFF01FE,,,,,,,,,,,,,,,,,0xFF01EC,1.0,6,1,1,
833,0,"Довгі",,,,,,,,"Довгі",,,,,,,,0xFF01FE,,,,,,,,,,,,,,,,,0xFF01EC,1.0,6,1,2,
834,0,"Загнуті догори",,,,,,,,"Загнуті догори",,,,,,,,0xFF01FE,,,,,,,,,,,,,,,,,0xFF01EC,1.0,6,1,3,
835,0,"Маленькі ріжки",,,,,,,,"Маленькі ріжки",,,,,,,,0xFF01FE,,,,,,,,,,,,,,,,,0xFF01EC,1.0,6,1,4,
836,0,"Розкидані",,,,,,,,"Розкидані",,,,,,,,0xFF01FE,,,,,,,,,,,,,,,,,0xFF01EC,1.0,6,1,5,
837,0,"Буфало",,,,,,,,"Буфало",,,,,,,,0xFF01FE,,,,,,,,,,,,,,,,,0xFF01EC,1.0,6,1,6,
841,2,"Грива",,,,,,,,"Грива",,,,,,,,0xFF01FE,,,,,,,,,,,,,,,,,0xFF01EC,0.75,6,1,0,
842,2,"Косички",,,,,,,,"Косички",,,,,,,,0xFF01FE,,,,,,,,,,,,,,,,,0xFF01EC,0.75,6,1,1,
843,2,"Бублики",,,,,,,,"Бублики",,,,,,,,0xFF01FE,,,,,,,,,,,,,,,,,0xFF01EC,0.75,6,1,2,
844,2,"Хвостики",,,,,,,,"Хвостики",,,,,,,,0xFF01FE,,,,,,,,,,,,,,,,,0xFF01EC,0.75,6,1,3,
845,2,"Китиці",,,,,,,,"Китиці",,,,,,,,0xFF01FE,,,,,,,,,,,,,,,,,0xFF01EC,0.75,6,1,4,
861,0,"Довге волосся",,,,,,,,"Довге волосся",,,,,,,,0xFF01FE,,,,,,,,,,,,,,,,,0xFF01EC,1.0,4,1,0,
862,0,"Вільний хвіст",,,,,,,,"Вільний хвіст",,,,,,,,0xFF01FE,,,,,,,,,,,,,,,,,0xFF01EC,1.0,4,1,1,
863,0,"Коротке волосся",,,,,,,,"Коротке волосся",,,,,,,,0xFF01FE,,,,,,,,,,,,,,,,,0xFF01EC,1.0,4,1,2,
864,0,"Високий хвіст",,,,,,,,"Високий хвіст",,,,,,,,0xFF01FE,,,,,,,,,,,,,,,,,0xFF01EC,1.0,4,1,3,
865,0,"Заплетені хвостики",,,,,,,,"Заплетені хвостики",,,,,,,,0xFF01FE,,,,,,,,,,,,,,,,,0xFF01EC,1.0,4,1,4,
866,0,"Короткий хвостик",,,,,,,,"Короткий хвостик",,,,,,,,0xFF01FE,,,,,,,,,,,,,,,,,0xFF01EC,1.0,4,1,5,
867,0,"Заплетений хвіст",,,,,,,,"Заплетений хвіст",,,,,,,,0xFF01FE,,,,,,,,,,,,,,,,,0xFF01EC,1.0,4,1,6,
876,2,"Ведмедиця",,,,,,,,"Ведмедиця",,,,,,,,0xFF01FE,,,,,,,,,,,,,,,,,0xFF01EC,0.75,4,1,0,
877,2,"Клинки",,,,,,,,"Клинки",,,,,,,,0xFF01FE,,,,,,,,,,,,,,,,,0xFF01EC,0.75,4,1,1,
878,2,"Журавлі",,,,,,,,"Журавлі",,,,,,,,0xFF01FE,,,,,,,,,,,,,,,,,0xFF01EC,0.75,4,1,2,
879,2,"Листя",,,,,,,,"Листя",,,,,,,,0xFF01FE,,,,,,,,,,,,,,,,,0xFF01EC,0.75,4,1,3,
880,2,"Кігті",,,,,,,,"Кігті",,,,,,,,0xFF01FE,,,,,,,,,,,,,,,,,0xFF01EC,0.75,4,1,4,
881,2,"Крила",,,,,,,,"Крила",,,,,,,,0xFF01FE,,,,,,,,,,,,,,,,,0xFF01EC,0.75,4,1,5,
882,2,"Змія",,,,,,,,"Змія",,,,,,,,0xFF01FE,,,,,,,,,,,,,,,,,0xFF01EC,0.75,4,1,6,
883,2,"Сова",,,,,,,,"Сова",,,,,,,,0xFF01FE,,,,,,,,,,,,,,,,,0xFF01EC,0.75,4,1,7,
884,2,"Тінь",,,,,,,,"Тінь",,,,,,,,0xFF01FE,,,,,,,,,,,,,,,,,0xFF01EC,0.75,4,1,8,
885,2,"Без фарбування",,,,,,,,"Без фарбування",,,,,,,,0xFF01FE,,,,,,,,,,,,,,,,,0xFF01EC,0.75,4,1,9,
911,0,"Лисий",,,,,,,,"Лисий",,,,,,,,0xFF01FE,,,,,,,,,,,,,,,,,0xFF01EC,1.0,8,0,0,
912,0,"Лисина",,,,,,,,"Лисина",,,,,,,,0xFF01FE,,,,,,,,,,,,,,,,,0xFF01EC,1.0,8,0,1,
913,0,"Гребінь",,,,,,,,"Гребінь",,,,,,,,0xFF01FE,,,,,,,,,,,,,,,,,0xFF01EC,1.0,8,0,2,
914,0,"Розпатланий",,,,,,,,"Розпатланий",,,,,,,,0xFF01FE,,,,,,,,,,,,,,,,,0xFF01EC,1.0,8,0,3,
915,0,"Стирчаща косичка",,,,,,,,"Стирчаща косичка",,,,,,,,0xFF01FE,,,,,,,,,,,,,,,,,0xFF01EC,1.0,8,0,4,
916,0,"Хвіст",,,,,,,,"Хвіст",,,,,,,,0xFF01FE,,,,,,,,,,,,,,,,,0xFF01EC,1.0,8,0,5,
927,2,"Ікластий",,,,,,,,"Ікластий",,,,,,,,0xFF01FE,,,,,,,,,,,,,,,,,0xFF01EC,0.75,8,0,0,
928,2,"Бивні",,,,,,,,"Бивні",,,,,,,,0xFF01FE,,,,,,,,,,,,,,,,,0xFF01EC,0.75,8,0,1,
929,2,"Мамонт",,,,,,,,"Мамонт",,,,,,,,0xFF01FE,,,,,,,,,,,,,,,,,0xFF01EC,0.75,8,0,2,
930,2,"Перевернуті ікла",,,,,,,,"Перевернуті ікла",,,,,,,,0xFF01FE,,,,,,,,,,,,,,,,,0xFF01EC,0.75,8,0,3,
931,2,"Скоба",,,,,,,,"Скоба",,,,,,,,0xFF01FE,,,,,,,,,,,,,,,,,0xFF01EC,0.75,8,0,4,
932,2,"Кликата маска",,,,,,,,"Кликата маска",,,,,,,,0xFF01FE,,,,,,,,,,,,,,,,,0xFF01EC,0.75,8,0,5,
933,2,"Бойова розмальовка",,,,,,,,"Бойова розмальовка",,,,,,,,0xFF01FE,,,,,,,,,,,,,,,,,0xFF01EC,0.75,8,0,6,
934,2,"Полосатий мамонт",,,,,,,,"Полосатий мамонт",,,,,,,,0xFF01FE,,,,,,,,,,,,,,,,,0xFF01EC,0.75,8,0,7,
935,2,"Розмальовка і перевернуті ікла",,,,,,,,"Розмальовка і перевернуті ікла",,,,,,,,0xFF01FE,,,,,,,,,,,,,,,,,0xFF01EC,0.75,8,0,8,
936,2,"Розмальовка і ікла скобою",,,,,,,,"Розмальовка і ікла скобою",,,,,,,,0xFF01FE,,,,,,,,,,,,,,,,,0xFF01EC,0.75,8,0,9,
937,2,"Плямистий мамонт",,,,,,,,"Плямистий мамонт",,,,,,,,0xFF01FE,,,,,,,,,,,,,,,,,0xFF01EC,0.75,8,0,10,
965,0,"Косички",,,,,,,,"Косички",,,,,,,,0xFF01FE,,,,,,,,,,,,,,,,,0xFF01EC,1.0,8,1,0,
966,0,"Високий хвіст",,,,,,,,"Високий хвіст",,,,,,,,0xFF01FE,,,,,,,,,,,,,,,,,0xFF01EC,1.0,8,1,1,
967,0,"Пригладжені коси",,,,,,,,"Пригладжені коси",,,,,,,,0xFF01FE,,,,,,,,,,,,,,,,,0xFF01EC,1.0,8,1,2,
968,0,"Хвіст на маківці",,,,,,,,"Хвіст на маківці",,,,,,,,0xFF01FE,,,,,,,,,,,,,,,,,0xFF01EC,1.0,8,1,3,
969,0,"Гребінь з косами",,,,,,,,"Гребінь з косами",,,,,,,,0xFF01FE,,,,,,,,,,,,,,,,,0xFF01EC,1.0,8,1,4,
980,2,"Ікла",,,,,,,,"Ікла",,,,,,,,0xFF01FE,,,,,,,,,,,,,,,,,0xFF01EC,0.75,8,1,0,
981,2,"Короткі ікла",,,,,,,,"Короткі ікла",,,,,,,,0xFF01FE,,,,,,,,,,,,,,,,,0xFF01EC,0.75,8,1,1,
982,2,"Прямі ікла",,,,,,,,"Прямі ікла",,,,,,,,0xFF01FE,,,,,,,,,,,,,,,,,0xFF01EC,0.75,8,1,2,
983,2,"Підняті ікла",,,,,,,,"Підняті ікла",,,,,,,,0xFF01FE,,,,,,,,,,,,,,,,,0xFF01EC,0.75,8,1,3,
984,2,"Довгі ікла",,,,,,,,"Довгі ікла",,,,,,,,0xFF01FE,,,,,,,,,,,,,,,,,0xFF01EC,0.75,8,1,4,
985,2,"Оні",,,,,,,,"Оні",,,,,,,,0xFF01FE,,,,,,,,,,,,,,,,,0xFF01EC,0.75,8,1,5,
1012,0,"Принц",,,,,,,,"Принц",,,,,,,,0xFF01FE,,,,,,,,,,,,,,,,,0x39FF97FC,1.0,1,0,12,
1013,0,"Дикун",,,,,,,,"Дикун",,,,,,,,0xFF01FE,,,,,,,,,,,,,,,,,0x39FF97FC,1.0,1,0,13,
1014,0,"Мітла",,,,,,,,"Мітла",,,,,,,,0xFF01FE,,,,,,,,,,,,,,,,,0x39FF97FC,1.0,1,0,14,
1015,0,"Лисий хвіст",,,,,,,,"Лисий хвіст",,,,,,,,0xFF01FE,,,,,,,,,,,,,,,,,0x39FF97FC,1.0,1,0,15,
1016,0,"Прилизаний",,,,,,,,"Прилизаний",,,,,,,,0xFF01FE,,,,,,,,,,,,,,,,,0x39FF97FC,1.0,1,0,16,
1017,0,"Модна",,,,,,,,"Модна",,,,,,,,0xFF01FE,,,,,,,,,,,,,,,,,0x2BFFEDEE,1.0,10,1,14,
1018,0,"Складна",,,,,,,,"Складна",,,,,,,,0xFF01FE,,,,,,,,,,,,,,,,,0x2BFFEDEE,1.0,10,1,15,
1019,0,"Волосся на потилиці",,,,,,,,"Волосся на потилиці",,,,,,,,0xFF01FE,,,,,,,,,,,,,,,,,0x2BFFEDEE,1.0,10,1,16,
1020,0,"Кабанячі хвостики",,,,,,,,"Кабанячі хвостики",,,,,,,,0xFF01FE,,,,,,,,,,,,,,,,,0x2BFFEDEE,1.0,10,1,17,
1021,0,"Строгий чубчик",,,,,,,,"Строгий чубчик",,,,,,,,0xFF01FE,,,,,,,,,,,,,,,,,0x2BFFEDEE,1.0,10,1,18,
1022,2,"Без сережок",,,,,,,,"Без сережок",,,,,,,,0xFF01FE,,,,,,,,,,,,,,,,,0x2BFFEDEE,0.75,10,1,0,
1029,0,"Грива",,,,,,,,"Грива",,,,,,,,0xFF01FE,,,,,,,,,,,,,,,,,0xFF01EC,1.0,10,0,11,
1030,0,"Самурайські косички",,,,,,,,"Самурайські косички",,,,,,,,0xFF01FE,,,,,,,,,,,,,,,,,0x11FFB7FC,1.0,10,0,12,
1031,0,"Хвіст",,,,,,,,"Хвіст",,,,,,,,0xFF01FE,,,,,,,,,,,,,,,,,0x11FFB7FC,1.0,10,0,13,
1032,0,"Розпатланий",,,,,,,,"Розпатланий",,,,,,,,0xFF01FE,,,,,,,,,,,,,,,,,0x11FFB7FC,1.0,10,0,14,
1033,0,"Самурайський хвіст",,,,,,,,"Самурайський хвіст",,,,,,,,0xFF01FE,,,,,,,,,,,,,,,,,0x11FFB7FC,1.0,10,0,15,
1034,0,"Колоски",,,,,,,,"Колоски",,,,,,,,0xFF01FE,,,,,,,,,,,,,,,,,0x11FFB7FC,1.0,11,0,9,
1035,0,"Шипастий",,,,,,,,"Шипастий",,,,,,,,0xFF01FE,,,,,,,,,,,,,,,,,0x11FFB7FC,1.0,11,0,10,
1036,0,"Рогатий лисий хвіст",,,,,,,,"Рогатий лисий хвіст",,,,,,,,0xFF01FE,,,,,,,,,,,,,,,,,0x11FFB7FC,1.0,11,0,11,
1037,0,"Хвіст на маківці",,,,,,,,"Хвіст на маківці",,,,,,,,0xFF01FE,,,,,,,,,,,,,,,,,0x11FFB7FC,1.0,11,0,12,
1038,0,"Емо",,,,,,,,"Емо",,,,,,,,0xFF01FE,,,,,,,,,,,,,,,,,0x11FFB7FC,1.0,11,0,13,
1039,0,"Обруч",,,,,,,,"Обруч",,,,,,,,0xFF01FE,,,,,,,,,,,,,,,,,0x11FFB7FC,1.0,11,1,11,
1040,0,"Високий начіс",,,,,,,,"Високий начіс",,,,,,,,0xFF01FE,,,,,,,,,,,,,,,,,0x11FFB7FC,1.0,11,1,12,
1041,0,"Скромниця",,,,,,,,"Скромниця",,,,,,,,0xFF01FE,,,,,,,,,,,,,,,,,0x11FFB7FC,1.0,11,1,13,
1042,0,"Хвіст на маківці",,,,,,,,"Хвіст на маківці",,,,,,,,0xFF01FE,,,,,,,,,,,,,,,,,0x11FFB7FC,1.0,11,1,14,
1043,0,"Мокре волосся",,,,,,,,"Мокре волосся",,,,,,,,0xFF01FE,,,,,,,,,,,,,,,,,0x11FFB7FC,1.0,11,1,15,
1044,0,"Варвар",,,,,,,,"Варвар",,,,,,,,0xFF01FE,,,,,,,,,,,,,,,,,0x11FFB7FC,1.0,3,0,11,
1045,0,"Солдат",,,,,,,,"Солдат",,,,,,,,0xFF01FE,,,,,,,,,,,,,,,,,0x11FFB7FC,1.0,3,0,12,
1046,0,"Вчений",,,,,,,,"Вчений",,,,,,,,0xFF01FE,,,,,,,,,,,,,,,,,0x11FFB7FC,1.0,3,0,13,
1047,0,"Лавровий венок",,,,,,,,"Лавровий венок",,,,,,,,0xFF01FE,,,,,,,,,,,,,,,,,0x11FFB7FC,1.0,3,0,14,
1048,0,"Знаменитість",,,,,,,,"Знаменитість",,,,,,,,0xFF01FE,,,,,,,,,,,,,,,,,0x11FFB7FC,1.0,3,0,15,
1049,0,"Вузол",,,,,,,,"Вузол",,,,,,,,0xFF01FE,,,,,,,,,,,,,,,,,0x11FFB7FC,1.0,3,1,14,
1050,0,"Кокетлива",,,,,,,,"Кокетлива",,,,,,,,0xFF01FE,,,,,,,,,,,,,,,,,0x11FFB7FC,1.0,3,1,15,
1051,0,"Хвилястий боб",,,,,,,,"Хвилястий боб",,,,,,,,0xFF01FE,,,,,,,,,,,,,,,,,0x11FFB7FC,1.0,3,1,16,
1052,0,"Хвостики-косички",,,,,,,,"Хвостики-косички",,,,,,,,0xFF01FE,,,,,,,,,,,,,,,,,0x11FFB7FC,1.0,3,1,17,
1053,0,"Хвостик-косичка",,,,,,,,"Хвостик-косичка",,,,,,,,0xFF01FE,,,,,,,,,,,,,,,,,0x11FFB7FC,1.0,3,1,18,
1054,0,"Розпатланий",,,,,,,,"Розпатланий",,,,,,,,0xFF01FE,,,,,,,,,,,,,,,,,0x11FFB7FC,1.0,7,0,7,
1055,0,"Кошлатий",,,,,,,,"Кошлатий",,,,,,,,0xFF01FE,,,,,,,,,,,,,,,,,0x11FFB7FC,1.0,7,0,8,
1056,0,"Ірокез",,,,,,,,"Ірокез",,,,,,,,0xFF01FE,,,,,,,,,,,,,,,,,0x11FFB7FC,1.0,7,0,9,
1057,0,"Розпущене волосся",,,,,,,,"Розпущене волосся",,,,,,,,0xFF01FE,,,,,,,,,,,,,,,,,0x11FFB7FC,1.0,7,0,10,
1058,0,"Дикун",,,,,,,,"Дикун",,,,,,,,0xFF01FE,,,,,,,,,,,,,,,,,0x11FFB7FC,1.0,7,0,11,
1059,0,"Коротка стрижка",,,,,,,,"Коротка стрижка",,,,,,,,0xFF01FE,,,,,,,,,,,,,,,,,0x11FFB7FC,1.0,7,1,7,
1060,0,"Милашка",,,,,,,,"Милашка",,,,,,,,0xFF01FE,,,,,,,,,,,,,,,,,0x11FFB7FC,1.0,7,1,8,
1061,0,"Хвіст",,,,,,,,"Хвіст",,,,,,,,0xFF01FE,,,,,,,,,,,,,,,,,0x11FFB7FC,1.0,7,1,9,
1062,0,"Бублики",,,,,,,,"Бублики",,,,,,,,0xFF01FE,,,,,,,,,,,,,,,,,0x11FFB7FC,1.0,7,1,10,
1063,0,"Підібране волосся",,,,,,,,"Підібране волосся",,,,,,,,0xFF01FE,,,,,,,,,,,,,,,,,0x11FFB7FC,1.0,7,1,11,
1064,0,"Пригладжене волосся",,,,,,,,"Пригладжене волосся",,,,,,,,0xFF01FE,,,,,,,,,,,,,,,,,0xD3FF83FE,1.0,1,1,19,
1065,0,"Чудернацька зачіска",,,,,,,,"Чудернацька зачіска",,,,,,,,0xFF01FE,,,,,,,,,,,,,,,,,0xD3FF83FE,1.0,1,1,20,
1066,0,"Завите волосся",,,,,,,,"Завите волосся",,,,,,,,0xFF01FE,,,,,,,,,,,,,,,,,0xD3FF83FE,1.0,1,1,21,
1067,0,"Ракель",,,,,,,,"Ракель",,,,,,,,0xFF01FE,,,,,,,,,,,,,,,,,0xD3FF83FE,1.0,1,1,22,
1068,0,"Звичайна зачіска",,,,,,,,"Звичайна зачіска",,,,,,,,0xFF01FE,,,,,,,,,,,,,,,,,0xD3FF83FE,1.0,1,1,23,
1069,0,"Короткий заплетений хвіст",,,,,,,,"Короткий заплетений хвіст",,,,,,,,0xFF01FE,,,,,,,,,,,,,,,,,0xD3FF83FE,1.0,4,0,7,
1070,0,"Дикун",,,,,,,,"Дикун",,,,,,,,0xFF01FE,,,,,,,,,,,,,,,,,0xD3FF83FE,1.0,4,0,8,
1071,0,"Заплетений хвіст",,,,,,,,"Заплетений хвіст",,,,,,,,0xFF01FE,,,,,,,,,,,,,,,,,0xD3FF83FE,1.0,4,0,9,
1072,0,"Ірокез",,,,,,,,"Ірокез",,,,,,,,0xFF01FE,,,,,,,,,,,,,,,,,0xD3FF83FE,1.0,4,0,10,
1073,0,"Довгий заплетений хвіст",,,,,,,,"Довгий заплетений хвіст",,,,,,,,0xFF01FE,,,,,,,,,,,,,,,,,0xD3FF83FE,1.0,4,0,11,
1074,0,"Обруч",,,,,,,,"Обруч",,,,,,,,0xFF01FE,,,,,,,,,,,,,,,,,0xD3FF83FE,1.0,4,1,7,
1075,0,"Мокре волосся",,,,,,,,"Мокре волосся",,,,,,,,0xFF01FE,,,,,,,,,,,,,,,,,0xD3FF83FE,1.0,4,1,8,
1076,0,"Пустунка",,,,,,,,"Пустунка",,,,,,,,0xFF01FE,,,,,,,,,,,,,,,,,0xD3FF83FE,1.0,4,1,9,
1077,0,"Підібране волосся",,,,,,,,"Підібране волосся",,,,,,,,0xFF01FE,,,,,,,,,,,,,,,,,0xD3FF83FE,1.0,4,1,10,
1078,0,"Кренделики",,,,,,,,"Кренделики",,,,,,,,0xFF01FE,,,,,,,,,,,,,,,,,0xD3FF83FE,1.0,4,1,11,
1079,0,"Колоски",,,,,,,,"Колоски",,,,,,,,0xFF01FE,,,,,,,,,,,,,,,,,0xD3FF83FE,1.0,2,0,7,
1080,0,"Ірокез",,,,,,,,"Ірокез",,,,,,,,0xFF01FE,,,,,,,,,,,,,,,,,0xD3FF83FE,1.0,2,0,8,
1081,0,"Тонкий хвостик",,,,,,,,"Тонкий хвостик",,,,,,,,0xFF01FE,,,,,,,,,,,,,,,,,0xD3FF83FE,1.0,2,0,9,
1082,0,"Довге волосся",,,,,,,,"Довге волосся",,,,,,,,0xFF01FE,,,,,,,,,,,,,,,,,0xFEFFCFED,1.0,2,0,10,
1083,0,"Дикун",,,,,,,,"Дикун",,,,,,,,0xFF01FE,,,,,,,,,,,,,,,,,0xFEFFCFED,1.0,2,0,11,
1084,0,"Дикарка",,,,,,,,"Дикарка",,,,,,,,0xFF01FE,,,,,,,,,,,,,,,,,0xFEFFCFED,1.0,2,1,8,
1085,0,"Моднява зачіска",,,,,,,,"Моднява зачіска",,,,,,,,0xFF01FE,,,,,,,,,,,,,,,,,0xFEFFCFED,1.0,2,1,9,
1086,0,"Пустунка",,,,,,,,"Пустунка",,,,,,,,0xFF01FE,,,,,,,,,,,,,,,,,0xFEFFCFED,1.0,2,1,10,
1087,0,"Косий проділ",,,,,,,,"Косий проділ",,,,,,,,0xFF01FE,,,,,,,,,,,,,,,,,0xFEFFCFED,1.0,2,1,11,
1088,0,"С наконечниками",,,,,,,,"С наконечниками",,,,,,,,0xFF01FE,,,,,,,,,,,,,,,,,0xFEFFCFED,1.0,6,0,8,
1089,0,"Заокруглені",,,,,,,,"Заокруглені",,,,,,,,0xFF01FE,,,,,,,,,,,,,,,,,0xFEFFCFED,1.0,6,0,9,
1090,0,"Безопасные",,,,,,,,"Безопасные",,,,,,,,0xFF01FE,,,,,,,,,,,,,,,,,0xFEFFCFED,1.0,6,0,10,
1091,0,"Ліроподібне",,,,,,,,"Ліроподібне",,,,,,,,0xFF01FE,,,,,,,,,,,,,,,,,0xFEFFCFED,1.0,6,0,11,
1092,0,"Витянуті",,,,,,,,"Витянуті",,,,,,,,0xFF01FE,,,,,,,,,,,,,,,,,0xFEFFCFED,1.0,6,0,12,
1093,0,"Пробивні",,,,,,,,"Пробивні",,,,,,,,0xFF01FE,,,,,,,,,,,,,,,,,0xFEFFCFED,1.0,6,1,7,
1094,0,"Зламаний ріг",,,,,,,,"Зламаний ріг",,,,,,,,0xFF01FE,,,,,,,,,,,,,,,,,0xFEFFCFED,1.0,6,1,8,
1095,0,"Заокруглені",,,,,,,,"Заокруглені",,,,,,,,0xFF01FE,,,,,,,,,,,,,,,,,0xFEFFCFED,1.0,6,1,9,
1096,0,"Близько посаджені",,,,,,,,"Близько посаджені",,,,,,,,0xFF01FE,,,,,,,,,,,,,,,,,0xFEFFCFED,1.0,6,1,10,
1097,0,"Пеньки",,,,,,,,"Пеньки",,,,,,,,0xFF01FE,,,,,,,,,,,,,,,,,0xFEFFCFED,1.0,6,1,11,
1098,0,"Косички",,,,,,,,"Косички",,,,,,,,0xFF01FE,,,,,,,,,,,,,,,,,0xFEFFCFED,1.0,8,0,6,
1099,0,"Султан",,,,,,,,"Султан",,,,,,,,0xFF01FE,,,,,,,,,,,,,,,,,0xFEFFCFED,1.0,8,0,7,
1100,0,"Нечесаний",,,,,,,,"Нечесаний",,,,,,,,0xFF01FE,,,,,,,,,,,,,,,,,0xFEFFCFED,1.0,8,0,8,
1101,0,"Ірокез",,,,,,,,"Ірокез",,,,,,,,0xFF01FE,,,,,,,,,,,,,,,,,0xFEFFCFED,1.0,8,0,9,
1102,0,"Тропічна квітка",,,,,,,,"Тропічна квітка",,,,,,,,0xFF01FE,,,,,,,,,,,,,,,,,0xFEFFCFED,1.0,8,1,5,
1103,0,"Вкладена коса",,,,,,,,"Вкладена коса",,,,,,,,0xFF01FE,,,,,,,,,,,,,,,,,0xFEFFCFED,1.0,8,1,6,
1104,0,"Ірокез",,,,,,,,"Ірокез",,,,,,,,0xFF01FE,,,,,,,,,,,,,,,,,0xFEFFCFED,1.0,8,1,7,
1105,0,"Травинка",,,,,,,,"Травинка",,,,,,,,0xFF01FE,,,,,,,,,,,,,,,,,0xFEFFCFED,1.0,8,1,8,
1106,0,"Фальшивий чубчик",,,,,,,,"Фальшивий чубчик",,,,,,,,0xFF01FE,,,,,,,,,,,,,,,,,0xFEFFCFED,1.0,8,1,9,
1107,0,"Мітла",,,,,,,,"Мітла",,,,,,,,0xFF01FE,,,,,,,,,,,,,,,,,0xFEFFCFED,1.0,5,0,10,
1108,0,"Монах",,,,,,,,"Монах",,,,,,,,0xFF01FE,,,,,,,,,,,,,,,,,0xFEFFCFED,1.0,5,0,11,
1109,0,"Під бокс",,,,,,,,"Під бокс",,,,,,,,0xFF01FE,,,,,,,,,,,,,,,,,0xFEFFCFED,1.0,5,0,12,
1110,0,"Варвар",,,,,,,,"Варвар",,,,,,,,0xFF01FE,,,,,,,,,,,,,,,,,0xFEFFCFED,1.0,5,0,13,
1111,0,"Коротка стрижка",,,,,,,,"Коротка стрижка",,,,,,,,0xFF01FE,,,,,,,,,,,,,,,,,0xFEFFCFED,1.0,5,0,14,
1112,0,"Кабанячі хвостики",,,,,,,,"Кабанячі хвостики",,,,,,,,0xFF01FE,,,,,,,,,,,,,,,,,0xFEFFCFED,1.0,5,1,10,
1113,0,"Пустотливий чубчик",,,,,,,,"Пустотливий чубчик",,,,,,,,0xFF01FE,,,,,,,,,,,,,,,,,0xFEFFCFED,1.0,5,1,11,
1114,0,"Коротка стрижка",,,,,,,,"Коротка стрижка",,,,,,,,0xFF01FE,,,,,,,,,,,,,,,,,0xFEFFCFED,1.0,5,1,12,
1115,0,"Недоглянуте волосся",,,,,,,,"Недоглянуте волосся",,,,,,,,0xFF01FE,,,,,,,,,,,,,,,,,0xFEFFCFED,1.0,5,1,13,
1116,0,"Три хвоста",,,,,,,,"Три хвоста",,,,,,,,0xFF01FE,,,,,,,,,,,,,,,,,0xFEFFCFED,1.0,5,1,14,
1117,0,"Довге волосся",,,,,,,,"Довге волосся",,,,,,,,0xFF01FE,,,,,,,,,,,,,,,,,0x92FF1FFC,1.0,2,1,12,
1120,3,"",,,,,,,,"",,,,,,,,0xFF01EC,,,,,,,,,,,,,,,,,0xFF01EC,0.5,6,0,0,
1121,3,"",,,,,,,,"",,,,,,,,0xFF01EC,,,,,,,,,,,,,,,,,0xFF01EC,0.5,6,0,1,
1122,3,"",,,,,,,,"",,,,,,,,0xFF01EC,,,,,,,,,,,,,,,,,0xFF01EC,0.5,6,0,2,
1123,3,"",,,,,,,,"",,,,,,,,0xFF01EC,,,,,,,,,,,,,,,,,0xFF01EC,0.5,6,0,3,
1124,3,"",,,,,,,,"",,,,,,,,0xFF01EC,,,,,,,,,,,,,,,,,0xFF01EC,0.5,6,0,4,
1125,3,"",,,,,,,,"",,,,,,,,0xFF01EC,,,,,,,,,,,,,,,,,0xFF01EC,0.5,6,0,5,
1126,3,"",,,,,,,,"",,,,,,,,0xFF01EC,,,,,,,,,,,,,,,,,0xFF01EC,0.5,6,0,6,
1127,3,"",,,,,,,,"",,,,,,,,0xFF01EC,,,,,,,,,,,,,,,,,0xFF01EC,0.5,6,0,7,
1128,3,"",,,,,,,,"",,,,,,,,0xFF01EC,,,,,,,,,,,,,,,,,0xFF01EC,0.5,6,0,8,
1129,3,"",,,,,,,,"",,,,,,,,0xFF01EC,,,,,,,,,,,,,,,,,0xFF01EC,0.5,6,0,9,
1130,3,"",,,,,,,,"",,,,,,,,0xFF01EC,,,,,,,,,,,,,,,,,0xFF01EC,0.5,6,0,10,
1131,3,"",,,,,,,,"",,,,,,,,0xFF01EC,,,,,,,,,,,,,,,,,0xFF01EC,0.5,6,0,11,
1132,3,"",,,,,,,,"",,,,,,,,0xFF01EC,,,,,,,,,,,,,,,,,0xFF01EC,0.5,6,0,12,
1133,3,"",,,,,,,,"",,,,,,,,0xFF01EC,,,,,,,,,,,,,,,,,0xFF01EC,0.5,6,0,13,
1134,3,"",,,,,,,,"",,,,,,,,0xFF01EC,,,,,,,,,,,,,,,,,0xFF01EC,0.5,6,0,14,
1135,3,"",,,,,,,,"",,,,,,,,0xFF01EC,,,,,,,,,,,,,,,,,0xFF01EC,0.5,6,0,15,
1136,3,"",,,,,,,,"",,,,,,,,0xFF01EC,,,,,,,,,,,,,,,,,0xFF01EC,0.5,6,0,16,
1137,3,"",,,,,,,,"",,,,,,,,0xFF01EC,,,,,,,,,,,,,,,,,0xFF01EC,0.5,6,0,17,
1138,3,"",,,,,,,,"",,,,,,,,0xFF01EC,,,,,,,,,,,,,,,,,0xFF01EC,0.5,6,0,18,
1139,3,"",,,,,,,,"",,,,,,,,0xFF01EC,,,,,,,,,,,,,,,,,0xFF01EC,0.5,6,1,0,
1140,3,"",,,,,,,,"",,,,,,,,0xFF01EC,,,,,,,,,,,,,,,,,0xFF01EC,0.5,6,1,1,
1141,3,"",,,,,,,,"",,,,,,,,0xFF01EC,,,,,,,,,,,,,,,,,0xFF01EC,0.5,6,1,2,
1142,3,"",,,,,,,,"",,,,,,,,0xFF01EC,,,,,,,,,,,,,,,,,0xFF01EC,0.5,6,1,3,
1143,3,"",,,,,,,,"",,,,,,,,0xFF01EC,,,,,,,,,,,,,,,,,0xFF01EC,0.5,6,1,4,
1144,3,"",,,,,,,,"",,,,,,,,0xFF01EC,,,,,,,,,,,,,,,,,0xFF01EC,0.5,6,1,5,
1145,3,"",,,,,,,,"",,,,,,,,0xFF01EC,,,,,,,,,,,,,,,,,0xFF01EC,0.5,6,1,6,
1146,3,"",,,,,,,,"",,,,,,,,0xFF01EC,,,,,,,,,,,,,,,,,0xFF01EC,0.5,6,1,7,
1147,3,"",,,,,,,,"",,,,,,,,0xFF01EC,,,,,,,,,,,,,,,,,0xFF01EC,0.5,6,1,8,
1148,3,"",,,,,,,,"",,,,,,,,0xFF01EC,,,,,,,,,,,,,,,,,0xFF01EC,0.5,6,1,9,
1149,3,"",,,,,,,,"",,,,,,,,0xFF01EC,,,,,,,,,,,,,,,,,0xFF01EC,0.5,6,1,10,
