long,long,long,long,long,None,None,None,None,None,None,None,None,str,None,None,None,None,None,None,None,flags,None,
464,33,0,0,0,,,,,,,,,"Ретилгор",,,,,,,,0xFF01FE,,
465,33,0,1000,1,,,,,,,,,"Остроклык Мясник",,,,,,,,0xFF01FE,,
466,33,0,2000,2,,,,,,,,,"Барон Сребролен",,,,,,,,0xFF01FE,,
467,33,0,3000,3,,,,,,,,,"Командир Ручьедол",,,,,,,,0xFF01FE,,
468,33,0,4000,4,,,,,,,,,"Одо Слепой Страж",,,,,,,,0xFF01FE,,
469,33,0,5000,5,,,,,,,,,"Фенрус Пожиратель",,,,,,,,0xFF01FE,,
470,33,0,6000,6,,,,,,,,,"Командир воргенов Нандос",,,,,,,,0xFF01FE,,
471,33,0,7000,7,,,,,,,,,"Верховный маг Аругал",,,,,,,,0xFF01FE,,
536,34,0,0,0,,,,,,,,,"Таргорр Ужасный",,,,,,,,0xFF01FE,,
537,34,0,1000,1,,,,,,,,,"Кам Гневливый",,,,,,,,0xFF01FE,,
538,34,0,2000,2,,,,,,,,,"Хрупконог",,,,,,,,0xFF01FE,,
540,34,0,4000,4,,,,,,,,,"Декстрен Вард",,,,,,,,0xFF01FE,,
539,34,0,5000,3,,,,,,,,,"Базиль Тредд",,,,,,,,0xFF01FE,,
161,36,0,0,0,,,,,,,,,"Рак'Зор",,,,,,,,0xFF01FE,,
162,36,0,500,1,,,,,,,,,"Снид",,,,,,,,0xFF01FE,,
163,36,0,750,2,,,,,,,,,"Гилнид",,,,,,,,0xFF01FE,,
164,36,0,875,3,,,,,,,,,"Мистер Каюк",,,,,,,,0xFF01FE,,
165,36,0,937,4,,,,,,,,,"Пирожок",,,,,,,,0xFF01FE,,
166,36,0,968,5,,,,,,,,,"Капитан Зеленямс",,,,,,,,0xFF01FE,,
167,36,0,1000,6,,,,,,,,,"Эдвин ван Клиф",,,,,,,,0xFF01FE,,
585,43,0,0,0,,,,,,,,,"Повелительница Анакондра",,,,,,,,0xFF01FE,,
586,43,0,1000,1,,,,,,,,,"Лорд Кобран",,,,,,,,0xFF01FE,,
587,43,0,2000,2,,,,,,,,,"Криг",,,,,,,,0xFF01FE,,
588,43,0,3000,3,,,,,,,,,"Лорд Питонас",,,,,,,,0xFF01FE,,
589,43,0,4000,4,,,,,,,,,"Шкам",,,,,,,,0xFF01FE,,
590,43,0,5000,5,,,,,,,,,"Лорд Серпентис",,,,,,,,0xFF01FE,,
591,43,0,6000,6,,,,,,,,,"Вердан Бессмертный",,,,,,,,0xFF01FE,,
592,43,0,7000,7,,,,,,,,,"Мутанус Пожиратель",,,,,,,,0xFF01FE,,
440,47,0,-1000,2,,,,,,,,,"Вестник смерти Джаргба",,,,,,,,0xFF01FE,,
438,47,0,0,0,,,,,,,,,"Ругуг",,,,,,,,0xFF01FE,,
439,47,0,1000,1,,,,,,,,,"Аггем Терновое Проклятие",,,,,,,,0xFF01FE,,
441,47,0,3000,3,,,,,,,,,"Властитель Таранный Клык",,,,,,,,0xFF01FE,,
883,47,0,3500,5,,,,,,,,,"Агателос Свирепый",,,,,,,,0xFF01FE,,
443,47,0,4000,4,,,,,,,,,"Чарлга Остробок",,,,,,,,0xFF01FE,,
219,48,0,0,0,,,,,,,,,"Гхаму-ра",,,,,,,,0xFF01FE,,
220,48,0,1000,1,,,,,,,,,"Леди Саревесс",,,,,,,,0xFF01FE,,
221,48,0,2000,2,,,,,,,,,"Гелихаст",,,,,,,,0xFF01FE,,
222,48,0,3000,3,,,,,,,,,"Лоргус Джетт",,,,,,,,0xFF01FE,,
224,48,0,5000,5,,,,,,,,,"Старина Серракис",,,,,,,,0xFF01FE,,
225,48,0,6000,6,,,,,,,,,"Повелитель сумрака Келрис",,,,,,,,0xFF01FE,,
226,48,0,7000,7,,,,,,,,,"Аку'май",,,,,,,,0xFF01FE,,
547,70,0,0,0,,,,,,,,,"Ревелош",,,,,,,,0xFF01FE,,
548,70,0,1000,1,,,,,,,,,"Потерянные дворфы",,,,,,,,0xFF01FE,,
549,70,0,2000,2,,,,,,,,,"Иронайа",,,,,,,,0xFF01FE,,
551,70,0,4000,4,,,,,,,,,"Древний Хранитель Камня",,,,,,,,0xFF01FE,,
552,70,0,5000,5,,,,,,,,,"Галганн Огнемолот",,,,,,,,0xFF01FE,,
553,70,0,6000,6,,,,,,,,,"Гримлок",,,,,,,,0xFF01FE,,
554,70,0,7000,7,,,,,,,,,"Аркедас",,,,,,,,0xFF01FE,,
379,90,0,2000,2,,,,,,,,,"Грязнюк",,,,,,,,0xFF01FE,,
378,90,0,2500,1,,,,,,,,,"Липкая муть",,,,,,,,0xFF01FE,,
380,90,0,3000,3,,,,,,,,,"Электрошокер 6000",,,,,,,,0xFF01FE,,
381,90,0,4000,4,,,,,,,,,"Толпогон 9-60",,,,,,,,0xFF01FE,,
382,90,0,5000,5,,,,,,,,,"Анжинер Термоштепсель",,,,,,,,0xFF01FE,,
485,109,0,0,0,,,,,,,,,"Атал'аларион",,,,,,,,0xFF01FE,,
488,109,0,500,3,,,,,,,,,"Джаммал'ан Пророк",,,,,,,,0xFF01FE,,
486,109,0,1000,1,,,,,,,,,"Жнец Снов",,,,,,,,0xFF01FE,,
487,109,0,2000,2,,,,,,,,,"Ткачик",,,,,,,,0xFF01FE,,
490,109,0,5000,5,,,,,,,,,"Морфаз",,,,,,,,0xFF01FE,,
491,109,0,6000,6,,,,,,,,,"Хаззас",,,,,,,,0xFF01FE,,
492,109,0,7000,7,,,,,,,,,"Аватара Хаккара",,,,,,,,0xFF01FE,,
493,109,0,8000,8,,,,,,,,,"Тень Эраникуса",,,,,,,,0xFF01FE,,
434,129,0,0,0,,,,,,,,,"Тутен'каш",,,,,,,,0xFF01FE,,
435,129,0,1000,1,,,,,,,,,"Мордреш Огненный Глаз",,,,,,,,0xFF01FE,,
436,129,0,2000,2,,,,,,,,,"Обжора",,,,,,,,0xFF01FE,,
437,129,0,3000,3,,,,,,,,,"Амненнар Хладовей",,,,,,,,0xFF01FE,,
444,189,0,0,0,,,,,,,,,"Дознаватель Вишас",,,,,,,,0xFF01FE,,
445,189,0,1000,1,,,,,,,,,"Волшебник крови Талнос",,,,,,,,0xFF01FE,,
446,189,0,2000,2,,,,,,,,,"Псарь Локси",,,,,,,,0xFF01FE,,
447,189,0,3000,3,,,,,,,,,"Чародей Доан",,,,,,,,0xFF01FE,,
448,189,0,4000,4,,,,,,,,,"Ирод",,,,,,,,0xFF01FE,,
449,189,0,5000,5,,,,,,,,,"Верховный инквизитор Фэйрбанкс",,,,,,,,0xFF01FE,,
450,189,0,6000,6,,,,,,,,,"Верховный инквизитор Вайтмейн",,,,,,,,0xFF01FE,,
593,209,0,0,0,,,,,,,,,"Гидромант Велрата",,,,,,,,0xFF01FE,,
594,209,0,1000,1,,,,,,,,,"Газ'рилла",,,,,,,,0xFF01FE,,
595,209,0,2000,2,,,,,,,,,"Анту'сул",,,,,,,,0xFF01FE,,
596,209,0,3000,3,,,,,,,,,"Тека Мученик",,,,,,,,0xFF01FE,,
597,209,0,4000,4,,,,,,,,,"Знахарь Зум'рах",,,,,,,,0xFF01FE,,
598,209,0,5000,5,,,,,,,,,"Некрум Кишкожуй",,,,,,,,0xFF01FE,,
599,209,0,6000,6,,,,,,,,,"Темный жрец Шезз'зиз",,,,,,,,0xFF01FE,,
600,209,0,7000,7,,,,,,,,,"Вождь Укорз Песчаная Плешь",,,,,,,,0xFF01FE,,
267,229,0,0,0,,,,,,,,,"Вождь Омокк",,,,,,,,0xFF01FE,,
268,229,0,1000,1,,,,,,,,,"Темная охотница Вос'гаджин",,,,,,,,0xFF01FE,,
269,229,0,2000,2,,,,,,,,,"Воевода Вун",,,,,,,,0xFF01FE,,
270,229,0,3000,3,,,,,,,,,"Мать Дымная Паутина",,,,,,,,0xFF01FE,,
271,229,0,4000,4,,,,,,,,,"Аррок Смертный Вопль",,,,,,,,0xFF01FE,,
272,229,0,5000,5,,,,,,,,,"Интендант Зигрис",,,,,,,,0xFF01FE,,
274,229,0,5500,7,,,,,,,,,"Халикон",,,,,,,,0xFF01FE,,
273,229,0,6000,6,,,,,,,,,"Гизрул Поработитель",,,,,,,,0xFF01FE,,
275,229,0,8000,8,,,,,,,,,"Властитель Змейталак",,,,,,,,0xFF01FE,,
276,229,0,9000,9,,,,,,,,,"Пиростраж Углевзор",,,,,,,,0xFF01FE,,
277,229,0,10000,10,,,,,,,,,"Солакарский огнечервь",,,,,,,,0xFF01FE,,
278,229,0,11000,11,,,,,,,,,"Вождь Ренд Чернорук",,,,,,,,0xFF01FE,,
279,229,0,12000,12,,,,,,,,,"Зверь",,,,,,,,0xFF01FE,,
280,229,0,13000,13,,,,,,,,,"Генерал Драккисат",,,,,,,,0xFF01FE,,
227,230,0,0,0,,,,,,,,,"Верховный дознаватель Герштан",,,,,,,,0xFF01FE,,
228,230,0,1000,1,,,,,,,,,"Лорд Роккор",,,,,,,,0xFF01FE,,
229,230,0,2000,2,,,,,,,,,"Псарь Гребмар",,,,,,,,0xFF01FE,,
230,230,0,3000,3,,,,,,,,,"Кольцо Закона",,,,,,,,0xFF01FE,,
231,230,0,4000,4,,,,,,,,,"Пироман Зерно Мудрости",,,,,,,,0xFF01FE,,
232,230,0,5000,5,,,,,,,,,"Лорд Опалитель",,,,,,,,0xFF01FE,,
233,230,0,6000,6,,,,,,,,,"Тюремщик Стилгисс",,,,,,,,0xFF01FE,,
234,230,0,7000,7,,,,,,,,,"Финий Темнострой",,,,,,,,0xFF01FE,,
235,230,0,8000,8,,,,,,,,,"Бейл'Гор",,,,,,,,0xFF01FE,,
236,230,0,9000,9,,,,,,,,,"Генерал Кузня Гнева",,,,,,,,0xFF01FE,,
237,230,0,10000,10,,,,,,,,,"Повелитель големов Аргелмах",,,,,,,,0xFF01FE,,
238,230,0,11000,11,,,,,,,,,"Харли Чернопых",,,,,,,,0xFF01FE,,
239,230,0,12000,12,,,,,,,,,"Фаланкс",,,,,,,,0xFF01FE,,
240,230,0,13000,13,,,,,,,,,"Риббли Крутипроб",,,,,,,,0xFF01FE,,
241,230,0,14000,14,,,,,,,,,"Штоппор Наливалс",,,,,,,,0xFF01FE,,
242,230,0,15000,15,,,,,,,,,"Посол Огнехлыст",,,,,,,,0xFF01FE,,
243,230,0,16000,16,,,,,,,,,"Семеро",,,,,,,,0xFF01FE,,
244,230,0,17000,17,,,,,,,,,"Магмус",,,,,,,,0xFF01FE,,
245,230,0,18000,18,,,,,,,,,"Император Дагран Тауриссан",,,,,,,,0xFF01FE,,
707,249,0,0,0,,,,,,,,,"Ониксия",,,,,,,,0xFF01FE,,
708,249,1,1000,0,,,,,,,,,"Ониксия",,,,,,,,0xFF01FE,,
287,269,0,0,0,,,,,,,,,"Повелитель времени Дежа",,,,,,,,0xFF01FE,,
288,269,1,0,0,,,,,,,,,"Повелитель времени Дежа",,,,,,,,0xFF01FE,,
289,269,0,1000,1,,,,,,,,,"Темпорус",,,,,,,,0xFF01FE,,
290,269,1,2000,1,,,,,,,,,"Темпорус",,,,,,,,0xFF01FE,,
291,269,0,2000,2,,,,,,,,,"Эонус",,,,,,,,0xFF01FE,,
292,269,1,3000,2,,,,,,,,,"Эонус",,,,,,,,0xFF01FE,,
451,289,0,0,0,,,,,,,,,"Киртонос Глашатай",,,,,,,,0xFF01FE,,
452,289,0,1000,1,,,,,,,,,"Джандис Барова",,,,,,,,0xFF01FE,,
453,289,0,2000,2,,,,,,,,,"Громоклин",,,,,,,,0xFF01FE,,
454,289,0,3000,3,,,,,,,,,"Мардук Блэкпул",,,,,,,,0xFF01FE,,
455,289,0,4000,4,,,,,,,,,"Вектус",,,,,,,,0xFF01FE,,
456,289,0,5000,5,,,,,,,,,"Рас Ледяной Шепот",,,,,,,,0xFF01FE,,
457,289,0,6000,6,,,,,,,,,"Инструктор Коварница",,,,,,,,0xFF01FE,,
458,289,0,7000,7,,,,,,,,,"Доктор Теолен Крастинов",,,,,,,,0xFF01FE,,
459,289,0,8000,8,,,,,,,,,"Сказитель Полкелт",,,,,,,,0xFF01FE,,
460,289,0,9000,9,,,,,,,,,"Равениан",,,,,,,,0xFF01FE,,
461,289,0,10000,10,,,,,,,,,"Лорд Алексей Баров",,,,,,,,0xFF01FE,,
462,289,0,11000,11,,,,,,,,,"Леди Иллюсия Барова",,,,,,,,0xFF01FE,,
463,289,0,12000,12,,,,,,,,,"Темный магистр Гандлинг",,,,,,,,0xFF01FE,,
785,309,0,-1000,1,,,,,,,,,"Верховная жрица Джеклик",,,,,,,,0xFF01FE,,
784,309,0,0,0,,,,,,,,,"Верховный жрец Веноксис",,,,,,,,0xFF01FE,,
786,309,0,2000,2,,,,,,,,,"Верховная жрица Мар'ли",,,,,,,,0xFF01FE,,
787,309,0,3000,3,,,,,,,,,"Мандокир Повелитель Крови",,,,,,,,0xFF01FE,,
788,309,0,4000,4,,,,,,,,,"Грань Безумия",,,,,,,,0xFF01FE,,
789,309,0,5000,5,,,,,,,,,"Верховный жрец Текал",,,,,,,,0xFF01FE,,
790,309,0,6000,6,,,,,,,,,"Газ'ранка",,,,,,,,0xFF01FE,,
791,309,0,7000,7,,,,,,,,,"Верховная жрица Арлокк",,,,,,,,0xFF01FE,,
792,309,0,8000,8,,,,,,,,,"Мастер проклятий Джин'до",,,,,,,,0xFF01FE,,
793,309,0,9000,9,,,,,,,,,"Хаккар",,,,,,,,0xFF01FE,,
473,329,0,1000,1,,,,,,,,,"Певчий Форрестен",,,,,,,,0xFF01FE,,
474,329,0,2000,2,,,,,,,,,"Тимми Беспощадный",,,,,,,,0xFF01FE,,
475,329,0,3000,3,,,,,,,,,"Мастер-канонир Вилли",,,,,,,,0xFF01FE,,
476,329,0,4000,4,,,,,,,,,"Малор Ревностный",,,,,,,,0xFF01FE,,
477,329,0,5000,5,,,,,,,,,"Архивариус Галфорд",,,,,,,,0xFF01FE,,
478,329,0,6000,6,,,,,,,,,"Балназзар",,,,,,,,0xFF01FE,,
472,329,0,6500,0,,,,,,,,,"Непрощенный",,,,,,,,0xFF01FE,,
479,329,0,7000,7,,,,,,,,,"Баронесса Анастари",,,,,,,,0xFF01FE,,
480,329,0,8000,8,,,,,,,,,"Неруб'энкан",,,,,,,,0xFF01FE,,
481,329,0,9000,9,,,,,,,,,"Малекай Бледный",,,,,,,,0xFF01FE,,
482,329,0,10000,10,,,,,,,,,"Мировой судья Бартилас",,,,,,,,0xFF01FE,,
483,329,0,11000,11,,,,,,,,,"Рамштайн Ненасытный",,,,,,,,0xFF01FE,,
484,329,0,12000,12,,,,,,,,,"Барон Ривендер",,,,,,,,0xFF01FE,,
422,349,0,0,0,,,,,,,,,"Ноксион",,,,,,,,0xFF01FE,,
423,349,0,1000,1,,,,,,,,,"Бритвохлест",,,,,,,,0xFF01FE,,
424,349,0,2000,2,,,,,,,,,"Лорд Злоязыкий",,,,,,,,0xFF01FE,,
425,349,0,3000,3,,,,,,,,,"Келебрас Проклятый",,,,,,,,0xFF01FE,,
426,349,0,4000,4,,,,,,,,,"Сель",,,,,,,,0xFF01FE,,
427,349,0,5000,5,,,,,,,,,"Ремонтник Гизлок",,,,,,,,0xFF01FE,,
428,349,0,6000,6,,,,,,,,,"Гнилопасть",,,,,,,,0xFF01FE,,
429,349,0,7000,7,,,,,,,,,"Принцесса Терадрас",,,,,,,,0xFF01FE,,
430,389,0,0,0,,,,,,,,,"Огглфлинт",,,,,,,,0xFF01FE,,
432,389,0,2000,2,,,,,,,,,"Жергош Призыватель Духов",,,,,,,,0xFF01FE,,
433,389,0,3000,3,,,,,,,,,"Баззалан",,,,,,,,0xFF01FE,,
431,389,0,4000,1,,,,,,,,,"Тарагаман Ненасытный",,,,,,,,0xFF01FE,,
663,409,0,0,0,,,,,,,,,"Люцифрон",,,,,,,,0xFF01FE,,
664,409,0,1000,1,,,,,,,,,"Магмадар",,,,,,,,0xFF01FE,,
665,409,0,2000,2,,,,,,,,,"Гееннас",,,,,,,,0xFF01FE,,
666,409,0,3000,3,,,,,,,,,"Гарр",,,,,,,,0xFF01FE,,
667,409,0,4000,4,,,,,,,,,"Шаззрах",,,,,,,,0xFF01FE,,
668,409,0,5000,5,,,,,,,,,"Барон Геддон",,,,,,,,0xFF01FE,,
669,409,0,6000,6,,,,,,,,,"Предвестник Сульфурон",,,,,,,,0xFF01FE,,
670,409,0,7000,7,,,,,,,,,"Големагг Испепелитель",,,,,,,,0xFF01FE,,
671,409,0,8000,8,,,,,,,,,"Мажордом Экзекутус",,,,,,,,0xFF01FE,,
672,409,0,9000,9,,,,,,,,,"Рагнарос",,,,,,,,0xFF01FE,,
343,429,0,0,0,,,,,,,,,"Зеврим Терновое Копыто",,,,,,,,0xFF01FE,,
344,429,0,1000,1,,,,,,,,,"Гидротварь",,,,,,,,0xFF01FE,,
345,429,0,2000,2,,,,,,,,,"Лефтендрис",,,,,,,,0xFF01FE,,
346,429,0,3000,3,,,,,,,,,"Алззин Перевертень",,,,,,,,0xFF01FE,,
350,429,0,3500,7,,,,,,,,,"Тендрис Криводрев",,,,,,,,0xFF01FE,,
347,429,0,4000,4,,,,,,,,,"Иллиана Воронья Ольха",,,,,,,,0xFF01FE,,
348,429,0,5000,5,,,,,,,,,"Магистр Календрис",,,,,,,,0xFF01FE,,
349,429,0,6000,6,,,,,,,,,"Бессмер'тер",,,,,,,,0xFF01FE,,
361,429,0,7000,8,,,,,,,,,"Принц Тортелдрин",,,,,,,,0xFF01FE,,
362,429,0,8000,9,,,,,,,,,"Стражник Мол'дар",,,,,,,,0xFF01FE,,
363,429,0,9000,10,,,,,,,,,"Топотун Криг",,,,,,,,0xFF01FE,,
364,429,0,10000,11,,,,,,,,,"Стражник Фенгус",,,,,,,,0xFF01FE,,
365,429,0,11000,12,,,,,,,,,"Стражник Слип'кик",,,,,,,,0xFF01FE,,
366,429,0,12000,13,,,,,,,,,"Капитан Давигром",,,,,,,,0xFF01FE,,
367,429,0,13000,14,,,,,,,,,"Чо'Раш Наблюдатель",,,,,,,,0xFF01FE,,
368,429,0,14000,15,,,,,,,,,"Король Гордок",,,,,,,,0xFF01FE,,
610,469,0,0,0,,,,,,,,,"Бритвосмерт Неукротимый",,,,,,,,0xFF01FE,,
611,469,0,1000,1,,,,,,,,,"Валестраз Порочный",,,,,,,,0xFF01FE,,
612,469,0,2000,2,,,,,,,,,"Предводитель драконов Разящий Бич",,,,,,,,0xFF01FE,,
613,469,0,3000,3,,,,,,,,,"Огнечрев",,,,,,,,0xFF01FE,,
614,469,0,4000,4,,,,,,,,,"Черноскал",,,,,,,,0xFF01FE,,
615,469,0,5000,5,,,,,,,,,"Пламегор",,,,,,,,0xFF01FE,,
616,469,0,6000,6,,,,,,,,,"Хромаггус",,,,,,,,0xFF01FE,,
617,469,0,7000,7,,,,,,,,,"Нефариан",,,,,,,,0xFF01FE,,
718,509,0,0,0,,,,,,,,,"Куриннакс",,,,,,,,0xFF01FE,,
719,509,0,1000,1,,,,,,,,,"Генерал Раджакс",,,,,,,,0xFF01FE,,
720,509,0,2000,2,,,,,,,,,"Моам",,,,,,,,0xFF01FE,,
721,509,0,3000,3,,,,,,,,,"Буру Ненасытный",,,,,,,,0xFF01FE,,
722,509,0,4000,4,,,,,,,,,"Аямисса Охотница",,,,,,,,0xFF01FE,,
723,509,0,5000,5,,,,,,,,,"Оссириан Неуязвимый",,,,,,,,0xFF01FE,,
709,531,0,0,0,,,,,,,,,"Пророк Скерам",,,,,,,,0xFF01FE,,
710,531,0,1000,1,,,,,,,,,"Царственность силитида",,,,,,,,0xFF01FE,,
711,531,0,2000,2,,,,,,,,,"Боевой страж Сартура",,,,,,,,0xFF01FE,,
712,531,0,3000,3,,,,,,,,,"Фанкрисс Непреклонный",,,,,,,,0xFF01FE,,
713,531,0,4000,4,,,,,,,,,"Нечистотон",,,,,,,,0xFF01FE,,
714,531,0,5000,5,,,,,,,,,"Принцесса Хухуран",,,,,,,,0xFF01FE,,
715,531,0,6000,6,,,,,,,,,"Императоры-близнецы",,,,,,,,0xFF01FE,,
716,531,0,7000,7,,,,,,,,,"Оуро",,,,,,,,0xFF01FE,,
717,531,0,8000,8,,,,,,,,,"К'Тун",,,,,,,,0xFF01FE,,
652,532,0,0,0,,,,,,,,,"Ловчий Аттумен",,,,,,,,0xFF01FE,,
653,532,0,1000,1,,,,,,,,,"Мороуз",,,,,,,,0xFF01FE,,
654,532,0,2000,2,,,,,,,,,"Благочестивая дева",,,,,,,,0xFF01FE,,
655,532,0,3000,3,,,,,,,,,"Опера",,,,,,,,0xFF01FE,,
656,532,0,4000,4,,,,,,,,,"Смотритель",,,,,,,,0xFF01FE,,
657,532,0,5000,5,,,,,,,,,"Терестиан Больное Копыто",,,,,,,,0xFF01FE,,
658,532,0,6000,6,,,,,,,,,"Тень Арана",,,,,,,,0xFF01FE,,
659,532,0,7000,7,,,,,,,,,"Гнев Пустоты",,,,,,,,0xFF01FE,,
660,532,0,8000,8,,,,,,,,,"Шахматы",,,,,,,,0xFF01FE,,
661,532,0,9000,9,,,,,,,,,"Принц Малчезар",,,,,,,,0xFF01FE,,
662,532,0,10000,10,,,,,,,,,"Ночная Погибель",,,,,,,,0xFF01FE,,
673,533,0,0,0,,,,,,,,,"Ануб'Рекан",,,,,,,,0xFF01FE,,
674,533,1,1000,0,,,,,,,,,"Ануб'Рекан",,,,,,,,0xFF01FE,,
677,533,0,1000,1,,,,,,,,,"Великая вдова Фарлина",,,,,,,,0xFF01FE,,
678,533,1,2000,1,,,,,,,,,"Великая вдова Фарлина",,,,,,,,0xFF01FE,,
679,533,0,2000,2,,,,,,,,,"Мексна",,,,,,,,0xFF01FE,,
680,533,1,3000,2,,,,,,,,,"Мексна",,,,,,,,0xFF01FE,,
681,533,0,3000,3,,,,,,,,,"Нот Чумной",,,,,,,,0xFF01FE,,
682,533,1,4000,3,,,,,,,,,"Нот Чумной",,,,,,,,0xFF01FE,,
683,533,0,4000,4,,,,,,,,,"Хейган Нечестивый",,,,,,,,0xFF01FE,,
684,533,1,5000,4,,,,,,,,,"Хейган Нечестивый",,,,,,,,0xFF01FE,,
685,533,0,5000,5,,,,,,,,,"Лотхиб",,,,,,,,0xFF01FE,,
686,533,1,6000,5,,,,,,,,,"Лотхиб",,,,,,,,0xFF01FE,,
687,533,0,6000,6,,,,,,,,,"Инструктор Разувий",,,,,,,,0xFF01FE,,
689,533,1,7000,6,,,,,,,,,"Инструктор Разувий",,,,,,,,0xFF01FE,,
690,533,0,7000,7,,,,,,,,,"Готик Жнец",,,,,,,,0xFF01FE,,
691,533,1,8000,7,,,,,,,,,"Готик Жнец",,,,,,,,0xFF01FE,,
692,533,0,8000,8,,,,,,,,,"Четыре всадника",,,,,,,,0xFF01FE,,
693,533,1,9000,8,,,,,,,,,"Четыре всадника",,,,,,,,0xFF01FE,,
694,533,0,9000,9,,,,,,,,,"Лоскутик",,,,,,,,0xFF01FE,,
695,533,1,10000,9,,,,,,,,,"Лоскутик",,,,,,,,0xFF01FE,,
696,533,0,10000,10,,,,,,,,,"Гроббулус",,,,,,,,0xFF01FE,,
697,533,1,11000,10,,,,,,,,,"Гроббулус",,,,,,,,0xFF01FE,,
698,533,0,11000,11,,,,,,,,,"Глут",,,,,,,,0xFF01FE,,
699,533,1,12000,11,,,,,,,,,"Глут",,,,,,,,0xFF01FE,,
700,533,0,12000,12,,,,,,,,,"Таддиус",,,,,,,,0xFF01FE,,
701,533,1,13000,12,,,,,,,,,"Таддиус",,,,,,,,0xFF01FE,,
702,533,0,13000,13,,,,,,,,,"Сапфирон",,,,,,,,0xFF01FE,,
703,533,1,14000,13,,,,,,,,,"Сапфирон",,,,,,,,0xFF01FE,,
704,533,0,14000,14,,,,,,,,,"Кел'Тузад",,,,,,,,0xFF01FE,,
706,533,1,15000,14,,,,,,,,,"Кел'Тузад",,,,,,,,0xFF01FE,,
618,534,0,0,0,,,,,,,,,"Лютый Хлад",,,,,,,,0xFF01FE,,
619,534,0,1000,1,,,,,,,,,"Анетерон",,,,,,,,0xFF01FE,,
620,534,0,2000,2,,,,,,,,,"Каз'рогал",,,,,,,,0xFF01FE,,
621,534,0,3000,3,,,,,,,,,"Азгалор",,,,,,,,0xFF01FE,,
622,534,0,4000,4,,,,,,,,,"Архимонд",,,,,,,,0xFF01FE,,
407,540,0,0,0,,,,,,,,,"Главный чернокнижник Пустоклят",,,,,,,,0xFF01FE,,
408,540,1,1000,0,,,,,,,,,"Главный чернокнижник Пустоклят",,,,,,,,0xFF01FE,,
410,540,0,1000,1,,,,,,,,,"О'мрогг Завоеватель",,,,,,,,0xFF01FE,,
409,540,1,2000,1,,,,,,,,,"Кровавый страж Порунг",,,,,,,,0xFF01FE,,
412,540,0,2000,2,,,,,,,,,"Вождь Каргат Острорук",,,,,,,,0xFF01FE,,
411,540,1,3000,2,,,,,,,,,"О'мрогг Завоеватель",,,,,,,,0xFF01FE,,
413,540,1,4000,3,,,,,,,,,"Вождь Каргат Острорук",,,,,,,,0xFF01FE,,
401,542,0,0,0,,,,,,,,,"Мастер",,,,,,,,0xFF01FE,,
402,542,1,1000,0,,,,,,,,,"Мастер",,,,,,,,0xFF01FE,,
403,542,0,1000,1,,,,,,,,,"Броггок",,,,,,,,0xFF01FE,,
404,542,1,2000,1,,,,,,,,,"Броггок",,,,,,,,0xFF01FE,,
405,542,0,2000,2,,,,,,,,,"Кели'дан Разрушитель",,,,,,,,0xFF01FE,,
406,542,1,3000,2,,,,,,,,,"Кели'дан Разрушитель",,,,,,,,0xFF01FE,,
392,543,0,0,0,,,,,,,,,"Начальник стражи Гарголмар",,,,,,,,0xFF01FE,,
393,543,1,1000,0,,,,,,,,,"Начальник стражи Гарголмар",,,,,,,,0xFF01FE,,
394,543,0,1000,1,,,,,,,,,"Омор Неодолимый",,,,,,,,0xFF01FE,,
395,543,1,2000,1,,,,,,,,,"Омор Неодолимый",,,,,,,,0xFF01FE,,
396,543,0,2000,2,,,,,,,,,"Вазруден Глашатай",,,,,,,,0xFF01FE,,
397,543,1,3000,2,,,,,,,,,"Вазруден Глашатай",,,,,,,,0xFF01FE,,
651,544,0,0,0,,,,,,,,,"Магтеридон",,,,,,,,0xFF01FE,,
314,545,0,0,0,,,,,,,,,"Гидромант Теспия",,,,,,,,0xFF01FE,,
315,545,1,1000,0,,,,,,,,,"Гидромант Теспия",,,,,,,,0xFF01FE,,
316,545,0,1000,1,,,,,,,,,"Анжинер Паропуск",,,,,,,,0xFF01FE,,
317,545,1,2000,1,,,,,,,,,"Анжинер Паропуск",,,,,,,,0xFF01FE,,
318,545,0,2000,2,,,,,,,,,"Полководец Калитреш",,,,,,,,0xFF01FE,,
319,545,1,3000,2,,,,,,,,,"Полководец Калитреш",,,,,,,,0xFF01FE,,
320,546,0,0,0,,,,,,,,,"Топеглад",,,,,,,,0xFF01FE,,
321,546,1,1000,0,,,,,,,,,"Топеглад",,,,,,,,0xFF01FE,,
322,546,0,1000,1,,,,,,,,,"Газ'ан",,,,,,,,0xFF01FE,,
323,546,1,2000,1,,,,,,,,,"Газ'ан",,,,,,,,0xFF01FE,,
329,546,0,2000,2,,,,,,,,,"Владыка болота Мусел'ек",,,,,,,,0xFF01FE,,
330,546,1,3000,2,,,,,,,,,"Владыка болота Мусел'ек",,,,,,,,0xFF01FE,,
331,546,0,3000,3,,,,,,,,,"Черная Охотница",,,,,,,,0xFF01FE,,
332,546,1,4000,3,,,,,,,,,"Черная Охотница",,,,,,,,0xFF01FE,,
301,547,0,0,0,,,,,,,,,"Менну Предатель",,,,,,,,0xFF01FE,,
304,547,1,0,0,,,,,,,,,"Менну Предатель",,,,,,,,0xFF01FE,,
302,547,0,1000,1,,,,,,,,,"Рокмар Трескун",,,,,,,,0xFF01FE,,
305,547,1,1000,1,,,,,,,,,"Рокмар Трескун",,,,,,,,0xFF01FE,,
303,547,0,2000,2,,,,,,,,,"Зыбун",,,,,,,,0xFF01FE,,
306,547,1,2000,2,,,,,,,,,"Зыбун",,,,,,,,0xFF01FE,,
623,548,0,0,0,,,,,,,,,"Гидросс Нестабильный",,,,,,,,0xFF01FE,,
624,548,0,1000,1,,,,,,,,,"Скрытень из глубин",,,,,,,,0xFF01FE,,
625,548,0,2000,2,,,,,,,,,"Леотерас Слепец",,,,,,,,0xFF01FE,,
626,548,0,3000,3,,,,,,,,,"Повелитель глубин Каратресс",,,,,,,,0xFF01FE,,
627,548,0,4000,4,,,,,,,,,"Морогрим Волноступ",,,,,,,,0xFF01FE,,
628,548,0,5000,5,,,,,,,,,"Леди Вайш",,,,,,,,0xFF01FE,,
730,550,0,0,0,,,,,,,,,"Ал'ар",,,,,,,,0xFF01FE,,
731,550,0,1000,1,,,,,,,,,"Страж Бездны",,,,,,,,0xFF01FE,,
732,550,0,2000,2,,,,,,,,,"Верховный звездочет Солариан",,,,,,,,0xFF01FE,,
733,550,0,3000,3,,,,,,,,,"Кель'тас Солнечный Скиталец",,,,,,,,0xFF01FE,,
494,552,0,0,0,,,,,,,,,"Зерекет Бездонный",,,,,,,,0xFF01FE,,
495,552,1,1000,0,,,,,,,,,"Зерекет Бездонный",,,,,,,,0xFF01FE,,
496,552,0,1000,1,,,,,,,,,"Даллия Глашатай Судьбы",,,,,,,,0xFF01FE,,
497,552,1,2000,1,,,,,,,,,"Даллия Глашатай Судьбы",,,,,,,,0xFF01FE,,
498,552,0,2000,2,,,,,,,,,"Провидец Гнева Соккорат",,,,,,,,0xFF01FE,,
499,552,1,3000,2,,,,,,,,,"Провидец Гнева Соккорат",,,,,,,,0xFF01FE,,
500,552,0,3000,3,,,,,,,,,"Предвестник Скайрисс",,,,,,,,0xFF01FE,,
501,552,1,4000,3,,,,,,,,,"Предвестник Скайрисс",,,,,,,,0xFF01FE,,
502,553,0,0,0,,,,,,,,,"Командир Сараннис",,,,,,,,0xFF01FE,,
504,553,1,1000,0,,,,,,,,,"Командир Сараннис",,,,,,,,0xFF01FE,,
505,553,0,1000,1,,,,,,,,,"Верховный ботаник Фрейвин",,,,,,,,0xFF01FE,,
506,553,1,2000,1,,,,,,,,,"Верховный ботаник Фрейвин",,,,,,,,0xFF01FE,,
507,553,0,2000,2,,,,,,,,,"Скалезуб Скорбный",,,,,,,,0xFF01FE,,
508,553,1,3000,2,,,,,,,,,"Скалезуб Скорбный",,,,,,,,0xFF01FE,,
509,553,0,3000,3,,,,,,,,,"Ладж",,,,,,,,0xFF01FE,,
510,553,1,4000,3,,,,,,,,,"Ладж",,,,,,,,0xFF01FE,,
511,553,0,4000,4,,,,,,,,,"Узлодревень",,,,,,,,0xFF01FE,,
512,553,1,5000,4,,,,,,,,,"Узлодревень",,,,,,,,0xFF01FE,,
513,554,0,0,0,,,,,,,,,"Механо-лорд Конденсарон",,,,,,,,0xFF01FE,,
514,554,1,1000,0,,,,,,,,,"Механо-лорд Конденсарон",,,,,,,,0xFF01FE,,
515,554,0,1000,1,,,,,,,,,"Пустомант Сепетрея",,,,,,,,0xFF01FE,,
516,554,1,2000,1,,,,,,,,,"Пустомант Сепетрея",,,,,,,,0xFF01FE,,
517,554,0,2000,2,,,,,,,,,"Паталеон Вычислитель",,,,,,,,0xFF01FE,,
518,554,1,3000,2,,,,,,,,,"Паталеон Вычислитель",,,,,,,,0xFF01FE,,
208,555,0,0,0,,,,,,,,,"Посол Гиблочрев",,,,,,,,0xFF01FE,,
255,555,1,0,0,,,,,,,,,"Посол Гиблочрев",,,,,,,,0xFF01FE,,
209,555,0,1000,1,,,,,,,,,"Черносерд Проповедник",,,,,,,,0xFF01FE,,
256,555,1,1000,1,,,,,,,,,"Черносерд Проповедник",,,,,,,,0xFF01FE,,
210,555,0,2000,2,,,,,,,,,"Великий мастер Ворпил",,,,,,,,0xFF01FE,,
257,555,1,2000,2,,,,,,,,,"Великий мастер Ворпил",,,,,,,,0xFF01FE,,
211,555,0,3000,3,,,,,,,,,"Бормотун",,,,,,,,0xFF01FE,,
258,555,1,3000,3,,,,,,,,,"Бормотун",,,,,,,,0xFF01FE,,
206,556,0,0,0,,,,,,,,,"Темнопряд Сит",,,,,,,,0xFF01FE,,
252,556,1,0,0,,,,,,,,,"Темнопряд Сит",,,,,,,,0xFF01FE,,
207,556,0,1000,1,,,,,,,,,"Король воронов Айкисс",,,,,,,,0xFF01FE,,
253,556,1,1000,1,,,,,,,,,"Анзу",,,,,,,,0xFF01FE,,
254,556,1,2000,2,,,,,,,,,"Король воронов Айкисс",,,,,,,,0xFF01FE,,
203,557,0,0,0,,,,,,,,,"Пандемоний",,,,,,,,0xFF01FE,,
248,557,1,0,0,,,,,,,,,"Пандемоний",,,,,,,,0xFF01FE,,
204,557,0,1000,1,,,,,,,,,"Таварок",,,,,,,,0xFF01FE,,
249,557,1,1000,1,,,,,,,,,"Таварок",,,,,,,,0xFF01FE,,
250,557,1,1500,2,,,,,,,,,"Йор",,,,,,,,0xFF01FE,,
205,557,0,2000,2,,,,,,,,,"Принц Шаффар",,,,,,,,0xFF01FE,,
251,557,1,2500,3,,,,,,,,,"Принц Шаффар",,,,,,,,0xFF01FE,,
201,558,0,0,0,,,,,,,,,"Ширрак Страж Мертвых",,,,,,,,0xFF01FE,,
246,558,1,0,0,,,,,,,,,"Ширрак Страж Мертвых",,,,,,,,0xFF01FE,,
202,558,0,1000,1,,,,,,,,,"Экзарх Маладаар",,,,,,,,0xFF01FE,,
247,558,1,1000,1,,,,,,,,,"Экзарх Маладаар",,,,,,,,0xFF01FE,,
286,560,1,-1000,2,,,,,,,,,"Лейтенант Дрейк",,,,,,,,0xFF01FE,,
285,560,0,1000,2,,,,,,,,,"Лейтенант Дрейк",,,,,,,,0xFF01FE,,
283,560,0,2000,1,,,,,,,,,"Капитан Скарлок",,,,,,,,0xFF01FE,,
284,560,1,2000,1,,,,,,,,,"Капитан Скарлок",,,,,,,,0xFF01FE,,
281,560,0,3000,0,,,,,,,,,"Охотник Вечности",,,,,,,,0xFF01FE,,
282,560,1,3000,0,,,,,,,,,"Охотник Вечности",,,,,,,,0xFF01FE,,
601,564,0,0,0,,,,,,,,,"Верховный Полководец Надж'ентус",,,,,,,,0xFF01FE,,
602,564,0,1000,1,,,,,,,,,"Супремус",,,,,,,,0xFF01FE,,
603,564,0,2000,2,,,,,,,,,"Тень Акамы",,,,,,,,0xFF01FE,,
604,564,0,3000,3,,,,,,,,,"Терон Кровожад",,,,,,,,0xFF01FE,,
605,564,0,4000,4,,,,,,,,,"Гуртогг Кипящая Кровь",,,,,,,,0xFF01FE,,
606,564,0,5000,5,,,,,,,,,"Реликварий Душ",,,,,,,,0xFF01FE,,
607,564,0,6000,6,,,,,,,,,"Матушка Шахраз",,,,,,,,0xFF01FE,,
608,564,0,7000,7,,,,,,,,,"Совет Иллидари",,,,,,,,0xFF01FE,,
609,564,0,8000,8,,,,,,,,,"Иллидан Ярость Бури",,,,,,,,0xFF01FE,,
649,565,0,0,0,,,,,,,,,"Король Молгар",,,,,,,,0xFF01FE,,
650,565,0,1000,1,,,,,,,,,"Груул Драконобой",,,,,,,,0xFF01FE,,
778,568,0,0,0,,,,,,,,,"Акил'зон",,,,,,,,0xFF01FE,,
779,568,0,1000,1,,,,,,,,,"Налоракк",,,,,,,,0xFF01FE,,
780,568,0,2000,2,,,,,,,,,"Джан'алай",,,,,,,,0xFF01FE,,
781,568,0,3000,3,,,,,,,,,"Халаззи",,,,,,,,0xFF01FE,,
782,568,0,4000,4,,,,,,,,,"Повелитель проклятий Малакрасс",,,,,,,,0xFF01FE,,
783,568,0,5000,5,,,,,,,,,"Зул'джин",,,,,,,,0xFF01FE,,
571,574,0,0,0,,,,,,,,,"Принц Келесет",,,,,,,,0xFF01FE,,
572,574,1,1000,0,,,,,,,,,"Принц Келесет",,,,,,,,0xFF01FE,,
573,574,0,1000,1,,,,,,,,,"Скарвальд и Далронн",,,,,,,,0xFF01FE,,
574,574,1,2000,1,,,,,,,,,"Скарвальд и Далронн",,,,,,,,0xFF01FE,,
575,574,0,2000,2,,,,,,,,,"Ингвар Расхититель",,,,,,,,0xFF01FE,,
576,574,1,3000,2,,,,,,,,,"Ингвар Расхититель",,,,,,,,0xFF01FE,,
577,575,0,0,0,,,,,,,,,"Свала Вечноскорбящая",,,,,,,,0xFF01FE,,
578,575,1,1000,0,,,,,,,,,"Свала Вечноскорбящая",,,,,,,,0xFF01FE,,
579,575,0,1000,1,,,,,,,,,"Горток Бледное Копыто",,,,,,,,0xFF01FE,,
580,575,1,2000,1,,,,,,,,,"Горток Бледное Копыто",,,,,,,,0xFF01FE,,
581,575,0,2000,2,,,,,,,,,"Скади Безжалостный",,,,,,,,0xFF01FE,,
582,575,1,3000,2,,,,,,,,,"Скади Безжалостный",,,,,,,,0xFF01FE,,
583,575,0,3000,3,,,,,,,,,"Король Имирон",,,,,,,,0xFF01FE,,
584,575,1,4000,3,,,,,,,,,"Король Имирон",,,,,,,,0xFF01FE,,
519,576,1,0,0,,,,,,,,,"Замерзший командир",,,,,,,,0xFF01FE,,
520,576,0,0,0,,,,,,,,,"Великая ведунья Телестра",,,,,,,,0xFF01FE,,
521,576,1,1000,1,,,,,,,,,"Великая ведунья Телестра",,,,,,,,0xFF01FE,,
522,576,0,1000,1,,,,,,,,,"Аномалус",,,,,,,,0xFF01FE,,
523,576,1,2000,2,,,,,,,,,"Аномалус",,,,,,,,0xFF01FE,,
524,576,0,2000,2,,,,,,,,,"Орморок Воспитатель Дерев",,,,,,,,0xFF01FE,,
525,576,1,3000,3,,,,,,,,,"Орморок Воспитатель Дерев",,,,,,,,0xFF01FE,,
526,576,0,3000,3,,,,,,,,,"Керистраза",,,,,,,,0xFF01FE,,
527,576,1,4000,4,,,,,,,,,"Керистраза",,,,,,,,0xFF01FE,,
528,578,0,0,0,,,,,,,,,"Дракос Дознаватель",,,,,,,,0xFF01FE,,
529,578,1,1000,0,,,,,,,,,"Дракос Дознаватель",,,,,,,,0xFF01FE,,
530,578,0,1000,1,,,,,,,,,"Варос Заоблачный Странник",,,,,,,,0xFF01FE,,
531,578,1,2000,1,,,,,,,,,"Варос Заоблачный Странник",,,,,,,,0xFF01FE,,
532,578,0,2000,2,,,,,,,,,"Маг-лорд Уром",,,,,,,,0xFF01FE,,
533,578,1,3000,2,,,,,,,,,"Маг-лорд Уром",,,,,,,,0xFF01FE,,
534,578,0,3000,3,,,,,,,,,"Хранитель энергии Эрегос",,,,,,,,0xFF01FE,,
535,578,1,4000,3,,,,,,,,,"Хранитель энергии Эрегос",,,,,,,,0xFF01FE,,
724,580,0,0,0,,,,,,,,,"Калесгос",,,,,,,,0xFF01FE,,
725,580,0,1000,1,,,,,,,,,"Бруталл",,,,,,,,0xFF01FE,,
726,580,0,2000,2,,,,,,,,,"Пророк Скверны",,,,,,,,0xFF01FE,,
727,580,0,3000,3,,,,,,,,,"Эредарские близнецы",,,,,,,,0xFF01FE,,
728,580,0,4000,4,,,,,,,,,"М'ууру",,,,,,,,0xFF01FE,,
729,580,0,5000,5,,,,,,,,,"Кил'джеден",,,,,,,,0xFF01FE,,
414,585,0,0,0,,,,,,,,,"Селин Огненное Сердце",,,,,,,,0xFF01FE,,
415,585,1,1000,0,,,,,,,,,"Селин Огненное Сердце",,,,,,,,0xFF01FE,,
416,585,0,1000,1,,,,,,,,,"Вексалиус",,,,,,,,0xFF01FE,,
417,585,1,2000,1,,,,,,,,,"Вексалиус",,,,,,,,0xFF01FE,,
418,585,0,2000,2,,,,,,,,,"Жрица Делрисса",,,,,,,,0xFF01FE,,
419,585,1,3000,2,,,,,,,,,"Жрица Делрисса",,,,,,,,0xFF01FE,,
420,585,0,3000,3,,,,,,,,,"Кель'тас Солнечный Скиталец",,,,,,,,0xFF01FE,,
421,585,1,4000,3,,,,,,,,,"Кель'тас Солнечный Скиталец",,,,,,,,0xFF01FE,,
293,595,0,0,0,,,,,,,,,"Мясной Крюк",,,,,,,,0xFF01FE,,
297,595,1,0,0,,,,,,,,,"Мясной Крюк",,,,,,,,0xFF01FE,,
294,595,0,1000,1,,,,,,,,,"Салрамм Плоторез",,,,,,,,0xFF01FE,,
298,595,1,1000,1,,,,,,,,,"Салрамм Плоторез",,,,,,,,0xFF01FE,,
295,595,0,2000,2,,,,,,,,,"Хронолорд Эпох",,,,,,,,0xFF01FE,,
299,595,1,2000,2,,,,,,,,,"Хронолорд Эпох",,,,,,,,0xFF01FE,,
296,595,0,3000,3,,,,,,,,,"Мал'Ганис",,,,,,,,0xFF01FE,,
300,595,1,3000,3,,,,,,,,,"Мал'Ганис",,,,,,,,0xFF01FE,,
563,599,0,0,0,,,,,,,,,"Кристаллус",,,,,,,,0xFF01FE,,
564,599,1,1000,0,,,,,,,,,"Кристаллус",,,,,,,,0xFF01FE,,
565,599,0,1000,1,,,,,,,,,"Дева Скорби",,,,,,,,0xFF01FE,,
566,599,1,2000,1,,,,,,,,,"Дева Скорби",,,,,,,,0xFF01FE,,
567,599,0,2000,2,,,,,,,,,"Трибунал Веков",,,,,,,,0xFF01FE,,
568,599,1,3000,2,,,,,,,,,"Трибунал Веков",,,,,,,,0xFF01FE,,
569,599,0,3000,3,,,,,,,,,"Сьоннир Литейщик",,,,,,,,0xFF01FE,,
570,599,1,4000,3,,,,,,,,,"Сьоннир Литейщик",,,,,,,,0xFF01FE,,
369,600,0,0,0,,,,,,,,,"Кровотролль",,,,,,,,0xFF01FE,,
370,600,1,1000,0,,,,,,,,,"Кровотролль",,,,,,,,0xFF01FE,,
371,600,0,1000,1,,,,,,,,,"Новос Призыватель",,,,,,,,0xFF01FE,,
372,600,1,2000,1,,,,,,,,,"Новос Призыватель",,,,,,,,0xFF01FE,,
373,600,0,2000,2,,,,,,,,,"Король Дред",,,,,,,,0xFF01FE,,
374,600,1,3000,2,,,,,,,,,"Король Дред",,,,,,,,0xFF01FE,,
375,600,0,3000,3,,,,,,,,,"Пророк Тарон'джа",,,,,,,,0xFF01FE,,
376,600,1,4000,3,,,,,,,,,"Пророк Тарон'джа",,,,,,,,0xFF01FE,,
216,601,0,0,0,,,,,,,,,"Крик'тир Хранитель Врат",,,,,,,,0xFF01FE,,
264,601,1,0,0,,,,,,,,,"Крик'тир Хранитель Врат",,,,,,,,0xFF01FE,,
217,601,0,1000,1,,,,,,,,,"Хадронокс",,,,,,,,0xFF01FE,,
265,601,1,1000,1,,,,,,,,,"Хадронокс",,,,,,,,0xFF01FE,,
218,601,0,2000,2,,,,,,,,,"Ануб'арак",,,,,,,,0xFF01FE,,
266,601,1,2000,2,,,,,,,,,"Ануб'арак",,,,,,,,0xFF01FE,,
555,602,0,0,0,,,,,,,,,"Генерал Бьярнгрин",,,,,,,,0xFF01FE,,
556,602,1,1000,0,,,,,,,,,"Генерал Бьярнгрин",,,,,,,,0xFF01FE,,
557,602,0,1000,1,,,,,,,,,"Волхан",,,,,,,,0xFF01FE,,
558,602,1,2000,1,,,,,,,,,"Волхан",,,,,,,,0xFF01FE,,
559,602,0,2000,2,,,,,,,,,"Ионар",,,,,,,,0xFF01FE,,
560,602,1,3000,2,,,,,,,,,"Ионар",,,,,,,,0xFF01FE,,
561,602,0,3000,3,,,,,,,,,"Локен",,,,,,,,0xFF01FE,,
562,602,1,4000,3,,,,,,,,,"Локен",,,,,,,,0xFF01FE,,
744,603,0,0,0,,,,,,,,,"Огненный Левиафан",,,,,,,,0xFF01FE,,
758,603,1,0,0,,,,,,,,,"Огненный Левиафан",,,,,,,,0xFF01FE,,
745,603,0,1000,1,,,,,,,,,"Повелитель Горнов Игнис",,,,,,,,0xFF01FE,,
759,603,1,1000,1,,,,,,,,,"Повелитель Горнов Игнис",,,,,,,,0xFF01FE,,
746,603,0,2000,2,,,,,,,,,"Острокрылая",,,,,,,,0xFF01FE,,
747,603,0,3000,3,,,,,,,,,"Разрушитель XT-002",,,,,,,,0xFF01FE,,
748,603,0,4000,4,,,,,,,,,"Железное Собрание",,,,,,,,0xFF01FE,,
760,603,1,4500,2,,,,,,,,,"Острокрылая",,,,,,,,0xFF01FE,,
749,603,0,5000,5,,,,,,,,,"Кологарн",,,,,,,,0xFF01FE,,
761,603,1,5500,3,,,,,,,,,"Разрушитель XT-002",,,,,,,,0xFF01FE,,
750,603,0,6000,6,,,,,,,,,"Ауриайя",,,,,,,,0xFF01FE,,
762,603,1,6500,4,,,,,,,,,"Железное Собрание",,,,,,,,0xFF01FE,,
751,603,0,7000,7,,,,,,,,,"Ходир",,,,,,,,0xFF01FE,,
763,603,1,7500,5,,,,,,,,,"Кологарн",,,,,,,,0xFF01FE,,
752,603,0,8000,8,,,,,,,,,"Торим",,,,,,,,0xFF01FE,,
764,603,1,8500,6,,,,,,,,,"Ауриайя",,,,,,,,0xFF01FE,,
753,603,0,9000,9,,,,,,,,,"Фрейя",,,,,,,,0xFF01FE,,
765,603,1,9500,7,,,,,,,,,"Ходир",,,,,,,,0xFF01FE,,
754,603,0,10000,10,,,,,,,,,"Мимирон",,,,,,,,0xFF01FE,,
766,603,1,10500,8,,,,,,,,,"Торим",,,,,,,,0xFF01FE,,
755,603,0,11000,11,,,,,,,,,"Генерал Везакс",,,,,,,,0xFF01FE,,
767,603,1,11500,9,,,,,,,,,"Фрейя",,,,,,,,0xFF01FE,,
756,603,0,12000,12,,,,,,,,,"Йогг-Сарон",,,,,,,,0xFF01FE,,
768,603,1,12500,10,,,,,,,,,"Мимирон",,,,,,,,0xFF01FE,,
757,603,0,13000,13,,,,,,,,,"Алгалон Наблюдатель",,,,,,,,0xFF01FE,,
769,603,1,13500,11,,,,,,,,,"Генерал Везакс",,,,,,,,0xFF01FE,,
770,603,1,14500,12,,,,,,,,,"Йогг-Сарон",,,,,,,,0xFF01FE,,
771,603,1,15500,13,,,,,,,,,"Алгалон Наблюдатель",,,,,,,,0xFF01FE,,
383,604,0,0,0,,,,,,,,,"Слад'ран",,,,,,,,0xFF01FE,,
384,604,1,1000,0,,,,,,,,,"Слад'ран",,,,,,,,0xFF01FE,,
385,604,0,1000,1,,,,,,,,,"Колосс Драккари",,,,,,,,0xFF01FE,,
386,604,1,2000,1,,,,,,,,,"Колосс Драккари",,,,,,,,0xFF01FE,,
387,604,0,2000,2,,,,,,,,,"Мураби",,,,,,,,0xFF01FE,,
388,604,1,3000,2,,,,,,,,,"Мураби",,,,,,,,0xFF01FE,,
390,604,0,3000,3,,,,,,,,,"Гал'дара",,,,,,,,0xFF01FE,,
389,604,1,4000,3,,,,,,,,,"Эк Свирепый",,,,,,,,0xFF01FE,,
391,604,1,5000,4,,,,,,,,,"Гал'дара",,,,,,,,0xFF01FE,,
541,608,0,0,0,,,,,,,,,"Первый пленник",,,,,,,,0xFF01FE,,
542,608,1,1000,0,,,,,,,,,"Первый пленник",,,,,,,,0xFF01FE,,
543,608,0,1000,1,,,,,,,,,"Второй пленник",,,,,,,,0xFF01FE,,
544,608,1,2000,1,,,,,,,,,"Второй пленник",,,,,,,,0xFF01FE,,
545,608,0,2000,2,,,,,,,,,"Синигоса",,,,,,,,0xFF01FE,,
546,608,1,3000,2,,,,,,,,,"Синигоса",,,,,,,,0xFF01FE,,
740,615,0,-1000,2,,,,,,,,,"Весперон",,,,,,,,0xFF01FE,,
736,615,0,0,0,,,,,,,,,"Тенеброн",,,,,,,,0xFF01FE,,
741,615,1,0,2,,,,,,,,,"Весперон",,,,,,,,0xFF01FE,,
737,615,1,1000,0,,,,,,,,,"Тенеброн",,,,,,,,0xFF01FE,,
738,615,0,1000,1,,,,,,,,,"Шадрон",,,,,,,,0xFF01FE,,
739,615,1,2000,1,,,,,,,,,"Шадрон",,,,,,,,0xFF01FE,,
742,615,0,3000,3,,,,,,,,,"Сартарион",,,,,,,,0xFF01FE,,
743,615,1,4000,3,,,,,,,,,"Сартарион",,,,,,,,0xFF01FE,,
734,616,0,0,0,,,,,,,,,"Малигос",,,,,,,,0xFF01FE,,
735,616,1,1000,0,,,,,,,,,"Малигос",,,,,,,,0xFF01FE,,
212,619,0,0,0,,,,,,,,,"Старейшина Надокс",,,,,,,,0xFF01FE,,
259,619,1,0,0,,,,,,,,,"Старейшина Надокс",,,,,,,,0xFF01FE,,
213,619,0,1000,1,,,,,,,,,"Принц Талдарам",,,,,,,,0xFF01FE,,
260,619,1,1000,1,,,,,,,,,"Принц Талдарам",,,,,,,,0xFF01FE,,
214,619,0,2000,2,,,,,,,,,"Джедога Искательница Теней",,,,,,,,0xFF01FE,,
261,619,1,2000,2,,,,,,,,,"Джедога Искательница Теней",,,,,,,,0xFF01FE,,
215,619,0,3000,3,,,,,,,,,"Глашатай Волаж",,,,,,,,0xFF01FE,,
262,619,1,3000,3,,,,,,,,,"Аманитар",,,,,,,,0xFF01FE,,
263,619,1,4000,4,,,,,,,,,"Глашатай Волаж",,,,,,,,0xFF01FE,,
772,624,0,0,0,,,,,,,,,"Аркавон Страж Камня",,,,,,,,0xFF01FE,,
773,624,1,1000,0,,,,,,,,,"Аркавон Страж Камня",,,,,,,,0xFF01FE,,
774,624,0,1000,1,,,,,,,,,"Эмалон Страж Бури",,,,,,,,0xFF01FE,,
775,624,1,2000,1,,,,,,,,,"Эмалон Страж Бури",,,,,,,,0xFF01FE,,
776,624,0,2000,2,,,,,,,,,"Коралон Страж Огня",,,,,,,,0xFF01FE,,
777,624,1,3000,2,,,,,,,,,"Коралон Страж Огня",,,,,,,,0xFF01FE,,
885,624,0,3000,3,,,,,,,,,"Торавон Страж Льда",,,,,,,,0xFF01FE,,
886,624,1,4000,3,,,,,,,,,"Торавон Страж Льда",,,,,,,,0xFF01FE,,
845,631,0,0,0,,,,,,,,,"Лорд Ребрад",,,,,,,,0xFF01FE,,
857,631,1,0,0,,,,,,,,,"Лорд Ребрад",,,,,,,,0xFF01FE,,
846,631,0,1000,1,,,,,,,,,"Леди Смертный Шепот",,,,,,,,0xFF01FE,,
858,631,1,1000,1,,,,,,,,,"Леди Смертный Шепот",,,,,,,,0xFF01FE,,
847,631,0,2000,2,,,,,,,,,"Боевой корабль Ледяной Короны",,,,,,,,0xFF01FE,,
859,631,1,2000,2,,,,,,,,,"Боевой корабль Ледяной Короны",,,,,,,,0xFF01FE,,
848,631,0,3000,3,,,,,,,,,"Саурфанг Смертоносный",,,,,,,,0xFF01FE,,
860,631,1,3000,3,,,,,,,,,"Саурфанг Смертоносный",,,,,,,,0xFF01FE,,
849,631,0,4000,4,,,,,,,,,"Тухлопуз",,,,,,,,0xFF01FE,,
861,631,1,4000,4,,,,,,,,,"Тухлопуз",,,,,,,,0xFF01FE,,
850,631,0,5000,5,,,,,,,,,"Гниломорд",,,,,,,,0xFF01FE,,
862,631,1,5000,5,,,,,,,,,"Гниломорд",,,,,,,,0xFF01FE,,
851,631,0,6000,6,,,,,,,,,"Профессор Мерзоцид",,,,,,,,0xFF01FE,,
863,631,1,6000,6,,,,,,,,,"Профессор Мерзоцид",,,,,,,,0xFF01FE,,
852,631,0,7000,7,,,,,,,,,"Кровавый Совет",,,,,,,,0xFF01FE,,
864,631,1,7000,7,,,,,,,,,"Кровавый Совет",,,,,,,,0xFF01FE,,
853,631,0,8000,8,,,,,,,,,"Королева Лана'тель",,,,,,,,0xFF01FE,,
865,631,1,8000,8,,,,,,,,,"Королева Лана'тель",,,,,,,,0xFF01FE,,
854,631,0,9000,9,,,,,,,,,"Валитрия Сноходица",,,,,,,,0xFF01FE,,
866,631,1,9000,9,,,,,,,,,"Валитрия Сноходица",,,,,,,,0xFF01FE,,
855,631,0,10000,10,,,,,,,,,"Синдрагоса",,,,,,,,0xFF01FE,,
867,631,1,10000,10,,,,,,,,,"Синдрагоса",,,,,,,,0xFF01FE,,
856,631,0,11000,11,,,,,,,,,"Король-лич",,,,,,,,0xFF01FE,,
868,631,1,11000,11,,,,,,,,,"Король-лич",,,,,,,,0xFF01FE,,
829,632,0,0,0,,,,,,,,,"Броньям",,,,,,,,0xFF01FE,,
830,632,1,1000,0,,,,,,,,,"Броньям",,,,,,,,0xFF01FE,,
831,632,0,1000,1,,,,,,,,,"Пожиратель Душ",,,,,,,,0xFF01FE,,
832,632,1,2000,1,,,,,,,,,"Пожиратель Душ",,,,,,,,0xFF01FE,,
629,649,0,0,0,,,,,,,,,"Чудовища Нордскола",,,,,,,,0xFF01FE,,
630,649,1,1000,0,,,,,,,,,"Чудовища Нордскола",,,,,,,,0xFF01FE,,
633,649,0,1000,1,,,,,,,,,"Лорд Джараксус",,,,,,,,0xFF01FE,,
631,649,2,2000,0,,,,,,,,,"Чудовища Нордскола",,,,,,,,0xFF01FE,,
634,649,1,2000,1,,,,,,,,,"Лорд Джараксус",,,,,,,,0xFF01FE,,
637,649,0,2000,2,,,,,,,,,"Чемпионы фракций",,,,,,,,0xFF01FE,,
632,649,3,3000,0,,,,,,,,,"Чудовища Нордскола",,,,,,,,0xFF01FE,,
635,649,2,3000,1,,,,,,,,,"Лорд Джараксус",,,,,,,,0xFF01FE,,
638,649,1,3000,2,,,,,,,,,"Чемпионы фракций",,,,,,,,0xFF01FE,,
641,649,0,3000,3,,,,,,,,,"Валь'киры-близнецы",,,,,,,,0xFF01FE,,
636,649,3,4000,1,,,,,,,,,"Лорд Джараксус",,,,,,,,0xFF01FE,,
639,649,2,4000,2,,,,,,,,,"Чемпионы фракций",,,,,,,,0xFF01FE,,
642,649,1,4000,3,,,,,,,,,"Валь'киры-близнецы",,,,,,,,0xFF01FE,,
645,649,0,4000,4,,,,,,,,,"Ануб'арак",,,,,,,,0xFF01FE,,
640,649,3,5000,2,,,,,,,,,"Чемпионы фракций",,,,,,,,0xFF01FE,,
643,649,2,5000,3,,,,,,,,,"Валь'киры-близнецы",,,,,,,,0xFF01FE,,
646,649,1,5000,4,,,,,,,,,"Ануб'арак",,,,,,,,0xFF01FE,,
644,649,3,6000,3,,,,,,,,,"Валь'киры-близнецы",,,,,,,,0xFF01FE,,
647,649,2,6000,4,,,,,,,,,"Ануб'арак",,,,,,,,0xFF01FE,,
648,649,3,7000,4,,,,,,,,,"Ануб'арак",,,,,,,,0xFF01FE,,
334,650,0,0,0,,,,,,,,,"Абсолютные чемпионы",,,,,,,,0xFF01FE,,
336,650,1,1000,0,,,,,,,,,"Абсолютные чемпионы",,,,,,,,0xFF01FE,,
338,650,0,1000,1,,,,,,,,,"Чемпион Серебряного Авангарда",,,,,,,,0xFF01FE,,
339,650,1,2000,1,,,,,,,,,"Чемпион Серебряного Авангарда",,,,,,,,0xFF01FE,,
340,650,0,2000,2,,,,,,,,,"Черный рыцарь",,,,,,,,0xFF01FE,,
341,650,1,3000,2,,,,,,,,,"Черный рыцарь",,,,,,,,0xFF01FE,,
833,658,0,0,0,,,,,,,,,"Начальник кузни Гархлад",,,,,,,,0xFF01FE,,
834,658,1,1000,0,,,,,,,,,"Начальник кузни Гархлад",,,,,,,,0xFF01FE,,
835,658,0,1000,1,,,,,,,,,"Крик",,,,,,,,0xFF01FE,,
836,658,1,2000,1,,,,,,,,,"Крик",,,,,,,,0xFF01FE,,
837,658,0,2000,2,,,,,,,,,"Властитель Тираний",,,,,,,,0xFF01FE,,
838,658,1,3000,2,,,,,,,,,"Властитель Тираний",,,,,,,,0xFF01FE,,
842,668,1,0,1,,,,,,,,,"Фалрик",,,,,,,,0xFF01FE,,
841,668,0,500,1,,,,,,,,,"Фалрик",,,,,,,,0xFF01FE,,
840,668,1,1000,0,,,,,,,,,"Марвин",,,,,,,,0xFF01FE,,
839,668,0,1500,0,,,,,,,,,"Марвин",,,,,,,,0xFF01FE,,
843,668,0,2000,2,,,,,,,,,"Побег от Артаса",,,,,,,,0xFF01FE,,
844,668,1,3000,2,,,,,,,,,"Побег от Артаса",,,,,,,,0xFF01FE,,
889,724,1,-1000,1,,,,,,,,,"Балтар Рожденный в Битве",,,,,,,,0xFF01FE,,
890,724,0,-1000,1,,,,,,,,,"Балтар Рожденный в Битве",,,,,,,,0xFF01FE,,
891,724,0,-500,2,,,,,,,,,"Савиана Огненная Пропасть",,,,,,,,0xFF01FE,,
892,724,1,-500,2,,,,,,,,,"Савиана Огненная Пропасть",,,,,,,,0xFF01FE,,
893,724,0,-250,3,,,,,,,,,"Генерал Заритриан",,,,,,,,0xFF01FE,,
894,724,1,-250,3,,,,,,,,,"Генерал Заритриан",,,,,,,,0xFF01FE,,
887,724,0,0,0,,,,,,,,,"Халион",,,,,,,,0xFF01FE,,
888,724,1,0,0,,,,,,,,,"Халион",,,,,,,,0xFF01FE,,
