long,long,long,long,flags,flags,long,long,flags,flags,long,long,long,long,flags,long,flags,flags,long,float,float,long,long,str,None,None,None,None,None,None,None,str,None,None,None,None,None,None,None,flags,str,None,None,None,None,None,None,None,str,None,None,None,None,None,None,None,flags,
1,-1,0,0,0x0,0x0,0,0,0x0,0x0,0,0,0,0,0x0,0,0x0,0x0,0,1.0,1.0,5,5,"ГРАВЕЦЬ: людина",,,,,,,,"ГРАВЕЦЬ: людина",,,,,,,,0xFF01FE,"",,,,,,,,"",,,,,,,,0xFF01FC,
2,-1,0,0,0x0,0x0,0,0,0x0,0x0,0,0,0,0,0x0,0,0x0,0x0,0,1.0,1.0,5,5,"ГРАВЕЦЬ: орк",,,,,,,,"ГРАВЕЦЬ: орк",,,,,,,,0xFF01FE,"",,,,,,,,"",,,,,,,,0xFF01FC,
3,-1,0,0,0x0,0x0,0,0,0x0,0x0,0,0,0,0,0x0,0,0x0,0x0,0,1.0,1.0,5,5,"ГРАВЕЦЬ: дворф",,,,,,,,"ГРАВЕЦЬ: дворф",,,,,,,,0xFF01FE,"",,,,,,,,"",,,,,,,,0xFF01FC,
4,-1,0,0,0x0,0x0,0,0,0x0,0x0,0,0,0,0,0x0,0,0x0,0x0,0,1.0,1.0,5,5,"ГРАВЕЦЬ: Нічний ельф",,,,,,,,"ГРАВЕЦЬ: Нічний ельф",,,,,,,,0xFF01FE,"",,,,,,,,"",,,,,,,,0xFF01FC,
5,-1,0,0,0x0,0x0,0,0,0x0,0x0,0,0,0,0,0x0,0,0x0,0x0,0,1.0,1.0,5,5,"ГРАВЕЦЬ: нежить",,,,,,,,"ГРАВЕЦЬ: нежить",,,,,,,,0xFF01FE,"",,,,,,,,"",,,,,,,,0xFF01FE,
6,-1,0,0,0x0,0x0,0,0,0x0,0x0,0,0,0,0,0x0,0,0x0,0x0,0,1.0,1.0,5,5,"ГРАВЕЦЬ: таурен",,,,,,,,"ГРАВЕЦЬ: таурен",,,,,,,,0xFF01FE,"",,,,,,,,"",,,,,,,,0xFF01FC,
7,-1,0,0,0x0,0x0,0,0,0x0,0x0,0,0,0,0,0x0,0,0x0,0x0,0,1.0,1.0,5,5,"Тварина",,,,,,,,"Тварина",,,,,,,,0xFF01FE,"",,,,,,,,"",,,,,,,,0xFF01FC,
8,-1,0,0,0x0,0x0,0,0,0x0,0x0,0,0,0,0,0x0,0,0x0,0x0,0,1.0,1.0,5,5,"ГРАВЕЦЬ: гном",,,,,,,,"ГРАВЕЦЬ: гном",,,,,,,,0xFF01FE,"",,,,,,,,"",,,,,,,,0xFF01FC,
9,-1,0,0,0x0,0x0,0,0,0x0,0x0,0,0,0,0,0x0,0,0x0,0x0,0,1.0,1.0,5,5,"ГРАВЕЦЬ: троль",,,,,,,,"ГРАВЕЦЬ: троль",,,,,,,,0xFF01FE,"",,,,,,,,"",,,,,,,,0xFF01FC,
14,-1,0,0,0x0,0x0,0,0,0x0,0x0,0,0,0,0,0x0,0,0x0,0x0,0,1.0,1.0,5,5,"Монстр",,,,,,,,"Монстр",,,,,,,,0xFF01FE,"",,,,,,,,"",,,,,,,,0xFF01FC,
15,-1,0,0,0x0,0x0,0,0,0x0,0x0,0,0,0,0,0x0,0,0x0,0x0,0,1.0,1.0,5,5,"Братство Справедливості",,,,,,,,"Братство Справедливості",,,,,,,,0xFF01FE,"",,,,,,,,"",,,,,,,,0xFF01FC,
16,-1,0,0,0x0,0x0,0,0,0x0,0x0,0,0,0,0,0x0,0,0x0,0x0,0,1.0,1.0,5,5,"Гнолл: Речная Лапа",,,,,,,,"Гнолл: Речная Лапа",,,,,,,,0xFF01FE,"",,,,,,,,"",,,,,,,,0xFF01FC,
17,-1,0,0,0x0,0x0,0,0,0x0,0x0,0,0,0,0,0x0,0,0x0,0x0,0,1.0,1.0,5,5,"Гнолл: Плем'я Красногорья",,,,,,,,"Гнолл: Плем'я Красногорья",,,,,,,,0xFF01FE,"",,,,,,,,"",,,,,,,,0xFF01FC,
18,-1,0,0,0x0,0x0,0,0,0x0,0x0,0,0,0,0,0x0,0,0x0,0x0,0,1.0,1.0,5,5,"Гнолл: Темношкуры",,,,,,,,"Гнолл: Темношкуры",,,,,,,,0xFF01FE,"",,,,,,,,"",,,,,,,,0xFF01FC,
19,-1,0,0,0x0,0x0,0,0,0x0,0x0,0,0,0,0,0x0,0,0x0,0x0,0,1.0,1.0,5,5,"Мурлок",,,,,,,,"Мурлок",,,,,,,,0xFF01FE,"",,,,,,,,"",,,,,,,,0xFF01FC,
20,-1,0,0,0x0,0x0,0,0,0x0,0x0,0,0,0,0,0x0,0,0x0,0x0,0,1.0,1.0,5,5,"Нежить, Скара",,,,,,,,"Нежить, Скара",,,,,,,,0xFF01FE,"",,,,,,,,"",,,,,,,,0xFF01FC,
21,1,1791,0,0x0,0x0,0,0,0x0,0x0,500,0,0,0,0x40,0,0x0,0x0,169,1.0,0.5,7,5,"Піратська Бухта",,,,,,,,"Піратська Бухта",,,,,,,,0xFF01FE,"В цьому процветающем приморском місті править барон Ревилгаз, розбійник Чорноводдя. Місто заходить в картель Хитра Шестерня і веде войну з Кровавым парусом.",,,,,,,,"В цьому процветающем приморском місті править барон Ревилгаз, розбійник Чорноводдя. Місто заходить в картель Хитра Шестерня і веде войну з Кровавым парусом.",,,,,,,,0xFF01FE,
22,-1,0,0,0x0,0x0,0,0,0x0,0x0,0,0,0,0,0x0,0,0x0,0x0,0,1.0,1.0,5,5,"Звір: павук",,,,,,,,"Звір: павук",,,,,,,,0xFF01FE,"",,,,,,,,"",,,,,,,,0xFF01FC,
23,-1,0,0,0x0,0x0,0,0,0x0,0x0,0,0,0,0,0x0,0,0x0,0x0,0,1.0,1.0,5,5,"Звір: кабан",,,,,,,,"Звір: кабан",,,,,,,,0xFF01FE,"",,,,,,,,"",,,,,,,,0xFF01FC,
24,-1,0,0,0x0,0x0,0,0,0x0,0x0,0,0,0,0,0x0,0,0x0,0x0,0,1.0,1.0,5,5,"Ворген",,,,,,,,"Ворген",,,,,,,,0xFF01FE,"",,,,,,,,"",,,,,,,,0xFF01FC,
25,-1,0,0,0x0,0x0,0,0,0x0,0x0,0,0,0,0,0x0,0,0x0,0x0,0,1.0,1.0,5,5,"Кобольд",,,,,,,,"Кобольд",,,,,,,,0xFF01FE,"",,,,,,,,"",,,,,,,,0xFF01FC,
26,-1,0,0,0x0,0x0,0,0,0x0,0x0,0,0,0,0,0x0,0,0x0,0x0,0,1.0,1.0,5,5,"Троль: Кривавий Скальп",,,,,,,,"Троль: Кривавий Скальп",,,,,,,,0xFF01FE,"",,,,,,,,"",,,,,,,,0xFF01FC,
27,-1,0,0,0x0,0x0,0,0,0x0,0x0,0,0,0,0,0x0,0,0x0,0x0,0,1.0,1.0,5,5,"Троль: Дробители Черепів",,,,,,,,"Троль: Дробители Черепів",,,,,,,,0xFF01FE,"",,,,,,,,"",,,,,,,,0xFF01FC,
28,-1,0,0,0x0,0x0,0,0,0x0,0x0,0,0,0,0,0x0,0,0x0,0x0,0,1.0,1.0,5,5,"Добыча",,,,,,,,"Добыча",,,,,,,,0xFF01FE,"",,,,,,,,"",,,,,,,,0xFF01FC,
29,-1,0,0,0x0,0x0,0,0,0x0,0x0,0,0,0,0,0x0,0,0x0,0x0,0,1.0,1.0,5,5,"Звір: вовк",,,,,,,,"Звір: вовк",,,,,,,,0xFF01FE,"",,,,,,,,"",,,,,,,,0xFF01FC,
30,-1,0,0,0x0,0x0,0,0,0x0,0x0,0,0,0,0,0x0,0,0x0,0x0,0,1.0,1.0,5,5,"Предатель Братства Справедливості",,,,,,,,"Предатель Братства Справедливості",,,,,,,,0xFF01FE,"",,,,,,,,"",,,,,,,,0xFF01FC,
31,-1,0,0,0x0,0x0,0,0,0x0,0x0,0,0,0,0,0x0,0,0x0,0x0,0,1.0,1.0,5,5,"Дружній",,,,,,,,"Дружній",,,,,,,,0xFF01FE,"",,,,,,,,"",,,,,,,,0xFF01FC,
32,-1,0,0,0x0,0x0,0,0,0x0,0x0,0,0,0,0,0x0,0,0x0,0x0,0,1.0,1.0,5,5,"Трогг",,,,,,,,"Трогг",,,,,,,,0xFF01FE,"",,,,,,,,"",,,,,,,,0xFF01FC,
33,-1,0,0,0x0,0x0,0,0,0x0,0x0,0,0,0,0,0x0,0,0x0,0x0,0,1.0,1.0,5,5,"Троль: Мерзлогривы",,,,,,,,"Троль: Мерзлогривы",,,,,,,,0xFF01FE,"",,,,,,,,"",,,,,,,,0xFF01FC,
34,-1,0,0,0x0,0x0,0,0,0x0,0x0,0,0,0,0,0x0,0,0x0,0x0,0,1.0,1.0,5,5,"Орк: Чорна Гора",,,,,,,,"Орк: Чорна Гора",,,,,,,,0xFF01FE,"",,,,,,,,"",,,,,,,,0xFF01FC,
35,-1,0,0,0x0,0x0,0,0,0x0,0x0,0,0,0,0,0x0,0,0x0,0x0,0,1.0,1.0,5,5,"Злодей",,,,,,,,"Злодей",,,,,,,,0xFF01FE,"",,,,,,,,"",,,,,,,,0xFF01FC,
36,-1,0,0,0x0,0x0,0,0,0x0,0x0,0,0,0,0,0x0,0,0x0,0x0,0,1.0,1.0,5,5,"Жертва",,,,,,,,"Жертва",,,,,,,,0xFF01FE,"",,,,,,,,"",,,,,,,,0xFF01FC,
37,-1,0,0,0x0,0x0,0,0,0x0,0x0,0,0,0,0,0x0,0,0x0,0x0,0,1.0,1.0,5,5,"Звір: ведмідь",,,,,,,,"Звір: ведмідь",,,,,,,,0xFF01FE,"",,,,,,,,"",,,,,,,,0xFF01FC,
38,-1,0,0,0x0,0x0,0,0,0x0,0x0,0,0,0,0,0x0,0,0x0,0x0,0,1.0,1.0,5,5,"Огр",,,,,,,,"Огр",,,,,,,,0xFF01FE,"",,,,,,,,"",,,,,,,,0xFF01FC,
39,-1,0,0,0x0,0x0,0,0,0x0,0x0,0,0,0,0,0x0,0,0x0,0x0,0,1.0,1.0,5,5,"Наемники Курцена",,,,,,,,"Наемники Курцена",,,,,,,,0xFF01FE,"",,,,,,,,"",,,,,,,,0xFF01FC,
40,-1,0,0,0x0,0x0,0,0,0x0,0x0,0,0,0,0,0x0,0,0x0,0x0,0,1.0,1.0,5,5,"Сопровождаемый",,,,,,,,"Сопровождаемый",,,,,,,,0xFF01FE,"",,,,,,,,"",,,,,,,,0xFF01FC,
41,-1,0,0,0x0,0x0,0,0,0x0,0x0,0,0,0,0,0x0,0,0x0,0x0,0,1.0,1.0,5,5,"Торговая Компания",,,,,,,,"Торговая Компания",,,,,,,,0xFF01FE,"",,,,,,,,"",,,,,,,,0xFF01FC,
42,-1,0,0,0x0,0x0,0,0,0x0,0x0,0,0,0,0,0x0,0,0x0,0x0,0,1.0,1.0,5,5,"Звір: ящер",,,,,,,,"Звір: ящер",,,,,,,,0xFF01FE,"",,,,,,,,"",,,,,,,,0xFF01FC,
43,-1,0,0,0x0,0x0,0,0,0x0,0x0,0,0,0,0,0x0,0,0x0,0x0,0,1.0,1.0,5,5,"Василиск",,,,,,,,"Василиск",,,,,,,,0xFF01FE,"",,,,,,,,"",,,,,,,,0xFF01FC,
44,-1,0,0,0x0,0x0,0,0,0x0,0x0,0,0,0,0,0x0,0,0x0,0x0,0,1.0,1.0,5,5,"Зелені дракони",,,,,,,,"Зелені дракони",,,,,,,,0xFF01FE,"",,,,,,,,"",,,,,,,,0xFF01FC,
45,-1,0,0,0x0,0x0,0,0,0x0,0x0,0,0,0,0,0x0,0,0x0,0x0,0,1.0,1.0,5,5,"Заблудшие",,,,,,,,"Заблудшие",,,,,,,,0xFF01FE,"",,,,,,,,"",,,,,,,,0xFF01FC,
46,29,1791,0,0x0,0x0,0,0,0x0,0x0,0,0,0,0,0x4,0,0x0,0x0,0,1.0,1.0,5,5,"Ковальська справа: ковка обладунків",,,,,,,,"Ковальська справа: ковка обладунків",,,,,,,,0xFF01FE,"",,,,,,,,"",,,,,,,,0xFF01FC,
47,20,1097,690,0x4,0x0,0,0,0x0,0x0,3100,-42000,4000,0,0x111,6,0x11,0x0,469,1.0,0.25,7,5,"Стальгорн",,,,,,,,"Стальгорн",,,,,,,,0xFF01FE,"Одна з столиць Альянсу, населена дворфами Дун Морога. Вотчина короля Магни.",,,,,,,,"Одна з столиць Альянсу, населена дворфами Дун Морога. Вотчина короля Магни.",,,,,,,,0xFF01FE,
48,-1,0,0,0x0,0x0,0,0,0x0,0x0,0,0,0,0,0x0,0,0x0,0x0,0,1.0,1.0,5,5,"Дворфы Чорного Заліза",,,,,,,,"Дворфы Чорного Заліза",,,,,,,,0xFF01FE,"",,,,,,,,"",,,,,,,,0xFF01FC,
49,-1,0,0,0x0,0x0,0,0,0x0,0x0,0,0,0,0,0x0,0,0x0,0x0,0,1.0,1.0,5,5,"Людина: Нічний Дозор",,,,,,,,"Людина: Нічний Дозор",,,,,,,,0xFF01FE,"",,,,,,,,"",,,,,,,,0xFF01FC,
50,-1,0,0,0x0,0x0,0,0,0x0,0x0,0,0,0,0,0x0,0,0x0,0x0,0,1.0,1.0,5,5,"Червоні дракони",,,,,,,,"Червоні дракони",,,,,,,,0xFF01FE,"",,,,,,,,"",,,,,,,,0xFF01FC,
51,-1,0,0,0x0,0x0,0,0,0x0,0x0,0,0,0,0,0x0,0,0x0,0x0,0,1.0,1.0,5,5,"Гнолл: Мохошкур",,,,,,,,"Гнолл: Мохошкур",,,,,,,,0xFF01FE,"",,,,,,,,"",,,,,,,,0xFF01FC,
52,-1,0,0,0x0,0x0,0,0,0x0,0x0,0,0,0,0,0x0,0,0x0,0x0,0,1.0,1.0,5,5,"Орк: Драконова Паща",,,,,,,,"Орк: Драконова Паща",,,,,,,,0xFF01FE,"",,,,,,,,"",,,,,,,,0xFF01FC,
53,-1,0,0,0x0,0x0,0,0,0x0,0x0,0,0,0,0,0x0,0,0x0,0x0,0,1.0,1.0,5,5,"Гном: зараженный",,,,,,,,"Гном: зараженный",,,,,,,,0xFF01FE,"",,,,,,,,"",,,,,,,,0xFF01FC,
54,18,1037,690,0x40,0x0,0,0,0x0,0x0,3100,-42000,4000,0,0x111,6,0x11,0x0,469,1.0,0.25,7,5,"Изгнанники Гномергану",,,,,,,,"Изгнанники Гномергану",,,,,,,,0xFF01FE,"Ці колишні жителі Гномергану знайшли прихисток в Стальгорне і тепер входять в склад Альянсу.",,,,,,,,"Ці колишні жителі Гномергану знайшли прихисток в Стальгорне і тепер входять в склад Альянсу.",,,,,,,,0xFF01FE,
55,-1,0,0,0x0,0x0,0,0,0x0,0x0,0,0,0,0,0x0,0,0x0,0x0,0,1.0,1.0,5,5,"Леопард",,,,,,,,"Леопард",,,,,,,,0xFF01FE,"",,,,,,,,"",,,,,,,,0xFF01FC,
56,-1,0,0,0x0,0x0,0,0,0x0,0x0,0,0,0,0,0x0,0,0x0,0x0,0,1.0,1.0,5,5,"Алый орден",,,,,,,,"Алый орден",,,,,,,,0xFF01FE,"",,,,,,,,"",,,,,,,,0xFF01FC,
57,-1,0,0,0x0,0x0,0,0,0x0,0x0,0,0,0,0,0x0,0,0x0,0x0,0,1.0,1.0,5,5,"Гнолл: Гнилошкуры",,,,,,,,"Гнолл: Гнилошкуры",,,,,,,,0xFF01FE,"",,,,,,,,"",,,,,,,,0xFF01FC,
58,-1,0,0,0x0,0x0,0,0,0x0,0x0,0,0,0,0,0x0,0,0x0,0x0,0,1.0,1.0,5,5,"Звір: горилла",,,,,,,,"Звір: горилла",,,,,,,,0xFF01FE,"",,,,,,,,"",,,,,,,,0xFF01FC,
59,4,1791,0,0x0,0x0,0,0,0x0,0x0,0,0,0,0,0x10,0,0x0,0x0,1118,0.0,0.0,5,5,"Братство Торія",,,,,,,,"Братство Торія",,,,,,,,0xFF01FE,"Дворфы з Братства Торія – прославленные майстра і кращі знатоки тайн Чорної скелі.",,,,,,,,"Дворфы з Братства Торія – прославленные майстра і кращі знатоки тайн Чорної скелі.",,,,,,,,0xFF01FE,
60,-1,0,0,0x0,0x0,0,0,0x0,0x0,0,0,0,0,0x0,0,0x0,0x0,0,1.0,1.0,5,5,"Нага",,,,,,,,"Нага",,,,,,,,0xFF01FE,"",,,,,,,,"",,,,,,,,0xFF01FC,
61,-1,0,0,0x0,0x0,0,0,0x0,0x0,0,0,0,0,0x0,0,0x0,0x0,0,1.0,1.0,5,5,"Даларан",,,,,,,,"Даларан",,,,,,,,0xFF01FE,"",,,,,,,,"",,,,,,,,0xFF01FC,
62,-1,0,0,0x0,0x0,0,0,0x0,0x0,0,0,0,0,0x0,0,0x0,0x0,0,1.0,1.0,5,5,"Неприкаянный дух",,,,,,,,"Неприкаянный дух",,,,,,,,0xFF01FE,"",,,,,,,,"",,,,,,,,0xFF01FC,
63,-1,0,0,0x0,0x0,0,0,0x0,0x0,0,0,0,0,0x0,0,0x0,0x0,0,1.0,1.0,5,5,"Мрачный Вой",,,,,,,,"Мрачный Вой",,,,,,,,0xFF01FE,"",,,,,,,,"",,,,,,,,0xFF01FC,
64,-1,0,0,0x0,0x0,0,0,0x0,0x0,0,0,0,0,0x0,0,0x0,0x0,0,1.0,1.0,5,5,"Грелль",,,,,,,,"Грелль",,,,,,,,0xFF01FE,"",,,,,,,,"",,,,,,,,0xFF01FC,
65,-1,0,0,0x0,0x0,0,0,0x0,0x0,0,0,0,0,0x0,0,0x0,0x0,0,1.0,1.0,5,5,"Фурболг",,,,,,,,"Фурболг",,,,,,,,0xFF01FE,"",,,,,,,,"",,,,,,,,0xFF01FC,
66,-1,0,0,0x0,0x0,0,0,0x0,0x0,0,0,0,0,0x0,0,0x0,0x0,0,1.0,1.0,5,5,"Орда: стандартный",,,,,,,,"Орда: стандартный",,,,,,,,0xFF01FE,"",,,,,,,,"",,,,,,,,0xFF01FC,
67,12,690,1101,0x0,0x0,0,0,0x0,0x0,3500,-42000,0,0,0x19,14,0x0,0x0,1118,0.0,0.0,5,5,"Орда",,,,,,,,"Орда",,,,,,,,0xFF01FE,"",,,,,,,,"",,,,,,,,0xFF01FC,
68,17,162,1101,0x10,0x200,0,0,0x0,0x0,500,-42000,4000,3100,0x111,6,0x11,0x11,67,1.0,0.25,7,5,"Підмісто",,,,,,,,"Підмісто",,,,,,,,0xFF01FE,"Підземелля під руїнами Лордерону населені Відреченими, які уклали крихкий союз з Ордою. Ними править леді Сільвана.",,,,,,,,"Підземелля під руїнами Лордерону населені Відреченими, які уклали крихкий союз з Ордою. Ними править леді Сільвана.",,,,,,,,0xFF01FE,
69,21,1093,690,0x8,0x0,0,0,0x0,0x0,3100,-42000,4000,0,0x111,6,0x11,0x0,469,1.0,0.25,7,5,"Дарнас",,,,,,,,"Дарнас",,,,,,,,0xFF01FE,"Одна з столиць Альянсу, розташована на острові Тельдрассіл і населена нічними ельфами. Тут править жриця місяця по імені Тіранда Шелест Вітру.",,,,,,,,"Одна з столиць Альянсу, розташована на острові Тельдрассіл і населена нічними ельфами. Тут править жриця місяця по імені Тіранда Шелест Вітру.",,,,,,,,0xFF01FE,
70,6,1791,0,0x0,0x0,0,0,0x0,0x0,-10000,0,0,0,0x2,0,0x0,0x0,0,1.0,1.0,5,5,"Синдикат",,,,,,,,"Синдикат",,,,,,,,0xFF01FE,"Злочинна спільнота, організована людьми. Діє майже на усій території Альтеракських гір і передгір'їв Гілсбраду.",,,,,,,,"Злочинна спільнота, організована людьми. Діє майже на усій території Альтеракських гір і передгір'їв Гілсбраду.",,,,,,,,0xFF01FE,
71,-1,0,0,0x0,0x0,0,0,0x0,0x0,0,0,0,0,0x0,0,0x0,0x0,0,1.0,1.0,5,5,"Дружина Гілсбраду",,,,,,,,"Дружина Гілсбраду",,,,,,,,0xFF01FE,"",,,,,,,,"",,,,,,,,0xFF01FC,
72,19,1100,690,0x1,0x0,0,0,0x0,0x0,3100,-42000,4000,0,0x111,6,0x11,0x0,469,1.0,0.25,7,5,"Штормград",,,,,,,,"Штормград",,,,,,,,0xFF01FE,"Один з последних оплотов могутності человеческой расы, возглавляемый вернувшимся до влади королем Варианом Ринном.",,,,,,,,"Один з последних оплотов могутності человеческой расы, возглавляемый вернувшимся до влади королем Варианом Ринном.",,,,,,,,0xFF01FE,
73,-1,0,0,0x0,0x0,0,0,0x0,0x0,0,0,0,0,0x0,0,0x0,0x0,0,1.0,1.0,5,5,"Демон",,,,,,,,"Демон",,,,,,,,0xFF01FE,"",,,,,,,,"",,,,,,,,0xFF01FC,
74,-1,0,0,0x0,0x0,0,0,0x0,0x0,0,0,0,0,0x0,0,0x0,0x0,0,1.0,1.0,5,5,"Елементаль",,,,,,,,"Елементаль",,,,,,,,0xFF01FE,"",,,,,,,,"",,,,,,,,0xFF01FC,
75,-1,0,0,0x0,0x0,0,0,0x0,0x0,0,0,0,0,0x0,0,0x0,0x0,0,1.0,1.0,5,5,"Дух",,,,,,,,"Дух",,,,,,,,0xFF01FE,"",,,,,,,,"",,,,,,,,0xFF01FC,
76,14,160,1101,0x2,0x210,0,0,0x0,0x0,3100,-42000,4000,500,0x111,6,0x11,0x11,67,1.0,0.25,7,5,"Оргріммар",,,,,,,,"Оргріммар",,,,,,,,0xFF01FE,"Ця столиця Орди, основанная Траллом, служит домом для множества орочьих кланов Дуротара.",,,,,,,,"Ця столиця Орди, основанная Траллом, служит домом для множества орочьих кланов Дуротара.",,,,,,,,0xFF01FE,
77,-1,0,0,0x0,0x0,0,0,0x0,0x0,0,0,0,0,0x0,0,0x0,0x0,0,1.0,1.0,5,5,"Сокровище",,,,,,,,"Сокровище",,,,,,,,0xFF01FE,"",,,,,,,,"",,,,,,,,0xFF01FC,
78,-1,0,0,0x0,0x0,0,0,0x0,0x0,0,0,0,0,0x0,0,0x0,0x0,0,1.0,1.0,5,5,"Гнолл: Грязнорылы",,,,,,,,"Гнолл: Грязнорылы",,,,,,,,0xFF01FE,"",,,,,,,,"",,,,,,,,0xFF01FC,
79,-1,0,0,0x0,0x0,0,0,0x0,0x0,0,0,0,0,0x0,0,0x0,0x0,0,1.0,1.0,5,5,"Гіллсбрад, мэр Южнобережья",,,,,,,,"Гіллсбрад, мэр Южнобережья",,,,,,,,0xFF01FE,"",,,,,,,,"",,,,,,,,0xFF01FC,
80,-1,0,0,0x0,0x0,0,0,0x0,0x0,0,0,0,0,0x0,0,0x0,0x0,0,1.0,1.0,5,5,"Чорні дракони",,,,,,,,"Чорні дракони",,,,,,,,0xFF01FE,"",,,,,,,,"",,,,,,,,0xFF01FC,
81,16,130,1101,0x210,0x20,0,0,0x0,0x0,3100,-42000,500,4000,0x111,6,0x11,0x11,67,1.0,0.25,7,5,"Громовий Перевал",,,,,,,,"Громовий Перевал",,,,,,,,0xFF01FE,"В этой столиці Орди править могучий таурен Кэрн Криваве Копито.",,,,,,,,"В этой столиці Орди править могучий таурен Кэрн Криваве Копито.",,,,,,,,0xFF01FE,
82,-1,0,0,0x0,0x0,0,0,0x0,0x0,0,0,0,0,0x0,0,0x0,0x0,0,1.0,1.0,5,5,"Троль: Сухокожие",,,,,,,,"Троль: Сухокожие",,,,,,,,0xFF01FE,"",,,,,,,,"",,,,,,,,0xFF01FC,
83,23,1791,0,0x0,0x0,0,0,0x0,0x0,2999,0,0,0,0x4,0,0x0,0x0,0,1.0,1.0,5,5,"Шкіряна справа: сила стихій",,,,,,,,"Шкіряна справа: сила стихій",,,,,,,,0xFF01FE,"",,,,,,,,"",,,,,,,,0xFF01FC,
84,-1,0,0,0x0,0x0,0,0,0x0,0x0,0,0,0,0,0x0,0,0x0,0x0,0,1.0,1.0,5,5,"Свинобраз: Голкогриві",,,,,,,,"Свинобраз: Голкогриві",,,,,,,,0xFF01FE,"",,,,,,,,"",,,,,,,,0xFF01FC,
85,-1,0,0,0x0,0x0,0,0,0x0,0x0,0,0,0,0,0x0,0,0x0,0x0,0,1.0,1.0,5,5,"Свинобраз: Дыбогривы",,,,,,,,"Свинобраз: Дыбогривы",,,,,,,,0xFF01FE,"",,,,,,,,"",,,,,,,,0xFF01FC,
86,22,1791,0,0x0,0x0,0,0,0x0,0x0,2999,0,0,0,0x4,0,0x0,0x0,0,1.0,1.0,5,5,"Шкіряна справа: луска дракона",,,,,,,,"Шкіряна справа: луска дракона",,,,,,,,0xFF01FE,"",,,,,,,,"",,,,,,,,0xFF01FC,
87,0,1791,0,0x0,0x0,0,0,0x0,0x0,-6500,0,0,0,0x2,0,0x0,0x0,1118,0.0,0.0,5,5,"Пірати Кривавого Вітрила",,,,,,,,"Пірати Кривавого Вітрила",,,,,,,,0xFF01FE,"Кровожадные пираты, известные всім капитанам торгових кораблей. Закляті вороги жителів Пиратской Бухты.",,,,,,,,"Кровожадные пираты, известные всім капитанам торгових кораблей. Закляті вороги жителів Пиратской Бухты.",,,,,,,,0xFF01FE,
88,-1,0,0,0x0,0x0,0,0,0x0,0x0,0,0,0,0,0x0,0,0x0,0x0,0,1.0,1.0,5,5,"Непроглядна пучина",,,,,,,,"Непроглядна пучина",,,,,,,,0xFF01FE,"",,,,,,,,"",,,,,,,,0xFF01FC,
89,-1,0,0,0x0,0x0,0,0,0x0,0x0,0,0,0,0,0x0,0,0x0,0x0,0,1.0,1.0,5,5,"Макрура",,,,,,,,"Макрура",,,,,,,,0xFF01FE,"",,,,,,,,"",,,,,,,,0xFF01FC,
90,-1,0,0,0x0,0x0,0,0,0x0,0x0,0,0,0,0,0x0,0,0x0,0x0,0,1.0,1.0,5,5,"Кентавр: Колкар",,,,,,,,"Кентавр: Колкар",,,,,,,,0xFF01FE,"",,,,,,,,"",,,,,,,,0xFF01FC,
91,-1,0,0,0x0,0x0,0,0,0x0,0x0,0,0,0,0,0x0,0,0x0,0x0,0,1.0,1.0,5,5,"Кентавр: Галак",,,,,,,,"Кентавр: Галак",,,,,,,,0xFF01FE,"",,,,,,,,"",,,,,,,,0xFF01FC,
92,2,1791,0,0x0,0x0,0,0,0x0,0x0,2000,0,0,0,0x2,0,0x0,0x0,1118,0.0,0.0,5,5,"Кентаври з племені Гелкис",,,,,,,,"Кентаври з племені Гелкис",,,,,,,,0xFF01FE,"Це плем'я кентавров обосновалось в южной частини Пустошей. Закляті вороги племені Маграм.",,,,,,,,"Це плем'я кентавров обосновалось в южной частини Пустошей. Закляті вороги племені Маграм.",,,,,,,,0xFF01FE,
93,3,1791,0,0x0,0x0,0,0,0x0,0x0,2000,0,0,0,0x2,0,0x0,0x0,1118,0.0,0.0,5,5,"Кентаври з племені Маграм",,,,,,,,"Кентаври з племені Маграм",,,,,,,,0xFF01FE,"Це плем'я кентавров обосновалось в восточной частини Пустошей. Закляті вороги племені Гелкис.",,,,,,,,"Це плем'я кентавров обосновалось в восточной частини Пустошей. Закляті вороги племені Гелкис.",,,,,,,,0xFF01FE,
94,-1,0,0,0x0,0x0,0,0,0x0,0x0,0,0,0,0,0x0,0,0x0,0x0,0,1.0,1.0,5,5,"Мародин",,,,,,,,"Мародин",,,,,,,,0xFF01FE,"",,,,,,,,"",,,,,,,,0xFF01FC,
108,-1,0,0,0x0,0x0,0,0,0x0,0x0,0,0,0,0,0x0,0,0x0,0x0,0,1.0,1.0,5,5,"Терамор",,,,,,,,"Терамор",,,,,,,,0xFF01FE,"",,,,,,,,"",,,,,,,,0xFF01FC,
109,-1,0,0,0x0,0x0,0,0,0x0,0x0,0,0,0,0,0x0,0,0x0,0x0,0,1.0,1.0,5,5,"Свинобраз: Иглошкуры",,,,,,,,"Свинобраз: Иглошкуры",,,,,,,,0xFF01FE,"",,,,,,,,"",,,,,,,,0xFF01FC,
110,-1,0,0,0x0,0x0,0,0,0x0,0x0,0,0,0,0,0x0,0,0x0,0x0,0,1.0,1.0,5,5,"Свинобраз: Голкогриві",,,,,,,,"Свинобраз: Голкогриві",,,,,,,,0xFF01FE,"",,,,,,,,"",,,,,,,,0xFF01FC,
111,-1,0,0,0x0,0x0,0,0,0x0,0x0,0,0,0,0,0x0,0,0x0,0x0,0,1.0,1.0,5,5,"Свинобраз: Мертва Голова",,,,,,,,"Свинобраз: Мертва Голова",,,,,,,,0xFF01FE,"",,,,,,,,"",,,,,,,,0xFF01FC,
128,-1,0,0,0x0,0x0,0,0,0x0,0x0,0,0,0,0,0x0,0,0x0,0x0,0,1.0,1.0,5,5,"Противник",,,,,,,,"Противник",,,,,,,,0xFF01FE,"",,,,,,,,"",,,,,,,,0xFF01FC,
148,-1,0,0,0x0,0x0,0,0,0x0,0x0,0,0,0,0,0x0,0,0x0,0x0,0,1.0,1.0,5,5,"Фауна",,,,,,,,"Фауна",,,,,,,,0xFF01FE,"",,,,,,,,"",,,,,,,,0xFF01FC,
168,-1,0,0,0x0,0x0,0,0,0x0,0x0,0,0,0,0,0x0,0,0x0,0x0,0,1.0,1.0,5,5,"Караван Вартових Порожнечі",,,,,,,,"Караван Вартових Порожнечі",,,,,,,,0xFF01FE,"",,,,,,,,"",,,,,,,,0xFF01FC,
169,10,1791,0,0x0,0x0,0,0,0x0,0x0,500,0,0,0,0xC,0,0x0,0x0,1118,0.0,0.0,5,5,"Картель Хитра Шестерня",,,,,,,,"Картель Хитра Шестерня",,,,,,,,0xFF01FE,"",,,,,,,,"",,,,,,,,0xFF01FC,
189,-1,0,0,0x0,0x0,0,0,0x0,0x0,0,0,0,0,0x0,0,0x0,0x0,0,1.0,1.0,5,5,"Альянс: стандартный",,,,,,,,"Альянс: стандартный",,,,,,,,0xFF01FE,"",,,,,,,,"",,,,,,,,0xFF01FC,
209,-1,0,0,0x0,0x0,0,0,0x0,0x0,0,0,0,0,0x0,0,0x0,0x0,0,1.0,1.0,5,5,"Фортеця Вартових Порожнечі",,,,,,,,"Фортеця Вартових Порожнечі",,,,,,,,0xFF01FE,"",,,,,,,,"",,,,,,,,0xFF01FC,
229,-1,0,0,0x0,0x0,0,0,0x0,0x0,0,0,0,0,0x0,0,0x0,0x0,0,1.0,1.0,5,5,"Печери Плачу",,,,,,,,"Печери Плачу",,,,,,,,0xFF01FE,"",,,,,,,,"",,,,,,,,0xFF01FC,
249,-1,0,0,0x0,0x0,0,0,0x0,0x0,0,0,0,0,0x0,0,0x0,0x0,0,1.0,1.0,5,5,"Силитиды",,,,,,,,"Силитиды",,,,,,,,0xFF01FE,"",,,,,,,,"",,,,,,,,0xFF01FC,
269,-1,0,0,0x0,0x0,0,0,0x0,0x0,0,0,0,0,0x0,0,0x0,0x0,0,1.0,1.0,5,5,"Діти Срібномісяця",,,,,,,,"Діти Срібномісяця",,,,,,,,0xFF01FE,"",,,,,,,,"",,,,,,,,0xFF01FC,
270,51,1791,0,0x0,0x0,0,0,0x0,0x0,0,0,0,0,0x10,0,0x0,0x0,1118,0.0,0.0,5,5,"Плем'я Зандалар",,,,,,,,"Плем'я Зандалар",,,,,,,,0xFF01FE,"Ці тролі прибыли на острів Йоджамба в пошуках допомогою для боротьби з воскресшим Кровавым богом і його жерцями в Зул'Гурубе.",,,,,,,,"Ці тролі прибыли на острів Йоджамба в пошуках допомогою для боротьби з воскресшим Кровавым богом і його жерцями в Зул'Гурубе.",,,,,,,,0xFF01FE,
289,30,1791,0,0x0,0x0,0,0,0x0,0x0,0,0,0,0,0x4,0,0x0,0x0,0,1.0,1.0,5,5,"Ковальська справа: ковка зброї",,,,,,,,"Ковальська справа: ковка зброї",,,,,,,,0xFF01FE,"",,,,,,,,"",,,,,,,,0xFF01FC,
309,-1,0,0,0x0,0x0,0,0,0x0,0x0,0,0,0,0,0x0,0,0x0,0x0,0,1.0,1.0,5,5,"Скорпід",,,,,,,,"Скорпід",,,,,,,,0xFF01FE,"",,,,,,,,"",,,,,,,,0xFF01FC,
310,-1,0,0,0x0,0x0,0,0,0x0,0x0,0,0,0,0,0x0,0,0x0,0x0,0,1.0,1.0,5,5,"Звір: летучая миша",,,,,,,,"Звір: летучая миша",,,,,,,,0xFF01FE,"",,,,,,,,"",,,,,,,,0xFF01FC,
311,-1,0,0,0x0,0x0,0,0,0x0,0x0,0,0,0,0,0x0,0,0x0,0x0,0,1.0,1.0,5,5,"Титан",,,,,,,,"Титан",,,,,,,,0xFF01FE,"",,,,,,,,"",,,,,,,,0xFF01FC,
329,-1,0,0,0x0,0x0,0,0,0x0,0x0,0,0,0,0,0x0,0,0x0,0x0,0,1.0,1.0,5,5,"Надсмотрщик Физзул",,,,,,,,"Надсмотрщик Физзул",,,,,,,,0xFF01FE,"",,,,,,,,"",,,,,,,,0xFF01FC,
349,5,1791,0,0x0,0x0,0,0,0x0,0x0,0,0,0,0,0x0,0,0x0,0x0,1118,0.0,0.0,5,5,"Чорний Ворон",,,,,,,,"Чорний Ворон",,,,,,,,0xFF01FE,"В цю гильдию злодіїв і убийц принимают лише настоящих майстрів свого справи. Закляті вороги Синдиката.",,,,,,,,"В цю гильдию злодіїв і убийц принимают лише настоящих майстрів свого справи. Закляті вороги Синдиката.",,,,,,,,0xFF01FE,
369,7,1791,0,0x0,0x0,0,0,0x0,0x0,500,0,0,0,0x40,0,0x0,0x0,169,1.0,0.5,7,5,"Прибамбаск",,,,,,,,"Прибамбаск",,,,,,,,0xFF01FE,"Столиця картеля Хитра Шестерня, населена кращими инженерами, алхимиками і торговцами народа гоблінів.",,,,,,,,"Столиця картеля Хитра Шестерня, населена кращими инженерами, алхимиками і торговцами народа гоблінів.",,,,,,,,0xFF01FE,
389,-1,0,0,0x0,0x0,0,0,0x0,0x0,0,0,0,0,0x0,0,0x0,0x0,0,1.0,1.0,5,5,"Гномреганський жук",,,,,,,,"Гномреганський жук",,,,,,,,0xFF01FE,"",,,,,,,,"",,,,,,,,0xFF01FC,
409,-1,0,0,0x0,0x0,0,0,0x0,0x0,0,0,0,0,0x0,0,0x0,0x0,0,1.0,1.0,5,5,"Гарпия",,,,,,,,"Гарпия",,,,,,,,0xFF01FE,"",,,,,,,,"",,,,,,,,0xFF01FC,
429,-1,0,0,0x0,0x0,0,0,0x0,0x0,0,0,0,0,0x0,0,0x0,0x0,0,1.0,1.0,5,5,"Палаючий Клинок",,,,,,,,"Палаючий Клинок",,,,,,,,0xFF01FE,"",,,,,,,,"",,,,,,,,0xFF01FC,
449,-1,0,0,0x0,0x0,0,0,0x0,0x0,0,0,0,0,0x0,0,0x0,0x0,0,1.0,1.0,5,5,"Браконьер тенешелка",,,,,,,,"Браконьер тенешелка",,,,,,,,0xFF01FE,"",,,,,,,,"",,,,,,,,0xFF01FC,
450,-1,0,0,0x0,0x0,0,0,0x0,0x0,0,0,0,0,0x0,0,0x0,0x0,0,1.0,1.0,5,5,"Лавовый павук",,,,,,,,"Лавовый павук",,,,,,,,0xFF01FE,"",,,,,,,,"",,,,,,,,0xFF01FC,
469,11,1101,690,0x0,0x0,0,0,0x0,0x0,3300,-42000,0,0,0x19,14,0x0,0x0,1118,0.0,0.0,5,5,"Альянс",,,,,,,,"Альянс",,,,,,,,0xFF01FE,"",,,,,,,,"",,,,,,,,0xFF01FC,
470,9,1791,0,0x0,0x0,0,0,0x0,0x0,500,0,0,0,0x40,0,0x0,0x0,169,1.0,0.5,7,5,"Кабестан",,,,,,,,"Кабестан",,,,,,,,0xFF01FE,"Цей гоблинский місто заходить в картель Хитра Шестерня і вже багато лет предоставляет убежище торговцам Степей.",,,,,,,,"Цей гоблинский місто заходить в картель Хитра Шестерня і вже багато лет предоставляет убежище торговцам Степей.",,,,,,,,0xFF01FE,
471,8,1097,690,0x4,0x0,0,0,0x0,0x0,150,-42000,500,0,0x14,22,0x4,0x0,0,1.0,1.0,5,5,"Неистовый Молот",,,,,,,,"Неистовый Молот",,,,,,,,0xFF01FE,"Дворфы Заоблачного пика не входять в Альянс, але завжди допомагають його членам і воюют з Ордою.",,,,,,,,"Дворфы Заоблачного пика не входять в Альянс, але завжди допомагають його членам і воюют з Ордою.",,,,,,,,0xFF01FE,
489,-1,0,0,0x0,0x0,0,0,0x0,0x0,0,0,0,0,0x0,0,0x0,0x0,0,1.0,1.0,5,5,"Гоблін: завсегдатай бара Чорного Заліза",,,,,,,,"Гоблін: завсегдатай бара Чорного Заліза",,,,,,,,0xFF01FE,"",,,,,,,,"",,,,,,,,0xFF01FC,
509,53,1101,690,0x0,0x0,0,0,0x0,0x0,0,-42000,0,0,0x10,2,0x0,0x0,891,0.0,0.0,5,5,"Лига Аратора",,,,,,,,"Лига Аратора",,,,,,,,0xFF01FE,"Ціль Ліги Аратора – повернути Низину Араті своїм благодетелям з Штормграду.",,,,,,,,"Ціль Ліги Аратора – повернути Низину Араті своїм благодетелям з Штормграду.",,,,,,,,0xFF01FE,
510,52,690,1101,0x0,0x0,0,0,0x0,0x0,0,-42000,0,0,0x10,2,0x0,0x0,892,0.0,0.0,5,5,"Осквернители",,,,,,,,"Осквернители",,,,,,,,0xFF01FE,"Осквернители ведуть борьбу за те, щоб богатства Низовини Араті достались Орде.",,,,,,,,"Осквернители ведуть борьбу за те, щоб богатства Низовини Араті достались Орде.",,,,,,,,0xFF01FE,
511,-1,0,0,0x0,0x0,0,0,0x0,0x0,0,0,0,0,0x0,0,0x0,0x0,0,1.0,1.0,5,5,"Велетень",,,,,,,,"Велетень",,,,,,,,0xFF01FE,"",,,,,,,,"",,,,,,,,0xFF01FC,
529,13,1791,0,0x0,0x0,0,0,0x0,0x0,200,0,0,0,0x0,0,0x0,0x0,1118,0.0,0.0,5,5,"Срібний Світанок",,,,,,,,"Срібний Світанок",,,,,,,,0xFF01FE,"Организация, созданная для захисту Азероту від Бича. Фортеці Срібного Світанку можна знайти в Западных і Східних Чумних землях.",,,,,,,,"Организация, созданная для захисту Азероту від Бича. Фортеці Срібного Світанку можна знайти в Западных і Східних Чумних землях.",,,,,,,,0xFF01FE,
530,15,34,1101,0x210,0x80,0,0,0x0,0x0,3100,-42000,500,4000,0x111,6,0x11,0x11,67,1.0,0.25,7,5,"Тролли Чорного Списа",,,,,,,,"Тролли Чорного Списа",,,,,,,,0xFF01FE,"Тролли-вигнанці, примкнувшие до Траллу і вставшие на сторону Орди. Зараз вони считают своїм домом Дуротар.",,,,,,,,"Тролли-вигнанці, примкнувшие до Траллу і вставшие на сторону Орди. Зараз вони считают своїм домом Дуротар.",,,,,,,,0xFF01FE,
531,-1,0,0,0x0,0x0,0,0,0x0,0x0,0,0,0,0,0x0,0,0x0,0x0,0,1.0,1.0,5,5,"Бронзовые дракони",,,,,,,,"Бронзовые дракони",,,,,,,,0xFF01FE,"",,,,,,,,"",,,,,,,,0xFF01FC,
532,-1,0,0,0x0,0x0,0,0,0x0,0x0,0,0,0,0,0x0,0,0x0,0x0,0,1.0,1.0,5,5,"Сині дракони",,,,,,,,"Сині дракони",,,,,,,,0xFF01FE,"",,,,,,,,"",,,,,,,,0xFF01FC,
549,24,1791,0,0x0,0x0,0,0,0x0,0x0,2999,0,0,0,0x4,0,0x0,0x0,0,1.0,1.0,5,5,"Шкіряна справа: традиції предків",,,,,,,,"Шкіряна справа: традиції предків",,,,,,,,0xFF01FE,"",,,,,,,,"",,,,,,,,0xFF01FC,
550,26,1791,0,0x0,0x0,0,0,0x0,0x0,2999,0,0,0,0x4,0,0x0,0x0,0,1.0,1.0,5,5,"Інженерна справа: школа гоблінів",,,,,,,,"Інженерна справа: школа гоблінів",,,,,,,,0xFF01FE,"",,,,,,,,"",,,,,,,,0xFF01FC,
551,25,1791,0,0x0,0x0,0,0,0x0,0x0,2999,0,0,0,0x4,0,0x0,0x0,0,1.0,1.0,5,5,"Інженерна справа: школа гномів",,,,,,,,"Інженерна справа: школа гномів",,,,,,,,0xFF01FE,"",,,,,,,,"",,,,,,,,0xFF01FC,
569,33,1791,0,0x0,0x0,0,0,0x0,0x0,0,0,0,0,0x4,0,0x0,0x0,0,1.0,1.0,5,5,"Ковальська справа: ковка молотов",,,,,,,,"Ковальська справа: ковка молотов",,,,,,,,0xFF01FE,"",,,,,,,,"",,,,,,,,0xFF01FC,
570,31,1791,0,0x0,0x0,0,0,0x0,0x0,0,0,0,0,0x4,0,0x0,0x0,0,1.0,1.0,5,5,"Ковальська справа: ковка топоров",,,,,,,,"Ковальська справа: ковка топоров",,,,,,,,0xFF01FE,"",,,,,,,,"",,,,,,,,0xFF01FC,
571,32,1791,0,0x0,0x0,0,0,0x0,0x0,0,0,0,0,0x4,0,0x0,0x0,0,1.0,1.0,5,5,"Ковальська справа: ковка мечів",,,,,,,,"Ковальська справа: ковка мечів",,,,,,,,0xFF01FE,"",,,,,,,,"",,,,,,,,0xFF01FC,
572,-1,0,0,0x0,0x0,0,0,0x0,0x0,0,0,0,0,0x0,0,0x0,0x0,0,1.0,1.0,5,5,"Троль: Порочная Ветвь",,,,,,,,"Троль: Порочная Ветвь",,,,,,,,0xFF01FE,"",,,,,,,,"",,,,,,,,0xFF01FC,
573,-1,0,0,0x0,0x0,0,0,0x0,0x0,0,0,0,0,0x0,0,0x0,0x0,0,1.0,1.0,5,5,"Флибустьеры Південних морів",,,,,,,,"Флибустьеры Південних морів",,,,,,,,0xFF01FE,"",,,,,,,,"",,,,,,,,0xFF01FC,
574,34,1791,0,0x0,0x0,0,0,0x0,0x0,0,0,0,0,0x4,0,0x0,0x0,0,1.0,1.0,5,5,"Каэр Дарроу",,,,,,,,"Каэр Дарроу",,,,,,,,0xFF01FE,"",,,,,,,,"",,,,,,,,0xFF01FC,
575,-1,0,0,0x0,0x0,0,0,0x0,0x0,0,0,0,0,0x0,0,0x0,0x0,0,1.0,1.0,5,5,"Фурболг, Неиспорченный",,,,,,,,"Фурболг, Неиспорченный",,,,,,,,0xFF01FE,"",,,,,,,,"",,,,,,,,0xFF01FC,
576,35,1791,0,0x0,0x0,0,0,0x0,0x0,-3500,0,0,0,0x2,0,0x0,0x0,1118,0.0,0.0,5,5,"Древобрюхи",,,,,,,,"Древобрюхи",,,,,,,,0xFF01FE,"Древобрюхи – єдине плем'я фурболгов, яке зуміло уникнути Порчі. Представителі цього племені бережуть традиції свого народу і прагнуть припинити муки своїх братів.",,,,,,,,"Древобрюхи – єдине плем'я фурболгов, яке зуміло уникнути Порчі. Представителі цього племені бережуть традиції свого народу і прагнуть припинити муки своїх братів.",,,,,,,,0xFF01FE,
577,28,1791,0,0x0,0x0,0,0,0x0,0x0,500,0,0,0,0x40,0,0x0,0x0,169,1.0,0.5,7,5,"Вічнозір",,,,,,,,"Вічнозір",,,,,,,,0xFF01FE,"Торговий пост картеля Хитра Шестерня, расположенный на перехресті основних торгових шляхів Зимових Джерел.",,,,,,,,"Торговий пост картеля Хитра Шестерня, расположенный на перехресті основних торгових шляхів Зимових Джерел.",,,,,,,,0xFF01FE,
589,27,690,1101,0x0,0x0,0,0,0x0,0x0,-42000,0,0,0,0x6,0,0x0,0x0,0,1.0,1.0,5,5,"Приборкувачі льодопардів",,,,,,,,"Приборкувачі льодопардів",,,,,,,,0xFF01FE,"Малочисленна і замкнута спільнота нічних ельфів, яка займається розведенням і дресеруванням льодопардів в Зимових Джерелах.",,,,,,,,"Малочисленна і замкнута спільнота нічних ельфів, яка займається розведенням і дресеруванням льодопардів в Зимових Джерелах.",,,,,,,,0xFF01FE,
609,36,1791,40,0x0,0x0,511,1024,0x0,0x0,0,2000,0,0,0x0,0,0x0,0x0,1118,0.0,0.0,5,5,"Коло Кенарія",,,,,,,,"Коло Кенарія",,,,,,,,0xFF01FE,"Друїди Кола Кенарія, стоящие на варті природи, избрали своїм домом Місячну Галявину.",,,,,,,,"Друїди Кола Кенарія, стоящие на варті природи, избрали своїм домом Місячну Галявину.",,,,,,,,0xFF01FE,
629,-1,0,0,0x0,0x0,0,0,0x0,0x0,0,0,0,0,0x0,0,0x0,0x0,0,1.0,1.0,5,5,"Тролли з племені Пронзающего Списа",,,,,,,,"Тролли з племені Пронзающего Списа",,,,,,,,0xFF01FE,"",,,,,,,,"",,,,,,,,0xFF01FC,
630,-1,0,0,0x0,0x0,0,0,0x0,0x0,0,0,0,0,0x0,0,0x0,0x0,0,1.0,1.0,5,5,"Дрессировщики равазавров",,,,,,,,"Дрессировщики равазавров",,,,,,,,0xFF01FE,"",,,,,,,,"",,,,,,,,0xFF01FC,
649,-1,0,0,0x0,0x0,0,0,0x0,0x0,0,0,0,0,0x0,0,0x0,0x0,0,1.0,1.0,5,5,"Мажордом Экзекутус",,,,,,,,"Мажордом Экзекутус",,,,,,,,0xFF01FE,"",,,,,,,,"",,,,,,,,0xFF01FC,
669,-1,0,0,0x0,0x0,0,0,0x0,0x0,0,0,0,0,0x0,0,0x0,0x0,0,1.0,1.0,5,5,"Звір: падальщик",,,,,,,,"Звір: падальщик",,,,,,,,0xFF01FE,"",,,,,,,,"",,,,,,,,0xFF01FC,
670,-1,0,0,0x0,0x0,0,0,0x0,0x0,0,0,0,0,0x0,0,0x0,0x0,0,1.0,1.0,5,5,"Звір: кішка",,,,,,,,"Звір: кішка",,,,,,,,0xFF01FE,"",,,,,,,,"",,,,,,,,0xFF01FC,
671,-1,0,0,0x0,0x0,0,0,0x0,0x0,0,0,0,0,0x0,0,0x0,0x0,0,1.0,1.0,5,5,"Звір: краб",,,,,,,,"Звір: краб",,,,,,,,0xFF01FE,"",,,,,,,,"",,,,,,,,0xFF01FC,
672,-1,0,0,0x0,0x0,0,0,0x0,0x0,0,0,0,0,0x0,0,0x0,0x0,0,1.0,1.0,5,5,"Звір: кроколіск",,,,,,,,"Звір: кроколіск",,,,,,,,0xFF01FE,"",,,,,,,,"",,,,,,,,0xFF01FC,
673,-1,0,0,0x0,0x0,0,0,0x0,0x0,0,0,0,0,0x0,0,0x0,0x0,0,1.0,1.0,5,5,"Звір: гієна",,,,,,,,"Звір: гієна",,,,,,,,0xFF01FE,"",,,,,,,,"",,,,,,,,0xFF01FC,
674,-1,0,0,0x0,0x0,0,0,0x0,0x0,0,0,0,0,0x0,0,0x0,0x0,0,1.0,1.0,5,5,"Звір: сова",,,,,,,,"Звір: сова",,,,,,,,0xFF01FE,"",,,,,,,,"",,,,,,,,0xFF01FC,
675,-1,0,0,0x0,0x0,0,0,0x0,0x0,0,0,0,0,0x0,0,0x0,0x0,0,1.0,1.0,5,5,"Звір: скорпид",,,,,,,,"Звір: скорпид",,,,,,,,0xFF01FE,"",,,,,,,,"",,,,,,,,0xFF01FC,
676,-1,0,0,0x0,0x0,0,0,0x0,0x0,0,0,0,0,0x0,0,0x0,0x0,0,1.0,1.0,5,5,"Звір: долгоног",,,,,,,,"Звір: долгоног",,,,,,,,0xFF01FE,"",,,,,,,,"",,,,,,,,0xFF01FC,
677,-1,0,0,0x0,0x0,0,0,0x0,0x0,0,0,0,0,0x0,0,0x0,0x0,0,1.0,1.0,5,5,"Звір: черепаха",,,,,,,,"Звір: черепаха",,,,,,,,0xFF01FE,"",,,,,,,,"",,,,,,,,0xFF01FC,
678,-1,0,0,0x0,0x0,0,0,0x0,0x0,0,0,0,0,0x0,0,0x0,0x0,0,1.0,1.0,5,5,"Звір: крилатий змій",,,,,,,,"Звір: крилатий змій",,,,,,,,0xFF01FE,"",,,,,,,,"",,,,,,,,0xFF01FC,
679,-1,0,0,0x0,0x0,0,0,0x0,0x0,0,0,0,0,0x0,0,0x0,0x0,0,1.0,1.0,5,5,"Тренувальний манекен",,,,,,,,"Тренувальний манекен",,,,,,,,0xFF01FE,"",,,,,,,,"",,,,,,,,0xFF01FC,
689,-1,0,0,0x0,0x0,0,0,0x0,0x0,0,0,0,0,0x0,0,0x0,0x0,0,1.0,1.0,5,5,"Чорні дракони: наживка",,,,,,,,"Чорні дракони: наживка",,,,,,,,0xFF01FE,"",,,,,,,,"",,,,,,,,0xFF01FC,
709,-1,0,0,0x0,0x0,0,0,0x0,0x0,0,0,0,0,0x0,0,0x0,0x0,0,1.0,1.0,5,5,"Поле бою: нейтральне",,,,,,,,"Поле бою: нейтральне",,,,,,,,0xFF01FE,"",,,,,,,,"",,,,,,,,0xFF01FC,
729,41,690,1101,0x0,0x0,0,0,0x0,0x0,0,-42000,0,0,0x10,2,0x0,0x0,892,0.0,0.0,5,5,"Клан Морозного Вовка",,,,,,,,"Клан Морозного Вовка",,,,,,,,0xFF01FE,"Клан Морозного Вовка прагне вигнати Вартових Грозової Вершини з Альтеракської долини.",,,,,,,,"Клан Морозного Вовка прагне вигнати Вартових Грозової Вершини з Альтеракської долини.",,,,,,,,0xFF01FE,
730,40,1101,690,0x0,0x0,0,0,0x0,0x0,0,-42000,0,0,0x10,2,0x0,0x0,891,0.0,0.0,5,5,"Охоронця Грозової Вершини",,,,,,,,"Охоронця Грозової Вершини",,,,,,,,0xFF01FE,"Загін дворфів Грозової Вершини, вимушений облаштуватися в Альтеракській долині через орків клану Морозного Вовка.",,,,,,,,"Загін дворфів Грозової Вершини, вимушений облаштуватися в Альтеракській долині через орків клану Морозного Вовка.",,,,,,,,0xFF01FE,
749,42,1791,0,0x0,0x0,0,0,0x0,0x0,0,0,0,0,0x0,0,0x0,0x0,1118,1.0,1.0,5,5,"Гідраксіанські Повелителі Вод",,,,,,,,"Гідраксіанські Повелителі Вод",,,,,,,,0xFF01FE,"Ці елементалі води облаштувалися на островах на схід від Азшари. Закляті вороги Рагнароса.",,,,,,,,"Ці елементалі води облаштувалися на островах на схід від Азшари. Закляті вороги Рагнароса.",,,,,,,,0xFF01FE,
750,-1,0,0,0x0,0x0,0,0,0x0,0x0,0,0,0,0,0x0,0,0x0,0x0,0,1.0,1.0,5,5,"Сульфуронські Повелителі Вогню",,,,,,,,"Сульфуронські Повелителі Вогню",,,,,,,,0xFF01FE,"",,,,,,,,"",,,,,,,,0xFF01FC,
769,-1,0,0,0x0,0x0,0,0,0x0,0x0,0,0,0,0,0x0,0,0x0,0x0,0,1.0,1.0,5,5,"Манекен-мишень Гизлока",,,,,,,,"Манекен-мишень Гизлока",,,,,,,,0xFF01FE,"",,,,,,,,"",,,,,,,,0xFF01FC,
770,-1,0,0,0x0,0x0,0,0,0x0,0x0,0,0,0,0,0x0,0,0x0,0x0,0,1.0,1.0,5,5,"Оберег Гизлока",,,,,,,,"Оберег Гизлока",,,,,,,,0xFF01FE,"",,,,,,,,"",,,,,,,,0xFF01FC,
771,-1,0,0,0x0,0x0,0,0,0x0,0x0,0,0,0,0,0x0,0,0x0,0x0,0,1.0,1.0,5,5,"Гизлок",,,,,,,,"Гизлок",,,,,,,,0xFF01FE,"",,,,,,,,"",,,,,,,,0xFF01FC,
789,-1,0,0,0x0,0x0,0,0,0x0,0x0,0,0,0,0,0x0,0,0x0,0x0,0,1.0,1.0,5,5,"Моро'гай",,,,,,,,"Моро'гай",,,,,,,,0xFF01FE,"",,,,,,,,"",,,,,,,,0xFF01FC,
790,-1,0,0,0x0,0x0,0,0,0x0,0x0,0,0,0,0,0x0,0,0x0,0x0,0,1.0,1.0,5,5,"Хранитель душ Альянсу",,,,,,,,"Хранитель душ Альянсу",,,,,,,,0xFF01FE,"",,,,,,,,"",,,,,,,,0xFF01FC,
809,44,1791,0,0x0,0x0,0,0,0x0,0x0,0,0,0,0,0x10,0,0x0,0x0,1118,0.0,0.0,5,5,"Шен'дралар",,,,,,,,"Шен'дралар",,,,,,,,0xFF01FE,"Последние ельфи Забутого Міста утратили былое могущество, але усі ще бережуть знания про древніх тайнах.",,,,,,,,"Последние ельфи Забутого Міста утратили былое могущество, але усі ще бережуть знания про древніх тайнах.",,,,,,,,0xFF01FE,
829,-1,0,0,0x0,0x0,0,0,0x0,0x0,0,0,0,0,0x0,0,0x0,0x0,0,1.0,1.0,5,5,"Огр: Капітан Давигром",,,,,,,,"Огр: Капітан Давигром",,,,,,,,0xFF01FE,"",,,,,,,,"",,,,,,,,0xFF01FC,
849,-1,0,0,0x0,0x0,0,0,0x0,0x0,0,0,0,0,0x0,0,0x0,0x0,0,1.0,1.0,5,5,"Хранитель душ Орди",,,,,,,,"Хранитель душ Орди",,,,,,,,0xFF01FE,"",,,,,,,,"",,,,,,,,0xFF01FC,
869,-1,0,0,0x0,0x0,0,0,0x0,0x0,0,0,0,0,0x0,0,0x0,0x0,0,1.0,1.0,5,5,"Джеденар",,,,,,,,"Джеденар",,,,,,,,0xFF01FE,"",,,,,,,,"",,,,,,,,0xFF01FC,
889,46,690,1101,0x0,0x0,0,0,0x0,0x0,0,-42000,0,0,0x10,6,0x0,0x0,892,0.0,0.0,7,7,"Вершники Пісні Війни",,,,,,,,"Вершники Пісні Війни",,,,,,,,0xFF01FE,"Грізні орки з клану Пісні Війни, що схопилися з Срібнокрилими Вартовими в боях за контроль над Ущелиною Пісні Війни.",,,,,,,,"Грізні орки з клану Пісні Війни, що схопилися з Срібнокрилими Вартовими в боях за контроль над Ущелиною Пісні Війни.",,,,,,,,0xFF01FE,
890,45,1101,690,0x0,0x0,0,0,0x0,0x0,0,-42000,0,0,0x10,6,0x0,0x0,891,0.0,0.0,7,7,"Срібнокрилі Вартові",,,,,,,,"Срібнокрилі Вартові",,,,,,,,0xFF01FE,"Доблесні захисники Ясеневого лісу, що борються з Вершником Пісні Війни за панування в Ущелині Пісні Війни.",,,,,,,,"Доблесні захисники Ясеневого лісу, що борються з Вершником Пісні Війни за панування в Ущелині Пісні Війни.",,,,,,,,0xFF01FE,
891,47,1101,178,0x0,0x0,0,0,0x0,0x0,0,-42000,0,0,0x18,14,0x0,0x0,1118,0.0,0.0,5,5,"Сили Альянсу",,,,,,,,"Сили Альянсу",,,,,,,,0xFF01FE,"",,,,,,,,"",,,,,,,,0xFF01FC,
892,48,690,77,0x0,0x0,0,0,0x0,0x0,0,-42000,0,0,0x18,14,0x0,0x0,1118,0.0,0.0,5,5,"Сили Орди",,,,,,,,"Сили Орди",,,,,,,,0xFF01FE,"",,,,,,,,"",,,,,,,,0xFF01FC,
893,-1,0,0,0x0,0x0,0,0,0x0,0x0,0,0,0,0,0x0,0,0x0,0x0,0,1.0,1.0,5,5,"Тролли Зламаного Ікла",,,,,,,,"Тролли Зламаного Ікла",,,,,,,,0xFF01FE,"",,,,,,,,"",,,,,,,,0xFF01FC,
909,50,1791,0,0x0,0x0,0,0,0x0,0x0,0,0,0,0,0x10,0,0x0,0x0,1118,0.0,0.0,5,5,"Ярмарок Темного Місяця",,,,,,,,"Ярмарок Темного Місяця",,,,,,,,0xFF01FE,"Бродяча ярмарка, на якої можна знайти багато странного і диковинного. Часто останавливается в Элвиннском лісі, Мулгорі і Тероккарском лісі.",,,,,,,,"Бродяча ярмарка, на якої можна знайти багато странного і диковинного. Часто останавливается в Элвиннском лісі, Мулгорі і Тероккарском лісі.",,,,,,,,0xFF01FE,
910,54,1791,0,0x0,0x0,0,0,0x0,0x0,-42000,0,0,0,0x0,0,0x0,0x0,1118,0.0,0.0,5,5,"Рід Ноздорму",,,,,,,,"Рід Ноздорму",,,,,,,,0xFF01FE,"Ці потомки бронзових драконів охороняють сам Час і не надто цікавляться справами смертних.",,,,,,,,"Ці потомки бронзових драконів охороняють сам Час і не надто цікавляться справами смертних.",,,,,,,,0xFF01FE,
911,55,162,1101,0x200,0x10,0,0,0x0,0x0,400,-42000,4000,3100,0x111,6,0x11,0x11,67,1.0,0.25,7,5,"Срібномісяць",,,,,,,,"Срібномісяць",,,,,,,,0xFF01FE,"Столиця Кель'Таласа, батьківщина ельфів крові. Місто, знищений Артасом в процесі нападу на Сонячний Колодязь, зараз вновь возродился до життя.",,,,,,,,"Столиця Кель'Таласа, батьківщина ельфів крові. Місто, знищений Артасом в процесі нападу на Сонячний Колодязь, зараз вновь возродился до життя.",,,,,,,,0xFF01FE,
912,-1,0,0,0x0,0x0,0,0,0x0,0x0,0,0,0,0,0x0,0,0x0,0x0,0,1.0,1.0,5,5,"Армія Калімдору",,,,,,,,"Армія Калімдору",,,,,,,,0xFF01FE,"",,,,,,,,"",,,,,,,,0xFF01FC,
914,-1,0,0,0x0,0x0,0,0,0x0,0x0,0,0,0,0,0x0,0,0x0,0x0,0,1.0,1.0,5,5,"ГРАВЕЦЬ: ельф крові",,,,,,,,"ГРАВЕЦЬ: ельф крові",,,,,,,,0xFF01FE,"",,,,,,,,"",,,,,,,,0xFF01FC,
915,-1,0,0,0x0,0x0,0,0,0x0,0x0,0,0,0,0,0x0,0,0x0,0x0,0,1.0,1.0,5,5,"Армии До'Туна",,,,,,,,"Армии До'Туна",,,,,,,,0xFF01FE,"",,,,,,,,"",,,,,,,,0xFF01FC,
916,-1,0,0,0x0,0x0,0,0,0x0,0x0,0,0,0,0,0x0,0,0x0,0x0,0,1.0,1.0,5,5,"Силитиды: захватчики",,,,,,,,"Силитиды: захватчики",,,,,,,,0xFF01FE,"",,,,,,,,"",,,,,,,,0xFF01FC,
917,-1,0,0,0x0,0x0,0,0,0x0,0x0,0,0,0,0,0x0,0,0x0,0x0,0,1.0,1.0,5,5,"Дружина Стальгорну",,,,,,,,"Дружина Стальгорну",,,,,,,,0xFF01FE,"",,,,,,,,"",,,,,,,,0xFF01FC,
918,-1,0,0,0x0,0x0,0,0,0x0,0x0,0,0,0,0,0x0,0,0x0,0x0,0,1.0,1.0,5,5,"ДУ противники",,,,,,,,"ДУ противники",,,,,,,,0xFF01FE,"",,,,,,,,"",,,,,,,,0xFF01FC,
919,-1,0,0,0x0,0x0,0,0,0x0,0x0,0,0,0,0,0x0,0,0x0,0x0,0,1.0,1.0,5,5,"ДУ объекты",,,,,,,,"ДУ объекты",,,,,,,,0xFF01FE,"",,,,,,,,"",,,,,,,,0xFF01FC,
920,-1,0,0,0x0,0x0,0,0,0x0,0x0,0,0,0,0,0x0,0,0x0,0x0,0,1.0,1.0,5,5,"Червоні",,,,,,,,"Червоні",,,,,,,,0xFF01FE,"",,,,,,,,"",,,,,,,,0xFF01FC,
921,-1,0,0,0x0,0x0,0,0,0x0,0x0,0,0,0,0,0x0,0,0x0,0x0,0,1.0,1.0,5,5,"Сині",,,,,,,,"Сині",,,,,,,,0xFF01FE,"",,,,,,,,"",,,,,,,,0xFF01FC,
922,56,690,1101,0x0,0x0,0,0,0x0,0x0,0,-42000,0,0,0x10,6,0x0,0x0,1118,0.0,0.0,5,5,"Транквілліон",,,,,,,,"Транквілліон",,,,,,,,0xFF01FE,"Цей місто высших ельфів був брошен вскоре після нападу Бича на Кель'Талас. Зараз в нем живуть Отрекшиеся і ельфи крові, стремящиеся звільнити Примарні Землі.",,,,,,,,"Цей місто высших ельфів був брошен вскоре після нападу Бича на Кель'Талас. Зараз в нем живуть Отрекшиеся і ельфи крові, стремящиеся звільнити Примарні Землі.",,,,,,,,0xFF01FE,
923,-1,0,0,0x0,0x0,0,0,0x0,0x0,0,0,0,0,0x0,0,0x0,0x0,0,1.0,1.0,5,5,"Мандрівники",,,,,,,,"Мандрівники",,,,,,,,0xFF01FE,"",,,,,,,,"",,,,,,,,0xFF01FC,
924,-1,0,0,0x0,0x0,0,0,0x0,0x0,0,0,0,0,0x0,0,0x0,0x0,0,1.0,1.0,5,5,"ВИКЛЮЧЕНО",,,,,,,,"ВИКЛЮЧЕНО",,,,,,,,0xFF01FE,"",,,,,,,,"",,,,,,,,0xFF01FC,
925,-1,0,0,0x0,0x0,0,0,0x0,0x0,0,0,0,0,0x0,0,0x0,0x0,0,1.0,1.0,5,5,"Солнечные скитальцы",,,,,,,,"Солнечные скитальцы",,,,,,,,0xFF01FE,"",,,,,,,,"",,,,,,,,0xFF01FC,
926,-1,0,0,0x0,0x0,0,0,0x0,0x0,0,0,0,0,0x0,0,0x0,0x0,0,1.0,1.0,5,5,"Гильдия Магистра",,,,,,,,"Гильдия Магистра",,,,,,,,0xFF01FE,"",,,,,,,,"",,,,,,,,0xFF01FC,
927,-1,0,0,0x0,0x0,0,0,0x0,0x0,0,0,0,0,0x0,0,0x0,0x0,0,1.0,1.0,5,5,"ГРАВЕЦЬ: дреней",,,,,,,,"ГРАВЕЦЬ: дреней",,,,,,,,0xFF01FE,"",,,,,,,,"",,,,,,,,0xFF01FC,
928,-1,0,0,0x0,0x0,0,0,0x0,0x0,0,0,0,0,0x0,0,0x0,0x0,0,1.0,1.0,5,5,"Захватчики Бича",,,,,,,,"Захватчики Бича",,,,,,,,0xFF01FE,"",,,,,,,,"",,,,,,,,0xFF01FC,
929,-1,0,0,0x0,0x0,0,0,0x0,0x0,0,0,0,0,0x0,0,0x0,0x0,469,0.0,0.0,3,3,"Клан Кривавого Молота",,,,,,,,"Клан Кривавого Молота",,,,,,,,0xFF01FE,"",,,,,,,,"",,,,,,,,0xFF01FC,
930,49,77,946,0x400,0x0,0,0,0x0,0x0,3000,-42000,4000,0,0x111,6,0x11,0x0,469,1.0,0.25,7,5,"Екзодар",,,,,,,,"Екзодар",,,,,,,,0xFF01FE,"Корабль наару, доставивший дренеїв на Азерот. Стоящий на островах Лазурової Мряки, він служит домом этой благородной расы.",,,,,,,,"Корабль наару, доставивший дренеїв на Азерот. Стоящий на островах Лазурової Мряки, він служит домом этой благородной расы.",,,,,,,,0xFF01FE,
931,-1,0,0,0x0,0x0,0,0,0x0,0x0,0,0,0,0,0x0,0,0x0,0x0,0,1.0,1.0,5,5,"Тестовая фракція (неіснуюча)",,,,,,,,"Тестовая фракція (неіснуюча)",,,,,,,,0xFF01FE,"Ця фракція призначена для тестування назв і описів фракцій...",,,,,,,,"Ця фракція призначена для тестування назв і описів фракцій...",,,,,,,,0xFF01FE,
932,58,255,1024,0x200,0x0,0,0,0x0,0x0,0,3500,-3500,0,0x50,80,0x50,0x0,936,-1.10000002384,1.0,7,7,"Алдори",,,,,,,,"Алдори",,,,,,,,0xFF01FE,"Цей древній орден дренейских жерців, започаткований Веленом, зараз очолює верховна жриця Ішана. Представителі Алдорів прислужують наару в Шаттраті і ворогують з Провидцями.",,,,,,,,"Цей древній орден дренейских жерців, започаткований Веленом, зараз очолює верховна жриця Ішана. Представителі Алдорів прислужують наару в Шаттраті і ворогують з Провидцями.",,,,,,,,0xFF01FE,
933,60,2047,0,0x0,0x0,0,0,0x0,0x0,0,0,0,0,0x10,0,0x0,0x0,980,0.0,0.0,7,7,"Консорціум",,,,,,,,"Консорціум",,,,,,,,0xFF01FE,"Консорціум принца Харамада – слабоорганізована спільнота астральних контрабандистів, торговців і злодіїв, що прийшли в Позамежжя в погоні за прибутками.",,,,,,,,"Консорціум принца Харамада – слабоорганізована спільнота астральних контрабандистів, торговців і злодіїв, що прийшли в Позамежжя в погоні за прибутками.",,,,,,,,0xFF01FE,
934,62,255,1024,0x200,0x0,0,0,0x0,0x0,0,-3500,3500,0,0x50,80,0x50,0x0,936,-1.10000002384,1.0,7,7,"Провидці",,,,,,,,"Провидці",,,,,,,,0xFF01FE,"Цю группу ельфів крові, отвергших шлях Кель'таса, очолює Ворен'таль Провидець. До великого невдоволення Алдорів, Провидці заключили союз з наару з Шаттрата.",,,,,,,,"Цю группу ельфів крові, отвергших шлях Кель'таса, очолює Ворен'таль Провидець. До великого невдоволення Алдорів, Провидці заключили союз з наару з Шаттрата.",,,,,,,,0xFF01FE,
935,39,1791,0,0x0,0x0,0,0,0x0,0x0,0,0,0,0,0x10,0,0x0,0x0,936,0.5,0.0,4,3,"Ша'тар",,,,,,,,"Ша'тар",,,,,,,,0xFF01FE,"Группа могущественных наару, яка править вновь отстроенным городом Шаттрат. Совместно з Алдорами і Провидцями вони сражаются проти Іллідана і Палаючого Легіону.",,,,,,,,"Группа могущественных наару, яка править вновь отстроенным городом Шаттрат. Совместно з Алдорами і Провидцями вони сражаются проти Іллідана і Палаючого Легіону.",,,,,,,,0xFF01FE,
936,59,2047,0,0x0,0x0,0,0,0x0,0x0,0,0,0,0,0x1C,0,0x0,0x0,980,0.0,0.0,7,7,"Місто Шаттрат",,,,,,,,"Місто Шаттрат",,,,,,,,0xFF01FE,"",,,,,,,,"",,,,,,,,0xFF01FC,
937,-1,0,0,0x0,0x0,0,0,0x0,0x0,0,0,0,0,0x0,0,0x0,0x0,0,1.0,1.0,5,5,"Троль: Лісовий",,,,,,,,"Троль: Лісовий",,,,,,,,0xFF01FE,"",,,,,,,,"",,,,,,,,0xFF01FC,
938,-1,0,0,0x0,0x0,0,0,0x0,0x0,0,0,0,0,0x0,0,0x0,0x0,0,1.0,1.0,5,5,"Оменай",,,,,,,,"Оменай",,,,,,,,0xFF01FE,"",,,,,,,,"",,,,,,,,0xFF01FC,
939,-1,0,0,0x0,0x0,0,0,0x0,0x0,0,0,0,0,0x0,0,0x0,0x0,0,1.0,1.0,5,5,"ВИКЛЮЧЕНО",,,,,,,,"ВИКЛЮЧЕНО",,,,,,,,0xFF01FE,"",,,,,,,,"",,,,,,,,0xFF01FC,
940,-1,0,0,0x0,0x0,0,0,0x0,0x0,0,0,0,0,0x0,0,0x0,0x0,0,1.0,1.0,5,5,"Сини Лотара",,,,,,,,"Сини Лотара",,,,,,,,0xFF01FE,"",,,,,,,,"",,,,,,,,0xFF01FC,
941,61,690,1101,0x0,0x0,0,0,0x0,0x0,-500,-42000,0,0,0x10,6,0x0,0x0,980,0.0,0.0,5,5,"Маг'хары",,,,,,,,"Маг'хары",,,,,,,,0xFF01FE,"Замкнутая группа бурокожих орків, сумевшая повністю оградить себе від влияния демонів. Несмотря на усі перемены, вони бережуть верность традициям свого народу.",,,,,,,,"Замкнутая группа бурокожих орків, сумевшая повністю оградить себе від влияния демонів. Несмотря на усі перемены, вони бережуть верность традициям свого народу.",,,,,,,,0xFF01FE,
942,64,2047,0,0x0,0x0,0,0,0x0,0x0,0,0,0,0,0x10,0,0x0,0x0,980,0.0,0.0,5,5,"Кенарийская экспедиция",,,,,,,,"Кенарийская экспедиция",,,,,,,,0xFF01FE,"Експедиція Кола Кенарія, организованная для вивчення фауны Позамежжя. Со часу открытия Темного портала її чисельність і независимость помітно увеличились.",,,,,,,,"Експедиція Кола Кенарія, организованная для вивчення фауны Позамежжя. Со часу открытия Темного портала її чисельність і независимость помітно увеличились.",,,,,,,,0xFF01FE,
943,-1,0,0,0x0,0x0,0,0,0x0,0x0,0,0,0,0,0x0,0,0x0,0x0,0,1.0,1.0,5,5,"Орк Скверни",,,,,,,,"Орк Скверни",,,,,,,,0xFF01FE,"",,,,,,,,"",,,,,,,,0xFF01FC,
944,-1,0,0,0x0,0x0,0,0,0x0,0x0,0,0,0,0,0x0,0,0x0,0x0,0,1.0,1.0,5,5,"Привид орка Скверни",,,,,,,,"Привид орка Скверни",,,,,,,,0xFF01FE,"",,,,,,,,"",,,,,,,,0xFF01FC,
945,-1,0,0,0x0,0x0,0,0,0x0,0x0,0,0,0,0,0x0,0,0x0,0x0,0,1.0,1.0,5,5,"Привиди Синів Лотара",,,,,,,,"Привиди Синів Лотара",,,,,,,,0xFF01FE,"",,,,,,,,"",,,,,,,,0xFF01FC,
946,38,1101,690,0x0,0x0,0,0,0x0,0x0,0,-42000,0,0,0x10,0,0x0,0x0,980,0.0,0.0,5,5,"Оплот Честі",,,,,,,,"Оплот Честі",,,,,,,,0xFF01FE,"Цю заставу основали спутники Синів Лотара – закаленные ветераны Альянсу, первыми пришедшие в Дренор. Зараз до них приєдналися воїни з Штормграду і Стальгорну.",,,,,,,,"Цю заставу основали спутники Синів Лотара – закаленные ветераны Альянсу, первыми пришедшие в Дренор. Зараз до них приєдналися воїни з Штормграду і Стальгорну.",,,,,,,,0xFF01FE,
947,37,690,1101,0x0,0x0,0,0,0x0,0x0,0,-42000,0,0,0x10,0,0x0,0x0,980,0.0,0.0,5,5,"Траллмар",,,,,,,,"Траллмар",,,,,,,,0xFF01FE,"Цю фортецю на Полуострове Пекельного Полум'я возвела экспедиция в Темний Портал, снаряженная Траллом. Траллмар служит опорным пунктом Орди в Позамежжі.",,,,,,,,"Цю фортецю на Полуострове Пекельного Полум'я возвела экспедиция в Темний Портал, снаряженная Траллом. Траллмар служит опорным пунктом Орди в Позамежжі.",,,,,,,,0xFF01FE,
948,86,32767,0,0x0,0x0,0,0,0x0,0x0,0,0,0,0,0x8,0,0x0,0x0,949,1.0,1.0,5,5,"Тестовая фракція 2",,,,,,,,"Тестовая фракція 2",,,,,,,,0xFF01FE,"",,,,,,,,"",,,,,,,,0xFF01FC,
949,85,32767,0,0x0,0x0,0,0,0x0,0x0,0,0,0,0,0x18,0,0x0,0x0,0,1.0,1.0,5,5,"Тестовая фракція 1",,,,,,,,"Тестовая фракція 1",,,,,,,,0xFF01FE,"",,,,,,,,"",,,,,,,,0xFF01FC,
950,-1,0,0,0x0,0x0,0,0,0x0,0x0,0,0,0,0,0x0,0,0x0,0x0,0,1.0,1.0,5,5,"ToWoW: прапор",,,,,,,,"ToWoW: прапор",,,,,,,,0xFF01FE,"",,,,,,,,"",,,,,,,,0xFF01FC,
951,-1,0,0,0x0,0x0,0,0,0x0,0x0,0,0,0,0,0x0,0,0x0,0x0,0,1.0,1.0,5,5,"ToWoW - Flag Trigger Alliance (DND)",,,,,,,,"ToWoW - Flag Trigger Alliance (DND)",,,,,,,,0xFF01FE,"",,,,,,,,"",,,,,,,,0xFF01FC,
952,87,32767,0,0x0,0x0,0,0,0x0,0x0,0,0,0,0,0x0,0,0x0,0x0,948,1.0,1.0,5,5,"Тестовая фракція 3",,,,,,,,"Тестовая фракція 3",,,,,,,,0xFF01FE,"",,,,,,,,"",,,,,,,,0xFF01FC,
953,-1,0,0,0x0,0x0,0,0,0x0,0x0,0,0,0,0,0x0,0,0x0,0x0,0,1.0,1.0,5,5,"Тестовая фракція 4",,,,,,,,"Тестовая фракція 4",,,,,,,,0xFF01FE,"",,,,,,,,"",,,,,,,,0xFF01FC,
954,-1,0,0,0x0,0x0,0,0,0x0,0x0,0,0,0,0,0x0,0,0x0,0x0,0,1.0,1.0,5,5,"ToWoW - Flag Trigger Horde (DND)",,,,,,,,"ToWoW - Flag Trigger Horde (DND)",,,,,,,,0xFF01FE,"",,,,,,,,"",,,,,,,,0xFF01FC,
955,-1,0,0,0x0,0x0,0,0,0x0,0x0,0,0,0,0,0x0,0,0x0,0x0,0,1.0,1.0,5,5,"Сломленные",,,,,,,,"Сломленные",,,,,,,,0xFF01FE,"",,,,,,,,"",,,,,,,,0xFF01FC,
956,-1,0,0,0x0,0x0,0,0,0x0,0x0,0,0,0,0,0x0,0,0x0,0x0,0,1.0,1.0,5,5,"Братство Ефіріум",,,,,,,,"Братство Ефіріум",,,,,,,,0xFF01FE,"",,,,,,,,"",,,,,,,,0xFF01FC,
957,-1,0,0,0x0,0x0,0,0,0x0,0x0,0,0,0,0,0x0,0,0x0,0x0,0,1.0,1.0,5,5,"Елементаль землі",,,,,,,,"Елементаль землі",,,,,,,,0xFF01FE,"",,,,,,,,"",,,,,,,,0xFF01FC,
958,-1,0,0,0x0,0x0,0,0,0x0,0x0,0,0,0,0,0x0,0,0x0,0x0,0,1.0,1.0,5,5,"Боевые роботы",,,,,,,,"Боевые роботы",,,,,,,,0xFF01FE,"",,,,,,,,"",,,,,,,,0xFF01FC,
959,-1,0,0,0x0,0x0,0,0,0x0,0x0,0,0,0,0,0x0,0,0x0,0x0,0,1.0,1.0,5,5,"Добрий персонаж",,,,,,,,"Добрий персонаж",,,,,,,,0xFF01FE,"",,,,,,,,"",,,,,,,,0xFF01FC,
960,-1,0,0,0x0,0x0,0,0,0x0,0x0,0,0,0,0,0x0,0,0x0,0x0,0,1.0,1.0,5,5,"Злой персонаж",,,,,,,,"Злой персонаж",,,,,,,,0xFF01FE,"",,,,,,,,"",,,,,,,,0xFF01FC,
961,-1,0,0,0x0,0x0,0,0,0x0,0x0,0,0,0,0,0x0,0,0x0,0x0,0,1.0,1.0,5,5,"Фурболг: плем'я Тихвой",,,,,,,,"Фурболг: плем'я Тихвой",,,,,,,,0xFF01FE,"",,,,,,,,"",,,,,,,,0xFF01FC,
962,-1,0,0,0x0,0x0,0,0,0x0,0x0,0,0,0,0,0x0,0,0x0,0x0,0,1.0,1.0,5,5,"Божевільний совун",,,,,,,,"Божевільний совун",,,,,,,,0xFF01FE,"",,,,,,,,"",,,,,,,,0xFF01FC,
963,-1,0,0,0x0,0x0,0,0,0x0,0x0,0,0,0,0,0x0,0,0x0,0x0,0,1.0,1.0,5,5,"Шахмати: Альянс",,,,,,,,"Шахмати: Альянс",,,,,,,,0xFF01FE,"",,,,,,,,"",,,,,,,,0xFF01FC,
964,-1,0,0,0x0,0x0,0,0,0x0,0x0,0,0,0,0,0x0,0,0x0,0x0,0,1.0,1.0,5,5,"Шахмати: Орда",,,,,,,,"Шахмати: Орда",,,,,,,,0xFF01FE,"",,,,,,,,"",,,,,,,,0xFF01FC,
965,-1,0,0,0x0,0x0,0,0,0x0,0x0,0,0,0,0,0x0,0,0x0,0x0,0,1.0,1.0,5,5,"Монстр: партнер по учебному бою",,,,,,,,"Монстр: партнер по учебному бою",,,,,,,,0xFF01FE,"",,,,,,,,"",,,,,,,,0xFF01FC,
966,-1,0,0,0x0,0x0,0,0,0x0,0x0,0,0,0,0,0x0,0,0x0,0x0,0,1.0,1.0,5,5,"Монстр: партнер по учебному бою",,,,,,,,"Монстр: партнер по учебному бою",,,,,,,,0xFF01FE,"",,,,,,,,"",,,,,,,,0xFF01FC,
967,63,4095,0,0x0,0x0,0,0,0x0,0x0,0,0,0,0,0x10,0,0x0,0x0,980,0.0,0.0,5,5,"Аметистовое Око",,,,,,,,"Аметистовое Око",,,,,,,,0xFF01FE,"Тайное братство Кірін-Тора, созданное для слежения за Медивом.",,,,,,,,"Тайное братство Кірін-Тора, созданное для слежения за Медивом.",,,,,,,,0xFF01FE,
968,-1,0,0,0x0,0x0,0,0,0x0,0x0,0,0,0,0,0x0,0,0x0,0x0,0,1.0,1.0,5,5,"Солнечные Ястребы",,,,,,,,"Солнечные Ястребы",,,,,,,,0xFF01FE,"",,,,,,,,"",,,,,,,,0xFF01FC,
969,-1,0,0,0x0,0x0,0,0,0x0,0x0,0,0,0,0,0x0,0,0x0,0x0,0,1.0,1.0,5,5,"Рука Аргуса",,,,,,,,"Рука Аргуса",,,,,,,,0xFF01FE,"",,,,,,,,"",,,,,,,,0xFF01FC,
970,65,2047,0,0x0,0x0,0,0,0x0,0x0,-2500,0,0,0,0x0,0,0x0,0x0,980,0.0,0.0,5,5,"Спореггар",,,,,,,,"Спореггар",,,,,,,,0xFF01FE,"Спорлинги – мирная раса, издавна населяющая Позамежжя. Их дім знаходитися в южной частини Зангармаршу.",,,,,,,,"Спорлинги – мирная раса, издавна населяющая Позамежжя. Их дім знаходитися в южной частини Зангармаршу.",,,,,,,,0xFF01FE,
971,-1,0,0,0x0,0x0,0,0,0x0,0x0,0,0,0,0,0x0,0,0x0,0x0,0,1.0,1.0,5,5,"Грибной великан",,,,,,,,"Грибной великан",,,,,,,,0xFF01FE,"",,,,,,,,"",,,,,,,,0xFF01FC,
972,-1,0,0,0x0,0x0,0,0,0x0,0x0,0,0,0,0,0x0,0,0x0,0x0,0,1.0,1.0,5,5,"Спороскат",,,,,,,,"Спороскат",,,,,,,,0xFF01FE,"",,,,,,,,"",,,,,,,,0xFF01FC,
973,-1,0,0,0x0,0x0,0,0,0x0,0x0,0,0,0,0,0x0,0,0x0,0x0,0,1.0,1.0,5,5,"Монстр: хищник",,,,,,,,"Монстр: хищник",,,,,,,,0xFF01FE,"",,,,,,,,"",,,,,,,,0xFF01FC,
974,-1,0,0,0x0,0x0,0,0,0x0,0x0,0,0,0,0,0x0,0,0x0,0x0,0,1.0,1.0,5,5,"Монстр: добыча",,,,,,,,"Монстр: добыча",,,,,,,,0xFF01FE,"",,,,,,,,"",,,,,,,,0xFF01FC,
975,-1,0,0,0x0,0x0,0,0,0x0,0x0,0,0,0,0,0x0,0,0x0,0x0,0,1.0,1.0,5,5,"Аномалия Порожнечі",,,,,,,,"Аномалия Порожнечі",,,,,,,,0xFF01FE,"",,,,,,,,"",,,,,,,,0xFF01FC,
976,-1,0,0,0x0,0x0,0,0,0x0,0x0,0,0,0,0,0x0,0,0x0,0x0,0,1.0,1.0,5,5,"Захисники гори Хіджал",,,,,,,,"Захисники гори Хіджал",,,,,,,,0xFF01FE,"",,,,,,,,"",,,,,,,,0xFF01FC,
977,-1,0,0,0x0,0x0,0,0,0x0,0x0,0,0,0,0,0x0,0,0x0,0x0,0,1.0,1.0,5,5,"Захватчики гори Хіджал",,,,,,,,"Захватчики гори Хіджал",,,,,,,,0xFF01FE,"",,,,,,,,"",,,,,,,,0xFF01FC,
978,66,1101,690,0x0,0x0,0,0,0x0,0x0,-1200,-42000,0,0,0x10,0,0x0,0x0,980,0.0,0.0,5,5,"Куренай",,,,,,,,"Куренай",,,,,,,,0xFF01FE,"Дреней – значить ""Искупленный"". Ці Падшие, сумевшие вырваться з рабства і избравшие своїм домом Награнд, прагнуть вновь обрести свою судьбу.",,,,,,,,"Дреней – значить ""Искупленный"". Ці Падшие, сумевшие вырваться з рабства і избравшие своїм домом Награнд, прагнуть вновь обрести свою судьбу.",,,,,,,,0xFF01FE,
979,-1,0,0,0x0,0x0,0,0,0x0,0x0,0,0,0,0,0x0,0,0x0,0x0,0,1.0,1.0,5,5,"Служители Землі",,,,,,,,"Служители Землі",,,,,,,,0xFF01FE,"",,,,,,,,"",,,,,,,,0xFF01FC,
980,43,0,0,0x0,0x0,0,0,0x0,0x0,0,0,0,0,0x18,0,0x0,0x0,0,0.0,0.0,5,5,"The Burning Crusade",,,,,,,,"The Burning Crusade",,,,,,,,0xFF01FE,"",,,,,,,,"",,,,,,,,0xFF01FC,
981,-1,0,0,0x0,0x0,0,0,0x0,0x0,0,0,0,0,0x0,0,0x0,0x0,0,1.0,1.0,5,5,"Араккоа",,,,,,,,"Араккоа",,,,,,,,0xFF01FE,"",,,,,,,,"",,,,,,,,0xFF01FC,
982,-1,0,0,0x0,0x0,0,0,0x0,0x0,0,0,0,0,0x0,0,0x0,0x0,0,1.0,1.0,5,5,"Знамя Зангармаршу: Альянс",,,,,,,,"Знамя Зангармаршу: Альянс",,,,,,,,0xFF01FE,"",,,,,,,,"",,,,,,,,0xFF01FC,
983,-1,0,0,0x0,0x0,0,0,0x0,0x0,0,0,0,0,0x0,0,0x0,0x0,0,1.0,1.0,5,5,"Знамя Зангармаршу: Орда",,,,,,,,"Знамя Зангармаршу: Орда",,,,,,,,0xFF01FE,"",,,,,,,,"",,,,,,,,0xFF01FC,
984,-1,0,0,0x0,0x0,0,0,0x0,0x0,0,0,0,0,0x0,0,0x0,0x0,0,1.0,1.0,5,5,"Знамя Зангармаршу: нейтральне",,,,,,,,"Знамя Зангармаршу: нейтральне",,,,,,,,0xFF01FE,"",,,,,,,,"",,,,,,,,0xFF01FC,
985,-1,0,0,0x0,0x0,0,0,0x0,0x0,0,0,0,0,0x0,0,0x0,0x0,0,1.0,1.0,5,5,"Печери Часу: Тралл",,,,,,,,"Печери Часу: Тралл",,,,,,,,0xFF01FE,"",,,,,,,,"",,,,,,,,0xFF01FC,
986,-1,0,0,0x0,0x0,0,0,0x0,0x0,0,0,0,0,0x0,0,0x0,0x0,0,1.0,1.0,5,5,"Печери Часу: Дарнхольд",,,,,,,,"Печери Часу: Дарнхольд",,,,,,,,0xFF01FE,"",,,,,,,,"",,,,,,,,0xFF01FC,
987,-1,0,0,0x0,0x0,0,0,0x0,0x0,0,0,0,0,0x0,0,0x0,0x0,0,1.0,1.0,5,5,"Печери Часу: Охоронці Южнобережья",,,,,,,,"Печери Часу: Охоронці Южнобережья",,,,,,,,0xFF01FE,"",,,,,,,,"",,,,,,,,0xFF01FC,
988,-1,0,0,0x0,0x0,0,0,0x0,0x0,0,0,0,0,0x0,0,0x0,0x0,0,1.0,1.0,5,5,"Прихисток Совета Тіней",,,,,,,,"Прихисток Совета Тіней",,,,,,,,0xFF01FE,"",,,,,,,,"",,,,,,,,0xFF01FC,
989,67,1791,0,0x0,0x0,0,0,0x0,0x0,0,0,0,0,0x10,0,0x0,0x0,980,0.0,0.0,5,5,"Хранители Часу",,,,,,,,"Хранители Часу",,,,,,,,0xFF01FE,"Бронзовые дракони, лично отобранные Ноздорму для охраны Пещер Часу.",,,,,,,,"Бронзовые дракони, лично отобранные Ноздорму для охраны Пещер Часу.",,,,,,,,0xFF01FE,
990,57,1791,0,0x0,0x0,0,0,0x0,0x0,0,0,0,0,0x10,0,0x0,0x0,980,0.0,0.0,5,5,"Піщана Луска",,,,,,,,"Піщана Луска",,,,,,,,0xFF01FE,"Таємне товариство бронзових драконів, очолюване Сорідормі, найближчою супутницею Ноздорму.",,,,,,,,"Таємне товариство бронзових драконів, очолюване Сорідормі, найближчою супутницею Ноздорму.",,,,,,,,0xFF01FE,
991,-1,0,0,0x0,0x0,0,0,0x0,0x0,0,0,0,0,0x0,0,0x0,0x0,0,1.0,1.0,5,5,"Захисник Темного портала: Альянс",,,,,,,,"Захисник Темного портала: Альянс",,,,,,,,0xFF01FE,"",,,,,,,,"",,,,,,,,0xFF01FC,
992,-1,0,0,0x0,0x0,0,0,0x0,0x0,0,0,0,0,0x0,0,0x0,0x0,0,1.0,1.0,5,5,"Захисник Темного портала: Орда",,,,,,,,"Захисник Темного портала: Орда",,,,,,,,0xFF01FE,"",,,,,,,,"",,,,,,,,0xFF01FC,
993,-1,0,0,0x0,0x0,0,0,0x0,0x0,0,0,0,0,0x0,0,0x0,0x0,0,1.0,1.0,5,5,"Захватчик Темного портала: Легион",,,,,,,,"Захватчик Темного портала: Легион",,,,,,,,0xFF01FE,"",,,,,,,,"",,,,,,,,0xFF01FC,
994,-1,0,0,0x0,0x0,0,0,0x0,0x0,0,0,0,0,0x0,0,0x0,0x0,0,1.0,1.0,5,5,"Ініціатор",,,,,,,,"Ініціатор",,,,,,,,0xFF01FE,"Використовується в події ""Чорносерд Проповідник"".",,,,,,,,"Використовується в події ""Чорносерд Проповідник"".",,,,,,,,0xFF01FE,
995,-1,0,0,0x0,0x0,0,0,0x0,0x0,0,0,0,0,0x0,0,0x0,0x0,0,1.0,1.0,5,5,"Ініціатор 2",,,,,,,,"Ініціатор 2",,,,,,,,0xFF01FE,"Використовується в події ""Чорносерд Проповідник"".",,,,,,,,"Використовується в події ""Чорносерд Проповідник"".",,,,,,,,0xFF01FE,
996,-1,0,0,0x0,0x0,0,0,0x0,0x0,0,0,0,0,0x0,0,0x0,0x0,0,1.0,1.0,5,5,"Ініціатор 3",,,,,,,,"Ініціатор 3",,,,,,,,0xFF01FE,"Використовується в події ""Чорносерд Проповідник"".",,,,,,,,"Використовується в події ""Чорносерд Проповідник"".",,,,,,,,0xFF01FE,
997,-1,0,0,0x0,0x0,0,0,0x0,0x0,0,0,0,0,0x0,0,0x0,0x0,0,1.0,1.0,5,5,"Ініціатор 4",,,,,,,,"Ініціатор 4",,,,,,,,0xFF01FE,"Використовується в події ""Чорносерд Проповідник"".",,,,,,,,"Використовується в події ""Чорносерд Проповідник"".",,,,,,,,0xFF01FE,
998,-1,0,0,0x0,0x0,0,0,0x0,0x0,0,0,0,0,0x0,0,0x0,0x0,0,1.0,1.0,5,5,"Ініціатор 5",,,,,,,,"Ініціатор 5",,,,,,,,0xFF01FE,"Використовується в події ""Чорносерд Проповідник"".",,,,,,,,"Використовується в події ""Чорносерд Проповідник"".",,,,,,,,0xFF01FE,
999,-1,0,0,0x0,0x0,0,0,0x0,0x0,0,0,0,0,0x0,0,0x0,0x0,0,1.0,1.0,5,5,"Тварина з маною",,,,,,,,"Тварина з маною",,,,,,,,0xFF01FE,"",,,,,,,,"",,,,,,,,0xFF01FC,
1000,-1,0,0,0x0,0x0,0,0,0x0,0x0,0,0,0,0,0x0,0,0x0,0x0,0,1.0,1.0,5,5,"Слуга Кадгара",,,,,,,,"Слуга Кадгара",,,,,,,,0xFF01FE,"",,,,,,,,"",,,,,,,,0xFF01FC,
1001,-1,0,0,0x0,0x0,0,0,0x0,0x0,0,0,0,0,0x0,0,0x0,0x0,0,1.0,1.0,5,5,"Клан Камнерогов",,,,,,,,"Клан Камнерогов",,,,,,,,0xFF01FE,"",,,,,,,,"",,,,,,,,0xFF01FC,
1002,-1,0,0,0x0,0x0,0,0,0x0,0x0,0,0,0,0,0x0,0,0x0,0x0,0,1.0,1.0,5,5,"Братство Ефіріум: манекен",,,,,,,,"Братство Ефіріум: манекен",,,,,,,,0xFF01FE,"",,,,,,,,"",,,,,,,,0xFF01FC,
1003,-1,0,0,0x0,0x0,0,0,0x0,0x0,0,0,0,0,0x0,0,0x0,0x0,0,1.0,1.0,5,5,"Протекторат",,,,,,,,"Протекторат",,,,,,,,0xFF01FE,"",,,,,,,,"",,,,,,,,0xFF01FC,
1004,-1,0,0,0x0,0x0,0,0,0x0,0x0,0,0,0,0,0x0,0,0x0,0x0,0,1.0,1.0,5,5,"Чарівний анігілятор",,,,,,,,"Чарівний анігілятор",,,,,,,,0xFF01FE,"",,,,,,,,"",,,,,,,,0xFF01FC,
1005,68,32767,0,0x0,0x0,1503,0,0x0,0x0,3000,0,0,0,0x4,0,0x0,0x0,0,1.0,1.0,5,5,"Дружній, прихований",,,,,,,,"Дружній, прихований",,,,,,,,0xFF01FE,"",,,,,,,,"",,,,,,,,0xFF01FC,
1006,-1,0,0,0x0,0x0,0,0,0x0,0x0,0,0,0,0,0x0,0,0x0,0x0,0,1.0,1.0,5,5,"Кирин'Вар: Датрик",,,,,,,,"Кирин'Вар: Датрик",,,,,,,,0xFF01FE,"",,,,,,,,"",,,,,,,,0xFF01FC,
1007,-1,0,0,0x0,0x0,0,0,0x0,0x0,0,0,0,0,0x0,0,0x0,0x0,0,1.0,1.0,5,5,"Кирин'Вар: Белмара",,,,,,,,"Кирин'Вар: Белмара",,,,,,,,0xFF01FE,"",,,,,,,,"",,,,,,,,0xFF01FC,
1008,-1,0,0,0x0,0x0,0,0,0x0,0x0,0,0,0,0,0x0,0,0x0,0x0,0,1.0,1.0,5,5,"Кирин'Вар: Люминрат",,,,,,,,"Кирин'Вар: Люминрат",,,,,,,,0xFF01FE,"",,,,,,,,"",,,,,,,,0xFF01FC,
1009,-1,0,0,0x0,0x0,0,0,0x0,0x0,0,0,0,0,0x0,0,0x0,0x0,0,1.0,1.0,5,5,"Кирин'Вар: Колиен",,,,,,,,"Кирин'Вар: Колиен",,,,,,,,0xFF01FE,"",,,,,,,,"",,,,,,,,0xFF01FC,
1010,-1,0,0,0x0,0x0,0,0,0x0,0x0,0,0,0,0,0x0,0,0x0,0x0,0,1.0,1.0,5,5,"Прислужник Іллідана",,,,,,,,"Прислужник Іллідана",,,,,,,,0xFF01FE,"",,,,,,,,"",,,,,,,,0xFF01FC,
1011,69,32767,0,0x0,0x0,1535,0,0x0,0x0,0,0,0,0,0x10,0,0x0,0x0,936,0.0,0.0,3,3,"Нижнє Місто",,,,,,,,"Нижнє Місто",,,,,,,,0xFF01FE,"Серед вигнанців, знайшовших прихисток в Шаттраті, зустрічаються представники найрізноманітніших рас і народів. Але варто вам допомогти одному з них, як про це дізнаються усі.",,,,,,,,"Серед вигнанців, знайшовших прихисток в Шаттраті, зустрічаються представники найрізноманітніших рас і народів. Але варто вам допомогти одному з них, як про це дізнаються усі.",,,,,,,,0xFF01FE,
1012,70,1791,0,0x0,0x0,0,0,0x0,0x0,0,0,0,0,0x10,0,0x0,0x0,980,0.0,0.0,3,3,"Пеплоусты-служителі",,,,,,,,"Пеплоусты-служителі",,,,,,,,0xFF01FE,"Еліта Зломлених, офіційно уклавша союз з Ілліданом. Пеплоусты – віддані сподвижники Аками, готові підтримати будь-які починання свого господаря.",,,,,,,,"Еліта Зломлених, офіційно уклавша союз з Ілліданом. Пеплоусты – віддані сподвижники Аками, готові підтримати будь-які починання свого господаря.",,,,,,,,0xFF01FE,
1013,-1,0,0,0x0,0x0,0,0,0x0,0x0,0,0,0,0,0x0,0,0x0,0x0,0,1.0,1.0,5,5,"Духи Примарного Місяця 1",,,,,,,,"Духи Примарного Місяця 1",,,,,,,,0xFF01FE,"",,,,,,,,"",,,,,,,,0xFF01FC,
1014,-1,0,0,0x0,0x0,0,0,0x0,0x0,0,0,0,0,0x0,0,0x0,0x0,0,1.0,1.0,5,5,"Духи Примарного Місяця 2",,,,,,,,"Духи Примарного Місяця 2",,,,,,,,0xFF01FE,"",,,,,,,,"",,,,,,,,0xFF01FC,
1015,71,1791,0,0x0,0x0,1535,0,0x0,0x0,-42000,0,0,0,0x2,0,0x0,0x0,980,0.0,0.0,5,5,"Крила Порожнечі",,,,,,,,"Крила Порожнечі",,,,,,,,0xFF01FE,"Незвичайний вид чорних драконів, що походить від нащадків Смертокрила, яйця яких були піддані впливу енергії Порожнечі. Зараз вони шукають собе, намагаючись позбутися від похмурого родоводу свого батька.",,,,,,,,"Незвичайний вид чорних драконів, що походить від нащадків Смертокрила, яйця яких були піддані впливу енергії Порожнечі. Зараз вони шукають собе, намагаючись позбутися від похмурого родоводу свого батька.",,,,,,,,0xFF01FE,
1016,-1,0,0,0x0,0x0,0,0,0x0,0x0,0,0,0,0,0x0,0,0x0,0x0,0,1.0,1.0,5,5,"Культ Змія",,,,,,,,"Культ Змія",,,,,,,,0xFF01FE,"",,,,,,,,"",,,,,,,,0xFF01FC,
1017,-1,0,0,0x0,0x0,0,0,0x0,0x0,0,0,0,0,0x0,0,0x0,0x0,0,1.0,1.0,5,5,"Древень",,,,,,,,"Древень",,,,,,,,0xFF01FE,"",,,,,,,,"",,,,,,,,0xFF01FC,
1018,-1,0,0,0x0,0x0,0,0,0x0,0x0,0,0,0,0,0x0,0,0x0,0x0,0,1.0,1.0,5,5,"Демон Леотераса I",,,,,,,,"Демон Леотераса I",,,,,,,,0xFF01FE,"",,,,,,,,"",,,,,,,,0xFF01FC,
1019,-1,0,0,0x0,0x0,0,0,0x0,0x0,0,0,0,0,0x0,0,0x0,0x0,0,1.0,1.0,5,5,"Демон Леотераса II",,,,,,,,"Демон Леотераса II",,,,,,,,0xFF01FE,"",,,,,,,,"",,,,,,,,0xFF01FC,
1020,-1,0,0,0x0,0x0,0,0,0x0,0x0,0,0,0,0,0x0,0,0x0,0x0,0,1.0,1.0,5,5,"Демон Леотераса III",,,,,,,,"Демон Леотераса III",,,,,,,,0xFF01FE,"",,,,,,,,"",,,,,,,,0xFF01FC,
1021,-1,0,0,0x0,0x0,0,0,0x0,0x0,0,0,0,0,0x0,0,0x0,0x0,0,1.0,1.0,5,5,"Демон Леотераса IV",,,,,,,,"Демон Леотераса IV",,,,,,,,0xFF01FE,"",,,,,,,,"",,,,,,,,0xFF01FC,
1022,-1,0,0,0x0,0x0,0,0,0x0,0x0,0,0,0,0,0x0,0,0x0,0x0,0,1.0,1.0,5,5,"Демон Леотераса V",,,,,,,,"Демон Леотераса V",,,,,,,,0xFF01FE,"",,,,,,,,"",,,,,,,,0xFF01FC,
1023,-1,0,0,0x0,0x0,0,0,0x0,0x0,0,0,0,0,0x0,0,0x0,0x0,0,1.0,1.0,5,5,"Азалот",,,,,,,,"Азалот",,,,,,,,0xFF01FE,"",,,,,,,,"",,,,,,,,0xFF01FC,
1024,-1,0,0,0x0,0x0,0,0,0x0,0x0,0,0,0,0,0x0,0,0x0,0x0,0,1.0,1.0,5,5,"Камнедер",,,,,,,,"Камнедер",,,,,,,,0xFF01FE,"",,,,,,,,"",,,,,,,,0xFF01FC,
1025,-1,0,0,0x0,0x0,0,0,0x0,0x0,0,0,0,0,0x0,0,0x0,0x0,0,1.0,1.0,5,5,"Мисливець на свежевальщиков",,,,,,,,"Мисливець на свежевальщиков",,,,,,,,0xFF01FE,"",,,,,,,,"",,,,,,,,0xFF01FC,
1026,-1,0,0,0x0,0x0,0,0,0x0,0x0,0,0,0,0,0x0,0,0x0,0x0,0,1.0,1.0,5,5,"Тінь Примарного Місяця",,,,,,,,"Тінь Примарного Місяця",,,,,,,,0xFF01FE,"",,,,,,,,"",,,,,,,,0xFF01FC,
1027,-1,0,0,0x0,0x0,0,0,0x0,0x0,0,0,0,0,0x0,0,0x0,0x0,0,1.0,1.0,5,5,"Переговорное пристрій Легіону",,,,,,,,"Переговорное пристрій Легіону",,,,,,,,0xFF01FE,"",,,,,,,,"",,,,,,,,0xFF01FC,
1028,-1,0,0,0x0,0x0,0,0,0x0,0x0,0,0,0,0,0x0,0,0x0,0x0,0,1.0,1.0,5,5,"Древні з Лісів Воронів",,,,,,,,"Древні з Лісів Воронів",,,,,,,,0xFF01FE,"",,,,,,,,"",,,,,,,,0xFF01FC,
1029,-1,0,0,0x0,0x0,0,0,0x0,0x0,0,0,0,0,0x0,0,0x0,0x0,0,1.0,1.0,5,5,"Шахмати: дружні до всіх",,,,,,,,"Шахмати: дружні до всіх",,,,,,,,0xFF01FE,"",,,,,,,,"",,,,,,,,0xFF01FC,
1030,-1,0,0,0x0,0x0,0,0,0x0,0x0,0,0,0,0,0x0,0,0x0,0x0,0,1.0,1.0,5,5,"Ворота Чорного храму: Іллідарі",,,,,,,,"Ворота Чорного храму: Іллідарі",,,,,,,,0xFF01FE,"",,,,,,,,"",,,,,,,,0xFF01FC,
1031,72,1791,0,0x0,0x0,1535,0,0x0,0x0,0,0,0,0,0x10,0,0x0,0x0,936,0.0,0.0,5,5,"Охоронці Небес Ша'тар",,,,,,,,"Охоронці Небес Ша'тар",,,,,,,,0xFF01FE,"Ці крылатые захисники Шаттрата готові противостоять будь-який угрозе, спустившейся з неба Позамежжя.",,,,,,,,"Ці крылатые захисники Шаттрата готові противостоять будь-який угрозе, спустившейся з неба Позамежжя.",,,,,,,,0xFF01FE,
1032,-1,0,0,0x0,0x0,0,0,0x0,0x0,0,0,0,0,0x0,0,0x0,0x0,0,1.0,1.0,5,5,"Зона 52",,,,,,,,"Зона 52",,,,,,,,0xFF01FE,"",,,,,,,,"",,,,,,,,0xFF01FC,
1033,-1,0,0,0x0,0x0,0,0,0x0,0x0,0,0,0,0,0x0,0,0x0,0x0,0,1.0,1.0,5,5,"Майев",,,,,,,,"Майев",,,,,,,,0xFF01FE,"",,,,,,,,"",,,,,,,,0xFF01FC,
1034,-1,0,0,0x0,0x0,0,0,0x0,0x0,0,0,0,0,0x0,0,0x0,0x0,0,1.0,1.0,5,5,"Примарний Араккоа Скеттіса",,,,,,,,"Примарний Араккоа Скеттіса",,,,,,,,0xFF01FE,"",,,,,,,,"",,,,,,,,0xFF01FC,
1035,-1,0,0,0x0,0x0,0,0,0x0,0x0,0,0,0,0,0x0,0,0x0,0x0,0,1.0,1.0,5,5,"Араккоа Скеттіса",,,,,,,,"Араккоа Скеттіса",,,,,,,,0xFF01FE,"",,,,,,,,"",,,,,,,,0xFF01FC,
1036,-1,0,0,0x0,0x0,0,0,0x0,0x0,0,0,0,0,0x0,0,0x0,0x0,0,1.0,1.0,5,5,"Драконова Паща: противник",,,,,,,,"Драконова Паща: противник",,,,,,,,0xFF01FE,"",,,,,,,,"",,,,,,,,0xFF01FC,
1037,88,1101,690,0x0,0x0,0,0,0x0,0x0,0,0,0,0,0x88,6,0x0,0x0,1097,0.0,0.0,5,5,"Авангард Альянсу",,,,,,,,"Авангард Альянсу",,,,,,,,0xFF01FE,"Об'єднані сили Альянсу в Нортренді під командуванням Експедиції Відважних, а також включаючі в собі цивільні об'єднання – наприклад, Лигу Дослідників.",,,,,,,,"Об'єднані сили Альянсу в Нортренді під командуванням Експедиції Відважних, а також включаючі в собі цивільні об'єднання – наприклад, Лигу Дослідників.",,,,,,,,0xFF01FE,
1038,73,1791,0,0x0,0x0,0,0,0x0,0x0,0,0,0,0,0x10,0,0x0,0x0,980,0.0,0.0,5,5,"Огрі'ла",,,,,,,,"Огрі'ла",,,,,,,,0xFF01FE,"Поселение Огрі'ла знаходитися на заході Лезокраю. Вплив апекситових кристалів дозволив його жителям помітно перевершити в розвитку звичайних огрів.",,,,,,,,"Поселение Огрі'ла знаходитися на заході Лезокраю. Вплив апекситових кристалів дозволив його жителям помітно перевершити в розвитку звичайних огрів.",,,,,,,,0xFF01FE,
1039,-1,0,0,0x0,0x0,0,0,0x0,0x0,0,0,0,0,0x0,0,0x0,0x0,0,1.0,1.0,5,5,"Спустошувач",,,,,,,,"Спустошувач",,,,,,,,0xFF01FE,"",,,,,,,,"",,,,,,,,0xFF01FC,
1040,-1,0,0,0x0,0x0,0,0,0x0,0x0,0,0,0,0,0x0,0,0x0,0x0,0,1.0,1.0,5,5,"REUSE",,,,,,,,"REUSE",,,,,,,,0xFF01FE,"",,,,,,,,"",,,,,,,,0xFF01FC,
1041,-1,0,0,0x0,0x0,0,0,0x0,0x0,0,0,0,0,0x0,0,0x0,0x0,0,1.0,1.0,5,5,"Шаленство",,,,,,,,"Шаленство",,,,,,,,0xFF01FE,"",,,,,,,,"",,,,,,,,0xFF01FC,
1042,-1,0,0,0x0,0x0,0,0,0x0,0x0,0,0,0,0,0x0,0,0x0,0x0,0,1.0,1.0,5,5,"Ворог Охоронці Небес",,,,,,,,"Ворог Охоронці Небес",,,,,,,,0xFF01FE,"",,,,,,,,"",,,,,,,,0xFF01FC,
1043,-1,0,0,0x0,0x0,0,0,0x0,0x0,0,0,0,0,0x0,0,0x0,0x0,0,1.0,1.0,5,5,"Скунс: Петунья",,,,,,,,"Скунс: Петунья",,,,,,,,0xFF01FE,"",,,,,,,,"",,,,,,,,0xFF01FC,
1044,-1,0,0,0x0,0x0,0,0,0x0,0x0,0,0,0,0,0x0,0,0x0,0x0,0,1.0,1.0,5,5,"Тераморський дезертир",,,,,,,,"Тераморський дезертир",,,,,,,,0xFF01FE,"",,,,,,,,"",,,,,,,,0xFF01FC,
1045,-1,0,0,0x0,0x0,0,0,0x0,0x0,0,0,0,0,0x0,0,0x0,0x0,0,1.0,1.0,5,5,"Врайкул",,,,,,,,"Врайкул",,,,,,,,0xFF01FE,"",,,,,,,,"",,,,,,,,0xFF01FC,
1046,-1,0,0,0x0,0x0,0,0,0x0,0x0,0,0,0,0,0x0,0,0x0,0x0,0,1.0,1.0,5,5,"Пірати Cеверного моря",,,,,,,,"Пірати Cеверного моря",,,,,,,,0xFF01FE,"",,,,,,,,"",,,,,,,,0xFF01FC,
1047,-1,0,0,0x0,0x0,0,0,0x0,0x0,0,0,0,0,0x0,0,0x0,0x0,0,1.0,1.0,5,5,"Тускарр",,,,,,,,"Тускарр",,,,,,,,0xFF01FE,"",,,,,,,,"",,,,,,,,0xFF01FC,
1048,-1,0,0,0x0,0x0,0,0,0x0,0x0,0,0,0,0,0x0,0,0x0,0x0,0,1.0,1.0,5,5,"UNUSED",,,,,,,,"UNUSED",,,,,,,,0xFF01FE,"",,,,,,,,"",,,,,,,,0xFF01FC,
1049,-1,0,0,0x0,0x0,0,0,0x0,0x0,0,0,0,0,0x0,0,0x0,0x0,0,1.0,1.0,5,5,"Троль: Амані",,,,,,,,"Троль: Амані",,,,,,,,0xFF01FE,"",,,,,,,,"",,,,,,,,0xFF01FC,
1050,74,1101,690,0x0,0x0,0,0,0x0,0x0,0,-42000,0,0,0x10,6,0x0,0x0,1037,0.5,0.5,7,7,"Експедиція Відважних",,,,,,,,"Експедиція Відважних",,,,,,,,0xFF01FE,"Об'єднані сили Альянсу в Нортренді, воюющие з Бичом, під командуванням короля Вариана Ринна.",,,,,,,,"Об'єднані сили Альянсу в Нортренді, воюющие з Бичом, під командуванням короля Вариана Ринна.",,,,,,,,0xFF01FE,
1051,-1,0,0,0x0,0x0,0,0,0x0,0x0,0,0,0,0,0x0,0,0x0,0x0,0,1.0,1.0,5,5,"UNUSED",,,,,,,,"UNUSED",,,,,,,,0xFF01FE,"",,,,,,,,"",,,,,,,,0xFF01FC,
1052,75,690,1101,0x0,0x0,0,0,0x0,0x0,0,-42000,0,0,0x98,0,0x0,0x0,1097,0.0,0.0,5,5,"Експедиція Орди",,,,,,,,"Експедиція Орди",,,,,,,,0xFF01FE,"Об'єднані сили Орди в Нортренді, авангард армии Пісні Війни.",,,,,,,,"Об'єднані сили Орди в Нортренді, авангард армии Пісні Війни.",,,,,,,,0xFF01FE,
1053,-1,0,0,0x0,0x0,0,0,0x0,0x0,0,0,0,0,0x0,0,0x0,0x0,0,1.0,1.0,5,5,"Західна Охорона",,,,,,,,"Західна Охорона",,,,,,,,0xFF01FE,"",,,,,,,,"",,,,,,,,0xFF01FC,
1054,-1,0,0,0x0,0x0,0,0,0x0,0x0,0,0,0,0,0x0,0,0x0,0x0,0,1.0,1.0,5,5,"Плямистий грифон",,,,,,,,"Плямистий грифон",,,,,,,,0xFF01FE,"",,,,,,,,"",,,,,,,,0xFF01FC,
1055,-1,0,0,0x0,0x0,0,0,0x0,0x0,0,0,0,0,0x0,0,0x0,0x0,0,1.0,1.0,5,5,"Приручений чумний пес",,,,,,,,"Приручений чумний пес",,,,,,,,0xFF01FE,"",,,,,,,,"",,,,,,,,0xFF01FC,
1056,-1,0,0,0x0,0x0,0,0,0x0,0x0,0,0,0,0,0x0,0,0x0,0x0,0,1.0,1.0,5,5,"Врайкул (Древній Дух 1)",,,,,,,,"Врайкул (Древній Дух 1)",,,,,,,,0xFF01FE,"",,,,,,,,"",,,,,,,,0xFF01FC,
1057,-1,0,0,0x0,0x0,0,0,0x0,0x0,0,0,0,0,0x0,0,0x0,0x0,0,1.0,1.0,5,5,"Врайкул (Древній Дух 2)",,,,,,,,"Врайкул (Древній Дух 2)",,,,,,,,0xFF01FE,"",,,,,,,,"",,,,,,,,0xFF01FC,
1058,-1,0,0,0x0,0x0,0,0,0x0,0x0,0,0,0,0,0x0,0,0x0,0x0,0,1.0,1.0,5,5,"Врайкул (Древній Дух 3)",,,,,,,,"Врайкул (Древній Дух 3)",,,,,,,,0xFF01FE,"",,,,,,,,"",,,,,,,,0xFF01FC,
1059,-1,0,0,0x0,0x0,0,0,0x0,0x0,0,0,0,0,0x0,0,0x0,0x0,0,1.0,1.0,5,5,"Захоплення прапора: Альянс",,,,,,,,"Захоплення прапора: Альянс",,,,,,,,0xFF01FE,"",,,,,,,,"",,,,,,,,0xFF01FC,
1060,-1,0,0,0x0,0x0,0,0,0x0,0x0,0,0,0,0,0x0,0,0x0,0x0,0,1.0,1.0,5,5,"TEST",,,,,,,,"TEST",,,,,,,,0xFF01FE,"",,,,,,,,"",,,,,,,,0xFF01FC,
1061,-1,0,0,0x0,0x0,0,0,0x0,0x0,0,0,0,0,0x0,0,0x0,0x0,0,1.0,1.0,5,5,"Врайкул",,,,,,,,"Врайкул",,,,,,,,0xFF01FE,"",,,,,,,,"",,,,,,,,0xFF01FC,
1062,-1,0,0,0x0,0x0,0,0,0x0,0x0,0,0,0,0,0x0,0,0x0,0x0,0,1.0,1.0,5,5,"Врайкул-гладіатор",,,,,,,,"Врайкул-гладіатор",,,,,,,,0xFF01FE,"",,,,,,,,"",,,,,,,,0xFF01FC,
1063,-1,0,0,0x0,0x0,0,0,0x0,0x0,0,0,0,0,0x0,0,0x0,0x0,0,1.0,1.0,5,5,"Валгардский боєць",,,,,,,,"Валгардский боєць",,,,,,,,0xFF01FE,"",,,,,,,,"",,,,,,,,0xFF01FC,
1064,76,690,1101,0x0,0x0,0,0,0x0,0x0,0,-42000,0,0,0x10,6,0x0,0x0,1052,0.5,0.5,7,7,"Таунка",,,,,,,,"Таунка",,,,,,,,0xFF01FE,"Ці выносливые родственники тауренів стали бесценными разведчиками для армій Орди, направляющихся на північ.",,,,,,,,"Ці выносливые родственники тауренів стали бесценными разведчиками для армій Орди, направляющихся на північ.",,,,,,,,0xFF01FE,
1065,-1,0,0,0x0,0x0,0,0,0x0,0x0,0,0,0,0,0x0,0,0x0,0x0,0,1.0,1.0,5,5,"Монстр, силовая реакція 1",,,,,,,,"Монстр, силовая реакція 1",,,,,,,,0xFF01FE,"",,,,,,,,"",,,,,,,,0xFF01FC,
1066,-1,0,0,0x0,0x0,0,0,0x0,0x0,0,0,0,0,0x0,0,0x0,0x0,0,1.0,1.0,5,5,"Монстр, силовая реакція 2",,,,,,,,"Монстр, силовая реакція 2",,,,,,,,0xFF01FE,"",,,,,,,,"",,,,,,,,0xFF01FC,
1067,77,690,1101,0x0,0x0,0,0,0x0,0x0,0,-42000,0,0,0x10,0,0x0,0x0,1052,0.5,0.5,7,7,"Карающая Рука",,,,,,,,"Карающая Рука",,,,,,,,0xFF01FE,"Отрекшиеся, откомандированные Сильваной Вітрокрилої для отмщения Артасу за допомогою новейшего виду смертельной чуми.",,,,,,,,"Отрекшиеся, откомандированные Сильваной Вітрокрилої для отмщения Артасу за допомогою новейшего виду смертельной чуми.",,,,,,,,0xFF01FE,
1068,78,1101,690,0x0,0x0,0,0,0x0,0x0,0,-42000,0,0,0x10,6,0x0,0x0,1037,0.5,0.5,7,7,"Лига дослідників",,,,,,,,"Лига дослідників",,,,,,,,0xFF01FE,"Ця организация прагне пролить свет на происхождение расы дворфів, собирая реликвии Титанів. Результати последних научных исследований побудили їх заняться раскопками в Нортренді.",,,,,,,,"Ця организация прагне пролить свет на происхождение расы дворфів, собирая реликвии Титанів. Результати последних научных исследований побудили їх заняться раскопками в Нортренді.",,,,,,,,0xFF01FE,
1069,-1,0,0,0x0,0x0,0,0,0x0,0x0,0,0,0,0,0x0,0,0x0,0x0,0,1.0,1.0,5,5,"Скачки на баранах: бонус DND",,,,,,,,"Скачки на баранах: бонус DND",,,,,,,,0xFF01FE,"",,,,,,,,"",,,,,,,,0xFF01FC,
1070,-1,0,0,0x0,0x0,0,0,0x0,0x0,0,0,0,0,0x0,0,0x0,0x0,0,1.0,1.0,5,5,"Скачки на баранах: пастка DND",,,,,,,,"Скачки на баранах: пастка DND",,,,,,,,0xFF01FE,"",,,,,,,,"",,,,,,,,0xFF01FC,
1071,-1,0,0,0x0,0x0,0,0,0x0,0x0,0,0,0,0,0x0,0,0x0,0x0,0,1.0,1.0,5,5,"Белочки Крейга",,,,,,,,"Белочки Крейга",,,,,,,,0xFF01FE,"Тестовая фракція",,,,,,,,"Тестовая фракція",,,,,,,,0xFF01FE,
1072,-1,0,0,0x0,0x0,0,0,0x0,0x0,0,0,0,0,0x0,0,0x0,0x0,0,1.0,1.0,5,5,"REUSE",,,,,,,,"REUSE",,,,,,,,0xFF01FE,"",,,,,,,,"",,,,,,,,0xFF01FC,
1073,79,1791,0,0x0,0x0,0,0,0x0,0x0,0,0,0,0,0x10,0,0x0,0x0,1097,0.0,0.0,5,5,"Калу'ак",,,,,,,,"Калу'ак",,,,,,,,0xFF01FE,"Клыкарры – суровый, але мирный народ, який існує за рахунок рибалки і охоты на китов. Недавно їх поселення подверглись ожесточенным нападам, поэтому клыкарры раді будь-яким союзникам, предлагающим допомогу.",,,,,,,,"Клыкарры – суровый, але мирный народ, який існує за рахунок рибалки і охоты на китов. Недавно їх поселення подверглись ожесточенным нападам, поэтому клыкарры раді будь-яким союзникам, предлагающим допомогу.",,,,,,,,0xFF01FE,
1074,-1,0,0,0x0,0x0,0,0,0x0,0x0,0,0,0,0,0x0,0,0x0,0x0,0,1.0,1.0,5,5,"Свято: бочка з водою",,,,,,,,"Свято: бочка з водою",,,,,,,,0xFF01FE,"",,,,,,,,"",,,,,,,,0xFF01FC,
1075,-1,0,0,0x0,0x0,0,0,0x0,0x0,0,0,0,0,0x0,0,0x0,0x0,0,1.0,1.0,5,5,"Свято: стандартный",,,,,,,,"Свято: стандартный",,,,,,,,0xFF01FE,"",,,,,,,,"",,,,,,,,0xFF01FC,
1076,-1,0,0,0x0,0x0,0,0,0x0,0x0,0,0,0,0,0x0,0,0x0,0x0,0,1.0,1.0,5,5,"Залізні дворфи",,,,,,,,"Залізні дворфи",,,,,,,,0xFF01FE,"",,,,,,,,"",,,,,,,,0xFF01FC,
1077,80,32767,0,0x0,0x0,0,0,0x0,0x0,0,0,0,0,0x10,0,0x0,0x0,936,0.0,0.0,5,5,"Армія Розколотого Сонця",,,,,,,,"Армія Розколотого Сонця",,,,,,,,0xFF01FE,"Последняя і решительная спроба Шаттрата отогнать принца Кель'таса від Сонячного Колодязя.",,,,,,,,"Последняя і решительная спроба Шаттрата отогнать принца Кель'таса від Сонячного Колодязя.",,,,,,,,0xFF01FE,
1078,-1,0,0,0x0,0x0,0,0,0x0,0x0,0,0,0,0,0x0,0,0x0,0x0,0,1.0,1.0,5,5,"Вартовий-компаньйон",,,,,,,,"Вартовий-компаньйон",,,,,,,,0xFF01FE,"",,,,,,,,"",,,,,,,,0xFF01FC,
1079,-1,0,0,0x0,0x0,0,0,0x0,0x0,0,0,0,0,0x0,0,0x0,0x0,0,1.0,1.0,5,5,"Мурлок, Зимовий Плавник",,,,,,,,"Мурлок, Зимовий Плавник",,,,,,,,0xFF01FE,"",,,,,,,,"",,,,,,,,0xFF01FC,
1080,-1,0,0,0x0,0x0,0,0,0x0,0x0,0,0,0,0,0x0,0,0x0,0x0,0,1.0,1.0,5,5,"Союзник, силовая реакція",,,,,,,,"Союзник, силовая реакція",,,,,,,,0xFF01FE,"",,,,,,,,"",,,,,,,,0xFF01FC,
1081,-1,0,0,0x0,0x0,0,0,0x0,0x0,0,0,0,0,0x0,0,0x0,0x0,0,1.0,1.0,5,5,"Object, Force Reaction",,,,,,,,"Object, Force Reaction",,,,,,,,0xFF01FE,"",,,,,,,,"",,,,,,,,0xFF01FC,
1082,82,1101,690,0x0,0x0,0,0,0x0,0x0,0,-42000,0,0,0x4,2,0x0,0x0,0,1.0,1.0,5,5,"REUSE",,,,,,,,"REUSE",,,,,,,,0xFF01FE,"",,,,,,,,"",,,,,,,,0xFF01FC,
1083,-1,0,0,0x0,0x0,0,0,0x0,0x0,0,0,0,0,0x0,0,0x0,0x0,0,1.0,1.0,5,5,"REUSE",,,,,,,,"REUSE",,,,,,,,0xFF01FE,"",,,,,,,,"",,,,,,,,0xFF01FC,
1084,-1,0,0,0x0,0x0,0,0,0x0,0x0,0,0,0,0,0x0,0,0x0,0x0,0,1.0,1.0,5,5,"Врайкул: Морський",,,,,,,,"Врайкул: Морський",,,,,,,,0xFF01FE,"",,,,,,,,"",,,,,,,,0xFF01FC,
1085,81,1101,690,0x0,0x0,0,0,0x0,0x0,-42000,0,0,0,0x6,16,0x0,0x0,1052,0.5,0.5,7,7,"Армія Пісні Війни",,,,,,,,"Армія Пісні Війни",,,,,,,,0xFF01FE,"Гаррош Адский Крик командует экспедиционными войсками Орди, прибывающими в Нортренд для встречи з Артасом і бесчисленными армиями Бича.",,,,,,,,"Гаррош Адский Крик командует экспедиционными войсками Орди, прибывающими в Нортренд для встречи з Артасом і бесчисленными армиями Бича.",,,,,,,,0xFF01FE,
1086,-1,0,0,0x0,0x0,0,0,0x0,0x0,0,0,0,0,0x0,0,0x0,0x0,0,1.0,1.0,5,5,"Браконьер",,,,,,,,"Браконьер",,,,,,,,0xFF01FE,"",,,,,,,,"",,,,,,,,0xFF01FC,
1087,-1,0,0,0x0,0x0,0,0,0x0,0x0,0,0,0,0,0x0,0,0x0,0x0,0,1.0,1.0,5,5,"Праздничное чудовище",,,,,,,,"Праздничное чудовище",,,,,,,,0xFF01FE,"",,,,,,,,"",,,,,,,,0xFF01FC,
1088,-1,0,0,0x0,0x0,0,0,0x0,0x0,0,0,0,0,0x0,0,0x0,0x0,0,1.0,1.0,5,5,"Фурболг: Красный Ікло",,,,,,,,"Фурболг: Красный Ікло",,,,,,,,0xFF01FE,"",,,,,,,,"",,,,,,,,0xFF01FC,
1089,-1,0,0,0x0,0x0,0,0,0x0,0x0,0,0,0,0,0x0,0,0x0,0x0,0,1.0,1.0,5,5,"Фурболг: Льодяна Лапа",,,,,,,,"Фурболг: Льодяна Лапа",,,,,,,,0xFF01FE,"",,,,,,,,"",,,,,,,,0xFF01FC,
1090,84,1229,690,0x44D,0x2B2,1407,1407,0x80,0x80,0,0,3000,3000,0x10,16,0x10,0x10,1097,0.0,0.0,5,5,"Кірін-Тор",,,,,,,,"Кірін-Тор",,,,,,,,0xFF01FE,"Верховні і прості маги, що керують Далараном. З огляду появи нових небезпек зі сторони роду синіх драконів і Бича перемістили своє місто в серце Нортренду.",,,,,,,,"Верховні і прості маги, що керують Далараном. З огляду появи нових небезпек зі сторони роду синіх драконів і Бича перемістили своє місто в серце Нортренду.",,,,,,,,0xFF01FE,
1091,83,1791,0,0x0,0x0,0,0,0x0,0x0,0,0,0,0,0x10,0,0x0,0x0,1097,0.0,0.0,5,5,"Драконовий союз",,,,,,,,"Драконовий союз",,,,,,,,0xFF01FE,"Яростное неприятие родом синіх драконів всіх смертних, использующих магію, заставило інші роды объединиться під крылом червоних драконів для боротьби із своїми заблудшими собратьями.",,,,,,,,"Яростное неприятие родом синіх драконів всіх смертних, использующих магію, заставило інші роды объединиться під крылом червоних драконів для боротьби із своїми заблудшими собратьями.",,,,,,,,0xFF01FE,
1092,-1,0,0,0x0,0x0,0,0,0x0,0x0,0,0,0,0,0x0,0,0x0,0x0,0,1.0,1.0,5,5,"Азжол-Неруб",,,,,,,,"Азжол-Неруб",,,,,,,,0xFF01FE,"",,,,,,,,"",,,,,,,,0xFF01FC,
1093,-1,0,0,0x0,0x0,0,0,0x0,0x0,0,0,0,0,0x0,0,0x0,0x0,0,1.0,1.0,5,5,"REUSE",,,,,,,,"REUSE",,,,,,,,0xFF01FE,"",,,,,,,,"",,,,,,,,0xFF01FC,
1094,90,1101,690,0x0,0x0,0,0,0x0,0x0,0,-42000,0,0,0x10,6,0x0,0x0,1037,0.5,0.5,7,7,"Срібний союз",,,,,,,,"Срібний союз",,,,,,,,0xFF01FE,"Военная верхушка высших ельфів, не согласившаяся з принятием ельфів крові в Кірін-Тор. Возглавляемые Верисой Вітрокрилої, вони приєдналися до сил Альянсу в Нортренді.",,,,,,,,"Военная верхушка высших ельфів, не согласившаяся з принятием ельфів крові в Кірін-Тор. Возглавляемые Верисой Вітрокрилої, вони приєдналися до сил Альянсу в Нортренді.",,,,,,,,0xFF01FE,
1095,-1,0,0,0x0,0x0,0,0,0x0,0x0,0,0,0,0,0x0,0,0x0,0x0,0,1.0,1.0,5,5,"Зверолов з Сивих холмов",,,,,,,,"Зверолов з Сивих холмов",,,,,,,,0xFF01FE,"",,,,,,,,"",,,,,,,,0xFF01FC,
1096,-1,0,0,0x0,0x0,0,0,0x0,0x0,0,0,0,0,0x0,0,0x0,0x0,0,1.0,1.0,5,5,"REUSE",,,,,,,,"REUSE",,,,,,,,0xFF01FE,"",,,,,,,,"",,,,,,,,0xFF01FC,
1097,89,0,0,0x0,0x0,0,0,0x0,0x0,0,0,0,0,0xC,0,0x0,0x0,0,0.0,0.0,5,5,"Wrath of the Lich King",,,,,,,,"Wrath of the Lich King",,,,,,,,0xFF01FE,"",,,,,,,,"",,,,,,,,0xFF01FC,
1098,91,0,0,0x0,0x0,32,1503,0x0,0x0,3200,0,0,0,0x10,16,0x0,0x0,1097,1.0,1.0,5,5,"Лицарі Чорного Клинка",,,,,,,,"Лицарі Чорного Клинка",,,,,,,,0xFF01FE,"Залишивши службу у Короля Ліча, частина лицарів смерті об'єдналась проти свого колишнього господаря під керівництвом верховного лорда Даріона Могрейна.",,,,,,,,"Залишивши службу у Короля Ліча, частина лицарів смерті об'єдналась проти свого колишнього господаря під керівництвом верховного лорда Даріона Могрейна.",,,,,,,,0xFF01FE,
1099,-1,0,0,0x0,0x0,0,0,0x0,0x0,0,0,0,0,0x0,0,0x0,0x0,0,1.0,1.0,5,5,"Ворота Гніву (Скара)",,,,,,,,"Ворота Гніву (Скара)",,,,,,,,0xFF01FE,"",,,,,,,,"",,,,,,,,0xFF01FC,
1100,-1,0,0,0x0,0x0,0,0,0x0,0x0,0,0,0,0,0x0,0,0x0,0x0,0,1.0,1.0,5,5,"Ворота Гніву (Альянс)",,,,,,,,"Ворота Гніву (Альянс)",,,,,,,,0xFF01FE,"",,,,,,,,"",,,,,,,,0xFF01FC,
1101,-1,0,0,0x0,0x0,0,0,0x0,0x0,0,0,0,0,0x0,0,0x0,0x0,0,1.0,1.0,5,5,"Ворота Гніву (Орда)",,,,,,,,"Ворота Гніву (Орда)",,,,,,,,0xFF01FE,"",,,,,,,,"",,,,,,,,0xFF01FC,
1102,-1,0,0,0x0,0x0,0,0,0x0,0x0,0,0,0,0,0x0,0,0x0,0x0,0,1.0,1.0,5,5,"Захоплення прапора: Орда",,,,,,,,"Захоплення прапора: Орда",,,,,,,,0xFF01FE,"",,,,,,,,"",,,,,,,,0xFF01FC,
1103,-1,0,0,0x0,0x0,0,0,0x0,0x0,0,0,0,0,0x0,0,0x0,0x0,0,1.0,1.0,5,5,"Захоплення прапора: Нейтральна сторона",,,,,,,,"Захоплення прапора: Нейтральна сторона",,,,,,,,0xFF01FE,"",,,,,,,,"",,,,,,,,0xFF01FC,
1104,92,1791,0,0x0,0x0,0,0,0x0,0x0,0,0,0,0,0x10,0,0x0,0x0,1117,-2.20000004768,1.0,7,7,"Плем'я Шаленого Серця",,,,,,,,"Плем'я Шаленого Серця",,,,,,,,0xFF01FE,"Вигнане з рідних земель Бичом, це люте плем'я волчерів зупинилося в Низині Шолазар з наміром облаштуватися там. В силу своєї агресивної природи вони вступили в конфлікт з племенами горлоків, іменованих Оракулами.",,,,,,,,"Вигнане з рідних земель Бичом, це люте плем'я волчерів зупинилося в Низині Шолазар з наміром облаштуватися там. В силу своєї агресивної природи вони вступили в конфлікт з племенами горлоків, іменованих Оракулами.",,,,,,,,0xFF01FE,
1105,93,1791,0,0x0,0x0,0,0,0x0,0x0,0,0,0,0,0x10,0,0x0,0x0,1117,-2.20000004768,1.0,7,7,"Оракули",,,,,,,,"Оракули",,,,,,,,0xFF01FE,"Горлоки Низини Шолазар – раса рептилій, які вважають себе хранителями того незначного, що залишилось від технологій титанів в цій зоні. Вони знаходяться в стані загострення територіальної війни з волчерами.",,,,,,,,"Горлоки Низини Шолазар – раса рептилій, які вважають себе хранителями того незначного, що залишилось від технологій титанів в цій зоні. Вони знаходяться в стані загострення територіальної війни з волчерами.",,,,,,,,0xFF01FE,
1106,94,32767,0,0x0,0x0,0,0,0x0,0x0,0,0,0,0,0x10,0,0x0,0x0,1097,0.0,0.0,5,5,"Срібний Авангард",,,,,,,,"Срібний Авангард",,,,,,,,0xFF01FE,"Очолюваний Тіріоном Фордрінгом, Срібний Авангард об'єднав в собі реформований орден Срібної Руки і орден Срібного Світанку для боротьби проти армій Короля Ліча.",,,,,,,,"Очолюваний Тіріоном Фордрінгом, Срібний Авангард об'єднав в собі реформований орден Срібної Руки і орден Срібного Світанку для боротьби проти армій Короля Ліча.",,,,,,,,0xFF01FE,
1107,-1,0,0,0x0,0x0,0,0,0x0,0x0,0,0,0,0,0x0,0,0x0,0x0,0,1.0,1.0,5,5,"Тролли Драккари",,,,,,,,"Тролли Драккари",,,,,,,,0xFF01FE,"",,,,,,,,"",,,,,,,,0xFF01FC,
1108,-1,0,0,0x0,0x0,0,0,0x0,0x0,0,0,0,0,0x0,0,0x0,0x0,0,1.0,1.0,5,5,"ПВ - Артас",,,,,,,,"ПВ - Артас",,,,,,,,0xFF01FE,"",,,,,,,,"",,,,,,,,0xFF01FC,
1109,-1,0,0,0x0,0x0,0,0,0x0,0x0,0,0,0,0,0x0,0,0x0,0x0,0,1.0,1.0,5,5,"ПВ - Житель Стратхольму",,,,,,,,"ПВ - Житель Стратхольму",,,,,,,,0xFF01FE,"",,,,,,,,"",,,,,,,,0xFF01FC,
1110,-1,0,0,0x0,0x0,0,0,0x0,0x0,0,0,0,0,0x0,0,0x0,0x0,0,1.0,1.0,5,5,"ПВ - Скара",,,,,,,,"ПВ - Скара",,,,,,,,0xFF01FE,"",,,,,,,,"",,,,,,,,0xFF01FC,
1111,-1,0,0,0x0,0x0,0,0,0x0,0x0,0,0,0,0,0x0,0,0x0,0x0,0,1.0,1.0,5,5,"Фрея",,,,,,,,"Фрея",,,,,,,,0xFF01FE,"",,,,,,,,"",,,,,,,,0xFF01FC,
1112,-1,0,0,0x0,0x0,0,0,0x0,0x0,0,0,0,0,0x0,0,0x0,0x0,0,1.0,1.0,5,5,"Їздова тварина - Таксі - Альянс",,,,,,,,"Їздова тварина - Таксі - Альянс",,,,,,,,0xFF01FE,"",,,,,,,,"",,,,,,,,0xFF01FC,
1113,-1,0,0,0x0,0x0,0,0,0x0,0x0,0,0,0,0,0x0,0,0x0,0x0,0,1.0,1.0,5,5,"Їздова тварина - Таксі - Орда",,,,,,,,"Їздова тварина - Таксі - Орда",,,,,,,,0xFF01FE,"",,,,,,,,"",,,,,,,,0xFF01FC,
1114,-1,0,0,0x0,0x0,0,0,0x0,0x0,0,0,0,0,0x0,0,0x0,0x0,0,1.0,1.0,5,5,"Їздова тварина - Таксі - Нейтральна сторона",,,,,,,,"Їздова тварина - Таксі - Нейтральна сторона",,,,,,,,0xFF01FE,"",,,,,,,,"",,,,,,,,0xFF01FC,
1115,-1,0,0,0x0,0x0,0,0,0x0,0x0,0,0,0,0,0x0,0,0x0,0x0,0,1.0,1.0,5,5,"Елементаль води",,,,,,,,"Елементаль води",,,,,,,,0xFF01FE,"",,,,,,,,"",,,,,,,,0xFF01FC,
1116,-1,0,0,0x0,0x0,0,0,0x0,0x0,0,0,0,0,0x0,0,0x0,0x0,0,1.0,1.0,5,5,"Елементаль повітря",,,,,,,,"Елементаль повітря",,,,,,,,0xFF01FE,"",,,,,,,,"",,,,,,,,0xFF01FC,
1117,95,1791,0,0x0,0x0,0,0,0x0,0x0,0,0,0,0,0xC,0,0x0,0x0,1097,0.0,0.0,5,5,"Низовина Шолазар",,,,,,,,"Низовина Шолазар",,,,,,,,0xFF01FE,"",,,,,,,,"",,,,,,,,0xFF01FC,
1118,96,1791,0,0x0,0x0,0,0,0x0,0x0,0,0,0,0,0xC,0,0x0,0x0,0,0.0,0.0,5,5,"World of Warcraft",,,,,,,,"World of Warcraft",,,,,,,,0xFF01FE,"",,,,,,,,"",,,,,,,,0xFF01FC,
1119,97,1791,0,0x0,0x0,0,0,0x0,0x0,-42000,0,0,0,0x0,0,0x0,0x0,1097,0.0,0.0,5,5,"Сини Ходіра",,,,,,,,"Сини Ходіра",,,,,,,,0xFF01FE,"Сніжні велетні Грозової Гряди – войовнича раса, що проживає в Дун Ніфелемі.",,,,,,,,"Сніжні велетні Грозової Гряди – войовнича раса, що проживає в Дун Ніфелемі.",,,,,,,,0xFF01FE,
1120,-1,0,0,0x0,0x0,0,0,0x0,0x0,0,0,0,0,0x0,0,0x0,0x0,0,1.0,1.0,5,5,"Залізні велетні",,,,,,,,"Залізні велетні",,,,,,,,0xFF01FE,"",,,,,,,,"",,,,,,,,0xFF01FC,
1121,-1,0,0,0x0,0x0,0,0,0x0,0x0,0,0,0,0,0x0,0,0x0,0x0,0,1.0,1.0,5,5,"Льодяної врайкул",,,,,,,,"Льодяної врайкул",,,,,,,,0xFF01FE,"",,,,,,,,"",,,,,,,,0xFF01FC,
1122,-1,0,0,0x0,0x0,0,0,0x0,0x0,0,0,0,0,0x0,0,0x0,0x0,0,1.0,1.0,5,5,"Земельники",,,,,,,,"Земельники",,,,,,,,0xFF01FE,"",,,,,,,,"",,,,,,,,0xFF01FC,
1123,-1,0,0,0x0,0x0,0,0,0x0,0x0,0,0,0,0,0x0,0,0x0,0x0,0,1.0,1.0,5,5,"Monster Referee",,,,,,,,"Monster Referee",,,,,,,,0xFF01FE,"",,,,,,,,"",,,,,,,,0xFF01FC,
1124,98,690,1101,0x0,0x0,0,0,0x0,0x0,0,-42000,0,0,0x10,6,0x0,0x0,1052,0.5,0.5,7,7,"Викрадачі Сонця",,,,,,,,"Викрадачі Сонця",,,,,,,,0xFF01FE,"Шлях в Даларан завжди був закритий для Орди, але завдяки старанням верховного мага Етаса Викрадача Сонця їй все ж відкрили доступ в місто. Послідовники Етаса назвали в честь свого благодійника цілий район міста – Прихисток Викрадачів Сонця.",,,,,,,,"Шлях в Даларан завжди був закритий для Орди, але завдяки старанням верховного мага Етаса Викрадача Сонця їй все ж відкрили доступ в місто. Послідовники Етаса назвали в честь свого благодійника цілий район міста – Прихисток Викрадачів Сонця.",,,,,,,,0xFF01FE,
1125,-1,0,0,0x0,0x0,0,0,0x0,0x0,0,0,0,0,0x0,0,0x0,0x0,0,1.0,1.0,5,5,"Коло хильд",,,,,,,,"Коло хильд",,,,,,,,0xFF01FE,"",,,,,,,,"",,,,,,,,0xFF01FC,
1126,99,1101,690,0x0,0x0,0,0,0x0,0x0,0,-42000,0,0,0x10,0,0x0,0x0,1037,0.5,0.5,7,7,"Зиморожденные",,,,,,,,"Зиморожденные",,,,,,,,0xFF01FE,"Загадкова раса снежных дворфів, живущих на Грозової Гряді. Недавно вони подружились з путешественниками з Ліги Дослідників і раді приветствовать друзів Альянсу в своїх поселениях.",,,,,,,,"Загадкова раса снежных дворфів, живущих на Грозової Гряді. Недавно вони подружились з путешественниками з Ліги Дослідників і раді приветствовать друзів Альянсу в своїх поселениях.",,,,,,,,0xFF01FE,
1127,-1,0,0,0x0,0x0,0,0,0x0,0x0,0,0,0,0,0x0,0,0x0,0x0,0,1.0,1.0,5,5,"Orgrimmar (Alex Test)",,,,,,,,"Orgrimmar (Alex Test)",,,,,,,,0xFF01FE,"",,,,,,,,"",,,,,,,,0xFF01FC,
1136,100,2097151,0,0x0,0x0,0,0,0x0,0x0,0,0,0,0,0x4,0,0x0,0x0,0,0.0,0.0,0,0,"Перенос з Транквиллиона",,,,,,,,"Перенос з Транквиллиона",,,,,,,,0xFF01FE,"",,,,,,,,"",,,,,,,,0xFF01FC,
1137,101,32767,0,0x0,0x0,1535,0,0x0,0x0,0,0,0,0,0x4,0,0x0,0x0,0,0.0,0.0,0,0,"Перенос з Приборкувачів Ледопардов",,,,,,,,"Перенос з Приборкувачів Ледопардов",,,,,,,,0xFF01FE,"",,,,,,,,"",,,,,,,,0xFF01FC,
1145,-1,0,0,0x0,0x0,0,0,0x0,0x0,0,0,0,0,0x0,0,0x0,0x0,0,0.0,0.0,0,0,"Ненавидить усі",,,,,,,,"Ненавидить усі",,,,,,,,0xFF01FE,"",,,,,,,,"",,,,,,,,0xFF01FC,
1154,102,2097151,0,0x0,0x0,0,0,0x0,0x0,0,0,0,0,0x4,0,0x0,0x0,0,0.0,0.0,0,0,"Перенос з Срібного союзу",,,,,,,,"Перенос з Срібного союзу",,,,,,,,0xFF01FE,"",,,,,,,,"",,,,,,,,0xFF01FC,
1155,103,2097151,0,0x0,0x0,0,0,0x0,0x0,0,0,0,0,0x4,0,0x0,0x0,0,0.0,0.0,0,0,"Перенос з Викрадачів Сонця",,,,,,,,"Перенос з Викрадачів Сонця",,,,,,,,0xFF01FE,"",,,,,,,,"",,,,,,,,0xFF01FC,
1156,104,2097151,0,0x0,0x0,0,0,0x0,0x0,0,0,0,0,0x10,0,0x0,0x0,1097,0.0,0.0,0,0,"Попелястий союз",,,,,,,,"Попелястий союз",,,,,,,,0xFF01FE,"По умовам договора між Тіріоном Фордрінгом і Дарионом Могрейном Срібний Авангард і Лицарі Чорного Клинка обязуются відкласти рішення разногласий до тих пір, поки Король Ліч не буде повержен.",,,,,,,,"По умовам договора між Тіріоном Фордрінгом і Дарионом Могрейном Срібний Авангард і Лицарі Чорного Клинка обязуются відкласти рішення разногласий до тих пір, поки Король Ліч не буде повержен.",,,,,,,,0xFF01FE,
1159,-1,0,0,0x0,0x0,0,0,0x0,0x0,0,0,0,0,0x0,0,0x0,0x0,0,1.0,1.0,5,5,"Захоплення прапора: Альянс 2",,,,,,,,"Захоплення прапора: Альянс 2",,,,,,,,0xFF01FE,"",,,,,,,,"",,,,,,,,0xFF01FC,
1160,-1,0,0,0x0,0x0,0,0,0x0,0x0,0,0,0,0,0x0,0,0x0,0x0,0,1.0,1.0,5,5,"Захоплення прапора: Орда 2",,,,,,,,"Захоплення прапора: Орда 2",,,,,,,,0xFF01FE,"",,,,,,,,"",,,,,,,,0xFF01FC,
