long,None,None,None,None,None,None,None,None,str,None,None,None,None,None,None,None,flags,long,long,long,long,long,long,long,long,long,flags,None,None,None,None,None,None,None,long,long,long,long,long,long,long,long,long,long,long,long,long,flags,flags,flags,flags,long,
1,,,,,,,,,"Гладиатор",,,,,,,,0xFF01FE,11729,11726,11728,11731,11730,0,0,0,0,0x0,,,,,,,,41864,41863,41862,41861,0,0,0,0,3,2,5,4,0,0x0,0x0,0x0,0x0,0,
41,,,,,,,,,"Руки Дал'Ренда",,,,,,,,0xFF01FE,12940,12939,0,0,0,0,0,0,0,0x0,,,,,,,,41719,0,0,0,0,0,0,0,2,0,0,0,0,0x0,0x0,0x0,0x0,0,
65,,,,,,,,,"Поцелуй паука",,,,,,,,0xFF01FE,13218,13183,0,0,0,0,0,0,0,0x0,,,,,,,,17332,0,0,0,0,0,0,0,2,0,0,0,0,0x0,0x0,0x0,0x0,0,
81,,,,,,,,,"Вестник",,,,,,,,0xFF01FE,13390,13388,13391,13392,13389,0,0,0,0,0x0,,,,,,,,41873,17498,41872,41871,41870,41869,0,0,2,5,4,3,3,0x5,0x0,0x0,0x0,0,
121,,,,,,,,,"Трупный наряд",,,,,,,,0xFF01FE,14637,14636,14640,14638,14641,0,0,0,0,0x0,,,,,,,,41681,41645,41680,41679,0,0,0,0,2,3,4,5,0,0x0,0x0,0x0,0x0,0,
122,,,,,,,,,"Одеяния Праха",,,,,,,,0xFF01FE,14631,14629,14632,14633,14626,0,0,0,0,0x0,,,,,,,,41827,41642,41826,41825,0,0,0,0,3,2,4,5,0,0x0,0x0,0x0,0x0,0,
123,,,,,,,,,"Регалии Кровавой кольчуги",,,,,,,,0xFF01FE,14614,14616,14615,14611,14612,0,0,0,0,0x0,,,,,,,,41674,41673,41672,41671,0,0,0,0,5,4,3,2,0,0x0,0x0,0x0,0x0,0,
124,,,,,,,,,"Костяной Страж",,,,,,,,0xFF01FE,14624,14622,14620,14623,14621,0,0,0,0,0x0,,,,,,,,41726,41725,41724,41723,0,0,0,0,2,3,4,5,0,0x0,0x0,0x0,0x0,0,
141,,,,,,,,,"Вулканические доспехи",,,,,,,,0xFF01FE,15053,15054,15055,0,0,0,0,0,0,0x0,,,,,,,,9233,0,0,0,0,0,0,0,3,0,0,0,0,0x0,0x0,0x0,0x0,0,
142,,,,,,,,,"Доспехи Грозового покрова",,,,,,,,0xFF01FE,15056,15057,15058,21278,0,0,0,0,0,0x0,,,,,,,,18979,23863,41845,0,0,0,0,0,2,3,4,0,0,0x0,0x0,0x0,0x0,0,
143,,,,,,,,,"Доспехи из кожи дьявозавра",,,,,,,,0xFF01FE,15062,15063,0,0,0,0,0,0,0,0x0,,,,,,,,0,39516,0,0,0,0,0,0,0,2,0,0,0,0x0,0x0,0x0,0x0,0,
144,,,,,,,,,"Железноперые доспехи",,,,,,,,0xFF01FE,15066,15067,0,0,0,0,0,0,0,0x0,,,,,,,,41780,0,0,0,0,0,0,0,2,0,0,0,0,0x0,0x0,0x0,0x0,0,
161,,,,,,,,,"Кожаные доспехи Братства Справедливости",,,,,,,,0xFF01FE,10399,10403,10402,10401,10400,0,0,0,0,0x0,,,,,,,,41733,41732,41731,41730,0,0,0,0,5,3,2,4,0,0x0,0x0,0x0,0x0,0,
162,,,,,,,,,"Объятия гадюки",,,,,,,,0xFF01FE,10412,10411,10413,10410,6473,0,0,0,0,0x0,,,,,,,,41741,41644,41740,41739,0,0,0,0,5,4,2,3,0,0x0,0x0,0x0,0x0,0,
163,,,,,,,,,"Цепь Алого ордена",,,,,,,,0xFF01FE,10329,10332,10328,10331,10330,10333,0,0,0,0x0,,,,,,,,41686,41641,41685,41684,41683,0,0,0,2,3,4,5,6,0x0,0x0,0x0,0x0,0,
181,,,,,,,,,"Регалии Магистра",,,,,,,,0xFF01FE,16685,16683,16686,16684,16687,16689,16688,16682,0,0x0,,,,,,,,0,0,0,0,29091,27867,41822,30777,0,0,0,0,2,0x6,0x8,0x4,0x0,0,
182,,,,,,,,,"Ризы Благочестия",,,,,,,,0xFF01FE,16696,16691,16697,16693,16692,16695,16694,16690,0,0x0,,,,,,,,0,41881,27778,41880,41879,0,0,0,0,2,6,8,4,0x0,0x0,0x0,0x0,0,
183,,,,,,,,,"Одеяния Багрового Тумана",,,,,,,,0xFF01FE,16702,16703,16699,16701,16700,16704,16698,16705,0,0x0,,,,,,,,0,0,41738,27780,41737,41736,0,0,0,0,2,6,8,0x4,0x0,0x0,0x0,0,
184,,,,,,,,,"Доспехи незаметности",,,,,,,,0xFF01FE,16713,16711,16710,16721,16708,16709,16712,16707,0,0x0,,,,,,,,0,29096,27787,41836,41835,0,0,0,0,2,6,8,4,0x0,0x0,0x0,0x0,0,
185,,,,,,,,,"Облачение дикого сердца",,,,,,,,0xFF01FE,16716,16715,16714,16720,16706,16718,16719,16717,0,0x0,,,,,,,,29097,27781,0,41893,41892,41891,0,0,2,6,0,8,4,0x4,0x0,0x0,0x0,0,
186,,,,,,,,,"Доспехи загонщика",,,,,,,,0xFF01FE,16680,16675,16681,16677,16674,16678,16679,16676,0,0x0,,,,,,,,0,0,0,0,29094,27785,41668,30772,0,0,0,0,2,0x6,0x8,0x4,0x0,0,
187,,,,,,,,,"Стихии",,,,,,,,0xFF01FE,16673,16670,16671,16667,16672,16668,16669,16666,0,0x0,,,,,,,,0,0,0,29095,27774,41857,41856,0,0,0,0,2,6,0x8,0x4,0x0,0x0,0,
188,,,,,,,,,"Доспехи Светлой стали",,,,,,,,0xFF01FE,16723,16725,16722,16726,16724,16728,16729,16727,0,0x0,,,,,,,,0,29093,0,27498,41819,41818,0,0,0,2,0,6,8,0x4,0x0,0x0,0x0,0,
189,,,,,,,,,"Броня Доблести",,,,,,,,0xFF01FE,16736,16734,16735,16730,16737,16731,16732,16733,0,0x0,,,,,,,,29092,27419,0,18679,30770,0,0,0,2,6,0,8,4,0x0,0x0,0x0,0x0,0,
201,,,,,,,,,"Регалии Чародея",,,,,,,,0xFF01FE,16802,16799,16795,16800,16801,16796,16797,16798,0,0x0,,,,,,,,41657,41656,23545,0,0,0,0,0,3,5,8,0,0,0x0,0x0,0x0,0x0,0,
202,,,,,,,,,"Ризы Пророчества",,,,,,,,0xFF01FE,16811,16813,16817,16812,16814,16816,16815,16819,0,0x0,,,,,,,,21973,21092,23550,0,0,0,0,0,3,5,8,0,0,0x0,0x0,0x0,0x0,0,
203,,,,,,,,,"Одеяния Сердца Скверны",,,,,,,,0xFF01FE,16806,16804,16805,16810,16809,16807,16808,16803,0,0x0,,,,,,,,23554,21741,23553,0,0,0,0,0,3,5,8,0,0,0x0,0x0,0x0,0x0,0,
204,,,,,,,,,"Доспехи ночного убийцы",,,,,,,,0xFF01FE,16827,16824,16825,16820,16821,16826,16822,16823,0,0x0,,,,,,,,21874,21975,23582,0,0,0,0,0,3,5,8,0,0,0x0,0x0,0x0,0x0,0,
205,,,,,,,,,"Кенарийские одеяния",,,,,,,,0xFF01FE,16828,16829,16830,16833,16831,16834,16835,16836,0,0x0,,,,,,,,39507,23556,23557,0,0,0,0,0,5,8,3,0,0,0x0,0x0,0x0,0x0,0,
206,,,,,,,,,"Доспехи Истребителя великанов",,,,,,,,0xFF01FE,16851,16849,16850,16845,16848,16852,16846,16847,0,0x0,,,,,,,,23560,23566,21926,0,0,0,0,0,3,8,5,0,0,0x0,0x0,0x0,0x0,0,
207,,,,,,,,,"Гнев Земли",,,,,,,,0xFF01FE,16838,16837,16840,16841,16844,16839,16842,16843,0,0x0,,,,,,,,23572,21895,23573,0,0,0,0,0,5,3,8,0,0,0x0,0x0,0x0,0x0,0,
208,,,,,,,,,"Доспехи Судии",,,,,,,,0xFF01FE,16858,16859,16857,16853,16860,16854,16855,16856,0,0x0,,,,,,,,0,23564,41784,21747,0,0,0,0,0,3,5,8,0,0x0,0x0,0x0,0x0,0,
209,,,,,,,,,"Броня Мощи",,,,,,,,0xFF01FE,16864,16861,16865,16863,16866,16867,16868,16862,0,0x0,,,,,,,,23562,21838,23561,0,0,0,0,0,3,5,8,0,0,0x0,0x0,0x0,0x0,0,
210,,,,,,,,,"Регалия ветра Пустоты",,,,,,,,0xFF01FE,16818,16918,16912,16914,16917,16913,16915,16916,0,0x0,,,,,,,,21879,23549,22007,0,0,0,0,0,3,5,8,0,0,0x0,0x0,0x0,0x0,0,
211,,,,,,,,,"Ризы Превосходства",,,,,,,,0xFF01FE,16925,16926,16919,16921,16920,16922,16924,16923,0,0x0,,,,,,,,21853,21894,22010,0,0,0,0,0,5,3,8,0,0,0x0,0x0,0x0,0x0,0,
212,,,,,,,,,"Одеяния Возмездия",,,,,,,,0xFF01FE,16933,16927,16934,16928,16930,16931,16929,16932,0,0x0,,,,,,,,21922,23555,0,32449,0,0,0,0,5,8,0,3,0,0x0,0x0,0x0,0x0,0,
213,,,,,,,,,"Доспехи Кровавых Клыков",,,,,,,,0xFF01FE,16910,16906,16911,16905,16907,16908,16909,16832,0,0x0,,,,,,,,23558,21881,23581,0,0,0,0,0,5,3,8,0,0,0x0,0x0,0x0,0x0,0,
214,,,,,,,,,"Одеяния Ярости Бури",,,,,,,,0xFF01FE,16903,16898,16904,16897,16900,16899,16901,16902,0,0x0,,,,,,,,21894,21872,21871,0,0,0,0,0,3,5,8,0,0,0x0,0x0,0x0,0x0,0,
215,,,,,,,,,"Доспехи охотника на драконов",,,,,,,,0xFF01FE,16936,16935,16942,16940,16941,16939,16938,16937,0,0x0,,,,,,,,21928,23578,23559,0,0,0,0,0,5,8,3,0,0,0x0,0x0,0x0,0x0,0,
216,,,,,,,,,"Десять Бурь",,,,,,,,0xFF01FE,16944,16943,16950,16945,16948,16949,16947,16946,0,0x0,,,,,,,,21899,23570,23551,0,0,0,0,0,3,5,8,0,0,0x0,0x0,0x0,0x0,0,
217,,,,,,,,,"Доспехи Правосудия",,,,,,,,0xFF01FE,16952,16951,16958,16955,16956,16954,16957,16953,0,0x0,,,,,,,,41782,23565,23591,0,0,0,0,0,5,3,8,0,0,0x0,0x0,0x0,0x0,0,
218,,,,,,,,,"Броня Гнева",,,,,,,,0xFF01FE,16959,16966,16964,16963,16962,16961,16965,16960,0,0x0,,,,,,,,23563,21890,23548,0,0,0,0,0,3,5,8,0,0,0x0,0x0,0x0,0x0,0,
221,,,,,,,,,"Одеяния Теро-шана",,,,,,,,0xFF01FE,7950,7948,7952,7951,7953,7949,0,0,0,0x0,,,,,,,,41772,0,0,0,0,0,0,0,6,0,0,0,0,0x0,0x0,0x0,0x0,0,
241,,,,,,,,,"Осколок Богов",,,,,,,,0xFF01FE,17082,17064,0,0,0,0,0,0,0,0x0,,,,,,,,41838,0,0,0,0,0,0,0,2,0,0,0,0,0x0,0x0,0x0,0x0,0,
261,,,,,,,,,"Дух Эсхандара",,,,,,,,0xFF01FE,18203,18202,0,0,0,0,0,0,0,0x0,,,,,,,,22648,0,0,0,0,0,0,0,2,0,0,0,0,0x0,0x0,0x0,0x0,0,
281,,,,,,,,,"Броня защитника",,,,,,,,0xFF01FE,16509,16510,16513,16515,16514,16516,0,0,0,0x0,,,,,,,,41690,41653,22738,0,0,0,0,0,2,6,4,0,0,0x0,0x0,0x0,0x0,0,
282,,,,,,,,,"Броня лейтенанта-командора",,,,,,,,0xFF01FE,16405,16406,16430,16431,16429,16432,0,0,0,0x0,,,,,,,,41793,41792,22738,0,0,0,0,0,2,6,4,0,0,0x0,0x0,0x0,0x0,0,
301,,,,,,,,,"Землекрушитель Защитника",,,,,,,,0xFF01FE,16519,16518,16522,16523,16521,16524,0,0,0,0x0,,,,,,,,41693,41692,22804,0,0,0,0,0,2,6,4,0,0,0x0,0x0,0x0,0x0,0,
321,,,,,,,,,"Имперские латы",,,,,,,,0xFF01FE,12424,12426,12425,12422,12427,12429,12428,0,0,0x0,,,,,,,,41779,41647,41778,0,0,0,0,0,2,4,6,0,0,0x0,0x0,0x0,0x0,0,
341,,,,,,,,,"Регалии Защитника",,,,,,,,0xFF01FE,16485,16487,16491,16490,16489,16492,0,0,0,0x0,,,,,,,,41709,23025,41708,0,0,0,0,0,2,4,6,0,0,0x0,0x0,0x0,0x0,0,
342,,,,,,,,,"Одеяния Защитника",,,,,,,,0xFF01FE,17616,17617,17612,17611,17613,17610,0,0,0,0x0,,,,,,,,41703,23044,41702,0,0,0,0,0,2,4,6,0,0,0x0,0x0,0x0,0x0,0,
343,,,,,,,,,"Регалии лейтенанта-командора",,,,,,,,0xFF01FE,16369,16391,16413,16414,16416,16415,0,0,0,0x0,,,,,,,,41811,23025,41810,0,0,0,0,0,2,4,6,0,0,0x0,0x0,0x0,0x0,0,
344,,,,,,,,,"Одеяния лейтенанта-командора",,,,,,,,0xFF01FE,17594,17596,17600,17599,17598,17601,0,0,0,0x0,,,,,,,,23044,41805,41804,0,0,0,0,0,4,2,6,0,0,0x0,0x0,0x0,0x0,0,
345,,,,,,,,,"Нити Защитника",,,,,,,,0xFF01FE,17576,17577,17572,17571,17570,17573,0,0,0,0x0,,,,,,,,41715,41714,23047,0,0,0,0,0,2,6,4,0,0,0x0,0x0,0x0,0x0,0,
346,,,,,,,,,"Нити лейтенанта-командора",,,,,,,,0xFF01FE,17562,17564,17568,17567,17569,17566,0,0,0,0x0,,,,,,,,41815,41814,23047,0,0,0,0,0,2,6,4,0,0,0x0,0x0,0x0,0x0,0,
347,,,,,,,,,"Одежды Защитника",,,,,,,,0xFF01FE,16498,16499,16505,16508,16506,16507,0,0,0,0x0,,,,,,,,41717,41716,23048,0,0,0,0,0,2,6,4,0,0,0x0,0x0,0x0,0x0,0,
348,,,,,,,,,"Облачение лейтенанта-командора",,,,,,,,0xFF01FE,16392,16396,16417,16419,16420,16418,0,0,0,0x0,,,,,,,,41817,23048,41816,0,0,0,0,0,2,4,6,0,0,0x0,0x0,0x0,0x0,0,
361,,,,,,,,,"Облачение Защитника",,,,,,,,0xFF01FE,16531,16530,16525,16527,16526,16528,0,0,0,0x0,,,,,,,,41701,23158,41700,0,0,0,0,0,2,4,6,0,0,0x0,0x0,0x0,0x0,0,
362,,,,,,,,,"Облачение лейтенанта-командора",,,,,,,,0xFF01FE,16425,16426,16401,16403,16428,16427,0,0,0,0x0,,,,,,,,41803,23158,41802,0,0,0,0,0,2,4,6,0,0,0x0,0x0,0x0,0x0,0,
381,,,,,,,,,"Снаряжение лейтенанта-командора",,,,,,,,0xFF01FE,16423,16424,16422,16421,16393,16397,0,0,0,0x0,,,,,,,,41813,23218,41812,0,0,0,0,0,2,4,6,0,0,0x0,0x0,0x0,0x0,0,
382,,,,,,,,,"Снаряжение Защитника",,,,,,,,0xFF01FE,16494,16496,16504,16502,16503,16501,0,0,0,0x0,,,,,,,,23218,41711,41710,0,0,0,0,0,4,2,6,0,0,0x0,0x0,0x0,0x0,0,
383,,,,,,,,,"Броня вождя",,,,,,,,0xFF01FE,16541,16542,16544,16545,16548,16543,0,0,0,0x0,,,,,,,,41888,22738,41887,0,0,0,0,0,6,3,2,0,0,0x0,0x0,0x0,0x0,0,
384,,,,,,,,,"Броня фельдмаршала",,,,,,,,0xFF01FE,16477,16478,16480,16483,16484,16479,0,0,0,0x0,,,,,,,,41756,22738,41755,0,0,0,0,0,2,3,6,0,0,0x0,0x0,0x0,0x0,0,
386,,,,,,,,,"Землекрушитель вождя",,,,,,,,0xFF01FE,16577,16578,16580,16573,16574,16579,0,0,0,0x0,,,,,,,,22804,41896,41895,0,0,0,0,0,3,2,6,0,0,0x0,0x0,0x0,0x0,0,
387,,,,,,,,,"Регалии Вождя",,,,,,,,0xFF01FE,16536,16533,16535,16539,16540,16534,0,0,0,0x0,,,,,,,,41902,41901,23025,0,0,0,0,0,6,2,3,0,0,0x0,0x0,0x0,0x0,0,
388,,,,,,,,,"Регалии фельдмаршала",,,,,,,,0xFF01FE,16441,16444,16443,16437,16440,16442,0,0,0,0x0,,,,,,,,41762,41761,23025,0,0,0,0,0,6,2,3,0,0,0x0,0x0,0x0,0x0,0,
389,,,,,,,,,"Одеяния фельдмаршала",,,,,,,,0xFF01FE,17604,17603,17605,17608,17607,17602,0,0,0,0x0,,,,,,,,41760,41759,23044,0,0,0,0,0,6,2,3,0,0,0x0,0x0,0x0,0x0,0,
390,,,,,,,,,"Облачение вождя",,,,,,,,0xFF01FE,17623,17625,17622,17624,17618,17620,0,0,0,0x0,,,,,,,,23044,41900,41899,0,0,0,0,0,3,6,2,0,0,0x0,0x0,0x0,0x0,0,
391,,,,,,,,,"Нити вождя",,,,,,,,0xFF01FE,17586,17588,17593,17591,17590,17592,0,0,0,0x0,,,,,,,,41906,23047,41905,0,0,0,0,0,2,3,6,0,0,0x0,0x0,0x0,0x0,0,
392,,,,,,,,,"Нити фельдмаршала",,,,,,,,0xFF01FE,17581,17580,17583,17584,17579,17578,0,0,0,0x0,,,,,,,,41766,23047,41765,0,0,0,0,0,6,3,2,0,0,0x0,0x0,0x0,0x0,0,
393,,,,,,,,,"Облачение полководца",,,,,,,,0xFF01FE,16563,16561,16562,16564,16560,16558,0,0,0,0x0,,,,,,,,41908,23048,41907,0,0,0,0,0,2,3,6,0,0,0x0,0x0,0x0,0x0,0,
394,,,,,,,,,"Одежды фельдмаршала",,,,,,,,0xFF01FE,16453,16457,16455,16446,16454,16456,0,0,0,0x0,,,,,,,,41768,23048,41767,0,0,0,0,0,6,3,2,0,0,0x0,0x0,0x0,0x0,0,
395,,,,,,,,,"Облачение фельдмаршала",,,,,,,,0xFF01FE,16466,16465,16468,16462,16463,16467,0,0,0,0x0,,,,,,,,23158,41758,41757,0,0,0,0,0,3,6,2,0,0,0x0,0x0,0x0,0x0,0,
396,,,,,,,,,"Облачение вождя",,,,,,,,0xFF01FE,16569,16571,16567,16565,16566,16568,0,0,0,0x0,,,,,,,,41898,41897,23158,0,0,0,0,0,2,6,3,0,0,0x0,0x0,0x0,0x0,0,
397,,,,,,,,,"Снаряжение фельдмаршала",,,,,,,,0xFF01FE,16452,16451,16449,16459,16448,16450,0,0,0,0x0,,,,,,,,41764,41763,23218,0,0,0,0,0,2,6,3,0,0,0x0,0x0,0x0,0x0,0,
398,,,,,,,,,"Снаряжение военачальника",,,,,,,,0xFF01FE,16554,16555,16552,16551,16549,16550,0,0,0,0x0,,,,,,,,23218,41904,41903,0,0,0,0,0,3,6,2,0,0,0x0,0x0,0x0,0x0,0,
401,,,,,,,,,"Эгида лейтенанта-командора",,,,,,,,0xFF01FE,16410,16409,16433,16435,16434,16436,0,0,0,0x0,,,,,,,,41787,41636,41786,23302,0,0,0,0,2,2,6,4,0,0x0,0x0,0x0,0x0,0,
402,,,,,,,,,"Эгида фельдмаршала",,,,,,,,0xFF01FE,16473,16474,16476,16472,16471,16475,0,0,0,0x0,,,,,,,,23302,41754,41753,0,0,0,0,0,3,2,6,0,0,0x0,0x0,0x0,0x0,0,
421,,,,,,,,,"Одеяния кровавой лозы",,,,,,,,0xFF01FE,19682,19683,19684,0,0,0,0,0,0,0x0,,,,,,,,41676,0,0,0,0,0,0,0,3,0,0,0,0,0x0,0x0,0x0,0xC5,300,
441,,,,,,,,,"Шкура древней летучей мыши",,,,,,,,0xFF01FE,19685,19687,19686,0,0,0,0,0,0,0x0,,,,,,,,24090,0,0,0,0,0,0,0,3,0,0,0,0,0x0,0x0,0x0,0xA5,300,
442,,,,,,,,,"Доспехи кровавого тигра",,,,,,,,0xFF01FE,19688,19689,0,0,0,0,0,0,0,0x0,,,,,,,,41670,41650,0,0,0,0,0,0,2,2,0,0,0,0x0,0x0,0x0,0xA5,300,
443,,,,,,,,,"Объятия Кровавого Духа",,,,,,,,0xFF01FE,19690,19691,19692,0,0,0,0,0,0,0x0,,,,,,,,41675,0,0,0,0,0,0,0,3,0,0,0,0,0x0,0x0,0x0,0x0,0,
444,,,,,,,,,"Темная душа",,,,,,,,0xFF01FE,19693,19694,19695,0,0,0,0,0,0,0x0,,,,,,,,41847,0,0,0,0,0,0,0,3,0,0,0,0,0x0,0x0,0x0,0xA4,300,
461,,,,,,,,,"Парные клинки Хаккари",,,,,,,,0xFF01FE,19865,19866,0,0,0,0,0,0,0,0x0,,,,,,,,41874,0,0,0,0,0,0,0,2,0,0,0,0,0x0,0x0,0x0,0x0,0,
462,,,,,,,,,"Сосредоточение Занзила",,,,,,,,0xFF01FE,19893,19905,0,0,0,0,0,0,0,0x0,,,,,,,,39702,41894,0,0,0,0,0,0,2,2,0,0,0,0x0,0x0,0x0,0x0,0,
463,,,,,,,,,"Простое Благословение",,,,,,,,0xFF01FE,19896,19910,0,0,0,0,0,0,0,0x0,,,,,,,,24256,0,0,0,0,0,0,0,2,0,0,0,0,0x0,0x0,0x0,0x0,0,
464,,,,,,,,,"Решимость Властителя",,,,,,,,0xFF01FE,19873,19912,0,0,0,0,0,0,0,0x0,,,,,,,,39880,0,0,0,0,0,0,0,2,0,0,0,0,0x0,0x0,0x0,0x0,0,
465,,,,,,,,,"Молитва Изначального",,,,,,,,0xFF01FE,19863,19920,0,0,0,0,0,0,0,0x0,,,,,,,,41830,0,0,0,0,0,0,0,2,0,0,0,0,0x0,0x0,0x0,0x0,0,
466,,,,,,,,,"Великое вуду",,,,,,,,0xFF01FE,19898,19925,0,0,0,0,0,0,0,0x0,,,,,,,,41823,0,0,0,0,0,0,0,2,0,0,0,0,0x0,0x0,0x0,0x0,0,
467,,,,,,,,,"Решимость горца",,,,,,,,0xFF01FE,20041,20048,20057,0,0,0,0,0,0,0x0,,,,,,,,41868,39548,0,0,0,0,0,0,2,3,0,0,0,0x0,0x0,0x0,0x0,0,
468,,,,,,,,,"Твердость горца",,,,,,,,0xFF01FE,20042,20049,20058,0,0,0,0,0,0,0x0,,,,,,,,41041,41640,0,0,0,0,0,0,3,2,0,0,0,0x0,0x0,0x0,0x0,0,
469,,,,,,,,,"Решимость горца",,,,,,,,0xFF01FE,20043,20050,20055,0,0,0,0,0,0,0x0,,,,,,,,41865,39418,0,0,0,0,0,0,2,3,0,0,0,0x0,0x0,0x0,0x0,0,
470,,,,,,,,,"Стойкость горца",,,,,,,,0xFF01FE,20044,20051,20056,0,0,0,0,0,0,0x0,,,,,,,,39447,41638,0,0,0,0,0,0,3,2,0,0,0,0x0,0x0,0x0,0x0,0,
471,,,,,,,,,"Цель горца",,,,,,,,0xFF01FE,20052,20045,20059,0,0,0,0,0,0,0x0,,,,,,,,41867,39433,0,0,0,0,0,0,2,3,0,0,0,0x0,0x0,0x0,0x0,0,
472,,,,,,,,,"Воля горца",,,,,,,,0xFF01FE,20053,20046,20060,0,0,0,0,0,0,0x0,,,,,,,,39420,41639,0,0,0,0,0,0,3,2,0,0,0,0x0,0x0,0x0,0x0,0,
473,,,,,,,,,"Упорство горца",,,,,,,,0xFF01FE,20054,20047,20061,0,0,0,0,0,0,0x0,,,,,,,,41866,39422,0,0,0,0,0,0,2,3,0,0,0,0x0,0x0,0x0,0x0,0,
474,,,,,,,,,"Броня воздаятеля",,,,,,,,0xFF01FE,19951,19577,19824,19823,19822,0,0,0,0,0x0,,,,,,,,41885,24456,24431,0,0,0,0,0,2,3,5,0,0,0x0,0x0,0x0,0x0,0,
475,,,,,,,,,"Доспехи Вольнодумца",,,,,,,,0xFF01FE,19952,19588,19827,19826,19825,0,0,0,0,0x0,,,,,,,,41770,24457,24460,0,0,0,0,0,2,3,5,0,0,0x0,0x0,0x0,0x0,0,
476,,,,,,,,,"Регалии Авгура",,,,,,,,0xFF01FE,19609,19956,19830,19829,19828,0,0,0,0,0x0,,,,,,,,41659,24461,24462,0,0,0,0,0,2,3,5,0,0,0x0,0x0,0x0,0x0,0,
477,,,,,,,,,"Доспехи Хищника",,,,,,,,0xFF01FE,19621,19953,19833,19832,19831,0,0,0,0,0x0,,,,,,,,41831,24465,24467,0,0,0,0,0,2,3,5,0,0,0x0,0x0,0x0,0x0,0,
478,,,,,,,,,"Одеяния безумца",,,,,,,,0xFF01FE,19617,19954,19836,19835,19834,0,0,0,0,0x0,,,,,,,,41821,24469,24471,0,0,0,0,0,2,3,5,0,0,0x0,0x0,0x0,0x0,0,
479,,,,,,,,,"Наряд гаруспика",,,,,,,,0xFF01FE,19613,19955,19840,19839,19838,0,0,0,0,0x0,,,,,,,,41776,24480,24479,0,0,0,0,0,2,5,3,0,0,0x0,0x0,0x0,0x0,0,
480,,,,,,,,,"Облачение Исповедника",,,,,,,,0xFF01FE,19594,19958,19843,19842,19841,0,0,0,0,0x0,,,,,,,,41718,24483,24482,0,0,0,0,0,2,5,3,0,0,0x0,0x0,0x0,0x0,0,
481,,,,,,,,,"Дьявольские нити",,,,,,,,0xFF01FE,19605,19957,19848,19849,20033,0,0,0,0,0x0,,,,,,,,41734,24486,24487,0,0,0,0,0,2,3,5,0,0,0x0,0x0,0x0,0x0,0,
482,,,,,,,,,"Наряд Мастера иллюзий",,,,,,,,0xFF01FE,19601,19959,19846,19845,20034,0,0,0,0,0x0,,,,,,,,41777,24489,24491,0,0,0,0,0,2,3,5,0,0,0x0,0x0,0x0,0x0,0,
483,,,,,,,,,"Решимость Осквернителя",,,,,,,,0xFF01FE,20158,20154,20150,0,0,0,0,0,0,0x0,,,,,,,,41848,39884,0,0,0,0,0,0,2,3,0,0,0,0x0,0x0,0x0,0x0,0,
484,,,,,,,,,"Стойкость Осквернителя",,,,,,,,0xFF01FE,20195,20199,20203,0,0,0,0,0,0,0x0,,,,,,,,41849,41643,0,0,0,0,0,0,2,3,0,0,0,0x0,0x0,0x0,0x0,0,
485,,,,,,,,,"Цель Осквернителя",,,,,,,,0xFF01FE,20176,20159,20163,0,0,0,0,0,0,0x0,,,,,,,,41851,41850,0,0,0,0,0,0,2,3,0,0,0,0x0,0x0,0x0,0x0,0,
486,,,,,,,,,"Решимость Осквернителя",,,,,,,,0xFF01FE,20186,20190,20194,0,0,0,0,0,0,0x0,,,,,,,,41852,39545,0,0,0,0,0,0,2,3,0,0,0,0x0,0x0,0x0,0x0,0,
487,,,,,,,,,"Решимость Осквернителя",,,,,,,,0xFF01FE,20204,20208,20212,0,0,0,0,0,0,0x0,,,,,,,,41853,39486,0,0,0,0,0,0,2,3,0,0,0,0x0,0x0,0x0,0x0,0,
488,,,,,,,,,"Воля Осквернителя",,,,,,,,0xFF01FE,20167,20171,20175,0,0,0,0,0,0,0x0,,,,,,,,41855,41854,0,0,0,0,0,0,2,3,0,0,0,0x0,0x0,0x0,0x0,0,
489,,,,,,,,,"Кольчуга Черного дракона",,,,,,,,0xFF01FE,16984,15050,15052,15051,0,0,0,0,0,0x0,,,,,,,,39510,39509,41669,0,0,0,0,0,2,3,4,0,0,0x0,0x0,0x0,0x0,0,
490,,,,,,,,,"Кольчуга Зеленого дракона",,,,,,,,0xFF01FE,15045,15046,20296,0,0,0,0,0,0,0x0,,,,,,,,41775,21894,0,0,0,0,0,0,2,3,0,0,0,0x0,0x0,0x0,0x0,0,
491,,,,,,,,,"Кольчужный доспех из чешуи синего дракона",,,,,,,,0xFF01FE,15048,20295,15049,0,0,0,0,0,0,0x0,,,,,,,,41677,41651,0,0,0,0,0,0,2,3,0,0,0,0x0,0x0,0x0,0x0,0,
492,,,,,,,,,"Сумеречное облачение",,,,,,,,0xFF01FE,20406,20408,20407,0,0,0,0,0,0,0x0,,,,,,,,24746,0,0,0,0,0,0,0,3,0,0,0,0,0x0,0x0,0x0,0x0,0,
493,,,,,,,,,"Ризы сотворения",,,,,,,,0xFF01FE,21355,21353,21354,21356,21357,0,0,0,0,0x0,,,,,,,,26106,41774,41773,0,0,0,0,0,5,3,3,0,0,0x0,0x0,0x0,0x0,0,
494,,,,,,,,,"Символы Бесконечной жизни",,,,,,,,0xFF01FE,21408,21409,21407,0,0,0,0,0,0,0x0,,,,,,,,26107,0,0,0,0,0,0,0,3,0,0,0,0,0x0,0x0,0x0,0x0,0,
495,,,,,,,,,"Броня неумолимой силы",,,,,,,,0xFF01FE,21394,21392,21393,0,0,0,0,0,0,0x0,,,,,,,,26111,0,0,0,0,0,0,0,3,0,0,0,0,0x0,0x0,0x0,0x0,0,
496,,,,,,,,,"Броня Завоевателя",,,,,,,,0xFF01FE,21331,21329,21333,21332,0,21330,0,0,0,0x0,,,,,,,,26109,26110,0,0,0,0,0,0,3,5,0,0,0,0x0,0x0,0x0,0x0,0,
497,,,,,,,,,"Объятия торговца смертью",,,,,,,,0xFF01FE,0,21359,21360,21361,21362,21364,0,0,0,0x0,,,,,,,,26112,26113,0,0,0,0,0,0,3,5,0,0,0,0x0,0x0,0x0,0x0,0,
498,,,,,,,,,"Знаки сокрытых теней",,,,,,,,0xFF01FE,21405,21406,21404,0,0,0,0,0,0,0x0,,,,,,,,26114,0,0,0,0,0,0,0,3,0,0,0,0,0x0,0x0,0x0,0x0,0,
499,,,,,,,,,"Наряд Призывателя Рока",,,,,,,,0xFF01FE,21337,21338,21335,21334,21336,0,0,0,0,0x0,,,,,,,,26117,26116,0,0,0,0,0,0,5,3,0,0,0,0x0,0x0,0x0,0x0,0,
500,,,,,,,,,"Воплощение Неназванных имен",,,,,,,,0xFF01FE,21416,21417,21418,0,0,0,0,0,0,0x0,,,,,,,,26118,0,0,0,0,0,0,0,3,0,0,0,0,0x0,0x0,0x0,0x0,0,
501,,,,,,,,,"Одеяния Зова Бури",,,,,,,,0xFF01FE,21372,21373,21374,21375,21376,0,0,0,0,0x0,,,,,,,,26122,26119,0,0,0,0,0,0,5,3,0,0,0,0x0,0x0,0x0,0x0,0,
502,,,,,,,,,"Дар Зова Бури",,,,,,,,0xFF01FE,21400,21398,21399,0,0,0,0,0,0,0x0,,,,,,,,26123,0,0,0,0,0,0,0,3,0,0,0,0,0x0,0x0,0x0,0x0,0,
503,,,,,,,,,"Облачение Тайны",,,,,,,,0xFF01FE,21344,21347,21346,21343,21345,0,0,0,0,0x0,,,,,,,,26127,26128,0,0,0,0,0,0,3,5,0,0,0,0x0,0x0,0x0,0x0,0,
504,,,,,,,,,"Облачение Погребенных тайн",,,,,,,,0xFF01FE,21414,21413,21415,0,0,0,0,0,0,0x0,,,,,,,,26131,0,0,0,0,0,0,0,3,0,0,0,0,0x0,0x0,0x0,0x0,0,
505,,,,,,,,,"Броня Мстителя",,,,,,,,0xFF01FE,21389,21387,21388,21390,21391,0,0,0,0,0x0,,,,,,,,26130,41648,0,0,0,0,0,0,3,5,0,0,0,0x0,0x0,0x0,0x0,0,
506,,,,,,,,,"Броня Вечной Справедливости",,,,,,,,0xFF01FE,21397,21395,21396,0,0,0,0,0,0,0x0,,,,,,,,26135,0,0,0,0,0,0,0,3,0,0,0,0,0x0,0x0,0x0,0x0,0,
507,,,,,,,,,"Облачение Оракула",,,,,,,,0xFF01FE,21349,21350,21348,21352,21351,0,0,0,0,0x0,,,,,,,,26169,26171,0,0,0,0,0,0,3,5,0,0,0,0x0,0x0,0x0,0x0,0,
508,,,,,,,,,"Облачение беспредельной мудрости",,,,,,,,0xFF01FE,21410,21411,21412,0,0,0,0,0,0,0x0,,,,,,,,26172,0,0,0,0,0,0,0,3,0,0,0,0,0x0,0x0,0x0,0x0,0,
509,,,,,,,,,"Одеяния бойца",,,,,,,,0xFF01FE,21366,21365,21370,21368,21367,0,0,0,0,0x0,,,,,,,,26173,26174,0,0,0,0,0,0,3,5,0,0,0,0x0,0x0,0x0,0x0,0,
510,,,,,,,,,"Ловушки Незримого Пути",,,,,,,,0xFF01FE,21403,21401,21402,0,0,0,0,0,0,0x0,,,,,,,,26176,0,0,0,0,0,0,0,3,0,0,0,0,0x0,0x0,0x0,0x0,0,
511,,,,,,,,,"Броня Героизма",,,,,,,,0xFF01FE,21994,21995,21996,21997,21998,21999,22000,22001,0,0x0,,,,,,,,0,41649,41662,27419,41661,0,0,0,0,6,2,4,8,0x0,0x0,0x0,0x0,0,
512,,,,,,,,,"Доспехи Покрова тьмы",,,,,,,,0xFF01FE,22002,22003,22004,22005,22006,22007,22008,22009,0,0x0,,,,,,,,0,41722,41721,27787,41720,0,0,0,0,6,2,4,8,0x0,0x0,0x0,0x0,0,
513,,,,,,,,,"Одеяния буйного сердца",,,,,,,,0xFF01FE,22106,22107,22108,22109,22110,22111,22112,22113,0,0x0,,,,,,,,41752,41646,41751,0,27781,41750,0,0,6,6,2,0,4,0x8,0x0,0x0,0x0,0,
514,,,,,,,,,"Ризы Добродетели",,,,,,,,0xFF01FE,22078,22079,22080,22081,22082,22083,22084,22085,0,0x0,,,,,,,,0,41884,41883,27778,41882,0,0,0,0,6,2,4,8,0x0,0x0,0x0,0x0,0,
515,,,,,,,,,"Доспехи Повелителя зверей",,,,,,,,0xFF01FE,22010,22011,22061,22013,22015,22016,22017,22060,0,0x0,,,,,,,,0,0,0,0,41667,41666,27785,41665,0,0,0,0,6,0x2,0x4,0x8,0x0,0,
516,,,,,,,,,"Доспехи Закаленного духа",,,,,,,,0xFF01FE,22086,22087,22088,22089,22090,22091,22092,22093,0,0x0,,,,,,,,0,41844,41843,27498,41842,0,0,0,0,6,2,4,8,0x0,0x0,0x0,0x0,0,
517,,,,,,,,,"Регалии чародея",,,,,,,,0xFF01FE,22062,22063,22064,22065,22066,22067,22068,22069,0,0x0,,,,,,,,0,0,0,41840,27867,41839,32451,0,0,0,0,8,4,0x2,0x6,0x0,0x0,0,
518,,,,,,,,,"Одеяния тумана смерти",,,,,,,,0xFF01FE,22070,22071,22072,22073,22074,22075,22076,22077,0,0x0,,,,,,,,0,0,41729,41728,27780,41727,0,0,0,0,6,2,4,0x8,0x0,0x0,0x0,0,
519,,,,,,,,,"Пять Громов",,,,,,,,0xFF01FE,22095,22096,22097,22098,22099,22100,22101,22102,0,0x0,,,,,,,,0,0,0,41860,41859,27774,41858,0,0,0,0,6,2,0x4,0x8,0x0,0x0,0,
520,,,,,,,,,"Железнотканые доспехи",,,,,,,,0xFF01FE,22306,22311,22313,22302,22304,22305,22303,22301,0,0x0,,,,,,,,27733,41781,0,0,0,0,0,0,4,8,0,0,0,0x0,0x0,0x0,0x0,0,
521,,,,,,,,,"Одеяния сновидца",,,,,,,,0xFF01FE,22492,22494,22493,22490,22489,22491,22488,22495,23064,0x0,,,,,,,,28743,28744,28716,28719,0,0,0,0,4,6,2,8,0,0x0,0x0,0x0,0x0,0,
522,,,,,,,,,"Стража Защитника",,,,,,,,0xFF01FE,22864,22856,22879,22880,23257,23258,0,0,0,0x0,,,,,,,,41695,23048,41694,0,0,0,0,0,2,4,6,0,0,0x0,0x0,0x0,0x0,0,
523,,,,,,,,,"Броня неустрашимости",,,,,,,,0xFF01FE,22423,22416,22421,22422,22418,22417,22419,22420,0,0x5A13,,,,,,,,28842,28844,28843,28845,0,0,0,0,6,2,4,8,0,0x0,0x0,0x0,0x0,0,
524,,,,,,,,,"Доспехи костяной косы",,,,,,,,0xFF01FE,22483,22476,22481,22478,22477,22479,22480,22482,23060,0x0,,,,,,,,28812,28814,28816,28811,0,0,0,0,4,8,2,6,0,0x0,0x0,0x0,0x0,0,
525,,,,,,,,,"Ризы веры",,,,,,,,0xFF01FE,22518,22519,22514,22517,22513,22512,22516,22515,23061,0x0,,,,,,,,28809,28802,28807,28808,0,0,0,0,4,8,2,6,0,0x0,0x0,0x0,0x0,0,
526,,,,,,,,,"Регалии ледяного огня",,,,,,,,0xFF01FE,22502,22503,22498,22501,22497,22496,22500,22499,23062,0x0,,,,,,,,28771,28763,28761,28764,0,0,0,0,6,2,8,4,0,0x0,0x0,0x0,0x0,0,
527,,,,,,,,,"Землекрушитель",,,,,,,,0xFF01FE,22468,22470,22469,22466,22465,22467,22464,22471,23065,0x0,,,,,,,,28823,29171,28818,28821,0,0,0,0,6,4,2,8,0,0x0,0x0,0x0,0x0,0,
528,,,,,,,,,"Доспехи Возмездия",,,,,,,,0xFF01FE,22430,22431,22426,22428,22427,22429,22425,22424,23066,0x0,,,,,,,,28787,28789,28775,28774,0,0,0,0,8,6,2,4,0,0x0,0x0,0x0,0x0,0,
529,,,,,,,,,"Облачение проклятого сердца",,,,,,,,0xFF01FE,22510,22511,22506,22509,22505,22504,22508,22507,23063,0x0,,,,,,,,28829,28830,28831,28746,0,0,0,0,4,8,2,6,0,0x0,0x0,0x0,0x0,0,
530,,,,,,,,,"Доспехи Расхитителя гробниц",,,,,,,,0xFF01FE,22440,22442,22441,22438,22437,22439,22436,22443,23067,0x0,,,,,,,,28752,28751,28756,28755,0,0,0,0,6,8,4,2,0,0x0,0x0,0x0,0x0,0,
533,,,,,,,,,"Броня истребления нежити",,,,,,,,0xFF01FE,23090,23087,23078,0,0,0,0,0,0,0x0,,,,,,,,29068,0,0,0,0,0,0,0,3,0,0,0,0,0x0,0x0,0x0,0x0,0,
534,,,,,,,,,"Доспехи истребителя нежити",,,,,,,,0xFF01FE,23081,23089,23093,0,0,0,0,0,0,0x0,,,,,,,,29068,0,0,0,0,0,0,0,3,0,0,0,0,0x0,0x0,0x0,0x0,0,
535,,,,,,,,,"Облачение Истребителя нежити",,,,,,,,0xFF01FE,23088,23082,23092,0,0,0,0,0,0,0x0,,,,,,,,29068,0,0,0,0,0,0,0,3,0,0,0,0,0x0,0x0,0x0,0x0,0,
536,,,,,,,,,"Регалии Зачистки Нежити",,,,,,,,0xFF01FE,23091,23084,23085,0,0,0,0,0,0,0x0,,,,,,,,29068,0,0,0,0,0,0,0,3,0,0,0,0,0x0,0x0,0x0,0x0,0,
537,,,,,,,,,"Латы Защитника",,,,,,,,0xFF01FE,22868,22858,22872,22873,23244,23243,0,0,0,0x0,,,,,,,,41689,22738,41688,0,0,0,0,0,2,4,6,0,0,0x0,0x0,0x0,0x0,0,
538,,,,,,,,,"Зов Бури Защитника",,,,,,,,0xFF01FE,22857,22867,22876,22887,23259,23260,0,0,0,0x0,,,,,,,,41713,22804,41712,0,0,0,0,0,2,4,6,0,0,0x0,0x0,0x0,0x0,0,
539,,,,,,,,,"Спасение Защитника",,,,,,,,0xFF01FE,22863,22852,22877,22878,23253,23254,0,0,0,0x0,,,,,,,,41707,23218,41706,0,0,0,0,0,2,4,6,0,0,0x0,0x0,0x0,0x0,0,
540,,,,,,,,,"Убор Защитника",,,,,,,,0xFF01FE,22869,22859,22882,22885,23261,23262,0,0,0,0x0,,,,,,,,41697,23044,41696,0,0,0,0,0,2,4,6,0,0,0x0,0x0,0x0,0x0,0,
541,,,,,,,,,"Грозные доспехи Защитника",,,,,,,,0xFF01FE,22865,22855,23255,23256,22881,22884,0,0,0,0x0,,,,,,,,41691,41654,23047,0,0,0,0,0,6,2,4,0,0,0x0,0x0,0x0,0x0,0,
542,,,,,,,,,"Тайна Защитника",,,,,,,,0xFF01FE,22870,22860,23263,23264,22883,22886,0,0,0,0x0,,,,,,,,41687,41652,23025,0,0,0,0,0,2,6,4,0,0,0x0,0x0,0x0,0x0,0,
543,,,,,,,,,"Упорство Защитника",,,,,,,,0xFF01FE,22843,22862,23251,23252,22874,22875,0,0,0,0x0,,,,,,,,23158,41699,41698,0,0,0,0,0,4,6,2,0,0,0x0,0x0,0x0,0x0,0,
544,,,,,,,,,"Оплот лейтенанта-командора",,,,,,,,0xFF01FE,23272,23273,23274,23275,23276,23277,0,0,0,0x0,,,,,,,,41807,41806,23302,0,0,0,0,0,2,6,4,0,0,0x0,0x0,0x0,0x0,0,
545,,,,,,,,,"Боевые доспехи лейтенанта-командора",,,,,,,,0xFF01FE,23300,23301,23286,23287,23314,23315,0,0,0,0x0,,,,,,,,22738,41791,41790,0,0,0,0,0,4,6,2,0,0,0x0,0x0,0x0,0x0,0,
546,,,,,,,,,"Тайна лейтенанта-командора",,,,,,,,0xFF01FE,23304,23305,23290,23291,23318,23319,0,0,0,0x0,,,,,,,,41789,41788,23025,0,0,0,0,0,2,6,4,0,0,0x0,0x0,0x0,0x0,0,
547,,,,,,,,,"Грозные доспехи лейтенанта-командора",,,,,,,,0xFF01FE,23296,23297,23282,23283,23310,23311,0,0,0,0x0,,,,,,,,41795,41794,23047,0,0,0,0,0,2,6,4,0,0,0x0,0x0,0x0,0x0,0,
548,,,,,,,,,"Стража лейтенанта-командора",,,,,,,,0xFF01FE,23298,23299,23284,23285,23312,23313,0,0,0,0x0,,,,,,,,23048,41797,41796,0,0,0,0,0,4,6,2,0,0,0x0,0x0,0x0,0x0,0,
549,,,,,,,,,"Убор лейтенанта-командора",,,,,,,,0xFF01FE,23302,23303,23288,23289,23316,23317,0,0,0,0x0,,,,,,,,41799,23044,41798,0,0,0,0,0,2,4,6,0,0,0x0,0x0,0x0,0x0,0,
550,,,,,,,,,"Упорство лейтенанта-командора",,,,,,,,0xFF01FE,23292,23293,23278,23279,23306,23307,0,0,0,0x0,,,,,,,,41801,41800,23158,0,0,0,0,0,6,2,4,0,0,0x0,0x0,0x0,0x0,0,
551,,,,,,,,,"Защита лейтенанта-командора",,,,,,,,0xFF01FE,23294,23295,23280,23281,23308,23309,0,0,0,0x0,,,,,,,,41809,23218,41808,0,0,0,0,0,6,4,2,0,0,0x0,0x0,0x0,0x0,0,
552,,,,,,,,,"Гнев огненных чар",,,,,,,,0xFF01FE,21848,21847,21846,0,0,0,0,0,0,0x0,,,,,,,,32196,0,0,0,0,0,0,0,3,0,0,0,0,0x0,0x0,0x0,0x0,0,
553,,,,,,,,,"Объятия Тени",,,,,,,,0xFF01FE,21871,21869,21870,0,0,0,0,0,0,0x0,,,,,,,,39372,0,0,0,0,0,0,0,3,0,0,0,0,0x0,0x0,0x0,0x0,0,
554,,,,,,,,,"Изначальная луноткань",,,,,,,,0xFF01FE,21875,21874,21873,0,0,0,0,0,0,0x0,,,,,,,,32102,0,0,0,0,0,0,0,3,0,0,0,0,0x0,0x0,0x0,0x0,0,
555,,,,,,,,,"Одежды из ткани Пустоты",,,,,,,,0xFF01FE,21855,21854,21852,21851,21849,21853,21850,0,0,0x0,,,,,,,,39543,41829,0,0,0,0,0,0,2,4,0,0,0,0x0,0x0,0x0,0x0,0,
556,,,,,,,,,"Прочная ткань Пустоты",,,,,,,,0xFF01FE,21862,21861,21859,21860,0,0,0,0,0,0x0,,,,,,,,39881,0,0,0,0,0,0,0,3,0,0,0,0,0x0,0x0,0x0,0x0,0,
557,,,,,,,,,"Объятия ткани Душ",,,,,,,,0xFF01FE,21865,21864,21863,0,0,0,0,0,0,0x0,,,,,,,,41841,0,0,0,0,0,0,0,3,0,0,0,0,0x0,0x0,0x0,0x0,0,
558,,,,,,,,,"Одежды из тайной ткани",,,,,,,,0xFF01FE,21868,21866,21867,0,0,0,0,0,0,0x0,,,,,,,,41658,0,0,0,0,0,0,0,3,0,0,0,0,0x0,0x0,0x0,0x0,0,
559,,,,,,,,,"Сокрушительная магия",,,,,,,,0xFF01FE,24266,24262,0,0,0,0,0,0,0,0x0,,,,,,,,32106,0,0,0,0,0,0,0,2,0,0,0,0,0x0,0x0,0x0,0xC5,350,
560,,,,,,,,,"Латы из оскверненного железа",,,,,,,,0xFF01FE,23489,23488,23487,23482,23484,0,0,0,0,0x0,,,,,,,,42155,41744,0,0,0,0,0,0,2,4,0,0,0,0x0,0x0,0x0,0x0,0,
561,,,,,,,,,"Кольчуга из оскверненного железа",,,,,,,,0xFF01FE,23490,23491,23493,23494,0,0,0,0,0,0x0,,,,,,,,41562,41561,0,0,0,0,0,0,4,2,0,0,0,0x0,0x0,0x0,0x0,0,
562,,,,,,,,,"Адамантитовая броня",,,,,,,,0xFF01FE,23507,23508,23506,0,0,0,0,0,0,0x0,,,,,,,,41655,0,0,0,0,0,0,0,3,0,0,0,0,0x0,0x0,0x0,0x0,0,
563,,,,,,,,,"Волшебная адамантитовая броня",,,,,,,,0xFF01FE,23509,23512,23511,23510,0,0,0,0,0,0x0,,,,,,,,41742,0,0,0,0,0,0,0,3,0,0,0,0,0x0,0x0,0x0,0x0,0,
564,,,,,,,,,"Пламенный Страж",,,,,,,,0xFF01FE,23513,23516,23514,23515,0,0,0,0,0,0x0,,,,,,,,41769,0,0,0,0,0,0,0,3,0,0,0,0,0x0,0x0,0x0,0x0,0,
565,,,,,,,,,"Кориевая Опека",,,,,,,,0xFF01FE,23523,23525,23524,0,0,0,0,0,0,0x0,,,,,,,,41783,0,0,0,0,0,0,0,3,0,0,0,0,0x0,0x0,0x0,0xA4,350,
566,,,,,,,,,"Пламенная ярость",,,,,,,,0xFF01FE,23522,23521,23520,33173,0,0,0,0,0,0x0,,,,,,,,41678,0,0,0,0,0,0,0,2,0,0,0,0,0x0,0x0,0x0,0xA4,350,
567,,,,,,,,,"Броня гладиатора",,,,,,,,0xFF01FE,24544,24549,24545,24547,24546,0,0,0,0,0x0,,,,,,,,22738,32145,0,0,0,0,0,0,4,2,0,0,0,0x0,0x0,0x0,0x0,0,
568,,,,,,,,,"Грозные доспехи гладиатора",,,,,,,,0xFF01FE,24556,24553,24555,24554,24552,0,0,0,0,0x0,,,,,,,,40042,23047,0,0,0,0,0,0,2,4,0,0,0,0x0,0x0,0x0,0x0,0,
569,,,,,,,,,"Верность оскверненной стали",,,,,,,,0xFF01FE,23519,23518,23517,0,0,0,0,0,0,0x0,,,,,,,,41743,0,0,0,0,0,0,0,3,0,0,0,0,0x0,0x0,0x0,0xA4,350,
570,,,,,,,,,"Непреклонность",,,,,,,,0xFF01FE,24255,24249,0,0,0,0,0,0,0,0x0,,,,,,,,41876,0,0,0,0,0,0,0,2,0,0,0,0,0x0,0x0,0x0,0x0,0,
571,,,,,,,,,"Мудрость Белого целителя",,,,,,,,0xFF01FE,24264,24261,0,0,0,0,0,0,0,0x0,,,,,,,,32200,0,0,0,0,0,0,0,2,0,0,0,0,0x0,0x0,0x0,0xC5,350,
572,,,,,,,,,"Одеяния боевого заклятья",,,,,,,,0xFF01FE,24267,24263,0,0,0,0,0,0,0,0x0,,,,,,,,41660,0,0,0,0,0,0,0,2,0,0,0,0,0x0,0x0,0x0,0xC5,375,
573,,,,,,,,,"Кожа Скверны",,,,,,,,0xFF01FE,25685,25686,25687,0,0,0,0,0,0,0x0,,,,,,,,41746,0,0,0,0,0,0,0,3,0,0,0,0,0x0,0x0,0x0,0xA5,350,
574,,,,,,,,,"Сила копытня",,,,,,,,0xFF01FE,25691,25690,25689,0,0,0,0,0,0,0x0,,,,,,,,41846,0,0,0,0,0,0,0,3,0,0,0,0,0x0,0x0,0x0,0xA5,350,
575,,,,,,,,,"Доспехи ловца Скверны",,,,,,,,0xFF01FE,25695,25697,25696,0,0,0,0,0,0,0x0,,,,,,,,41749,0,0,0,0,0,0,0,3,0,0,0,0,0x0,0x0,0x0,0xA5,350,
576,,,,,,,,,"Ярость Пустоты",,,,,,,,0xFF01FE,25694,25693,25692,0,0,0,0,0,0,0x0,,,,,,,,41771,0,0,0,0,0,0,0,3,0,0,0,0,0x0,0x0,0x0,0xA5,350,
577,,,,,,,,,"Облачение гладиатора",,,,,,,,0xFF01FE,25834,25833,25830,25832,25831,0,0,0,0,0x0,,,,,,,,32145,21975,0,0,0,0,0,0,2,4,0,0,0,0x0,0x0,0x0,0x0,0,
578,,,,,,,,,"Землекрушитель гладиатора",,,,,,,,0xFF01FE,25997,26000,25998,26001,25999,0,0,0,0,0x0,,,,,,,,33018,32145,0,0,0,0,0,0,4,2,0,0,0,0x0,0x0,0x0,0x0,0,
579,,,,,,,,,"Регалии гладиатора",,,,,,,,0xFF01FE,25854,25855,25857,25856,25858,0,0,0,0,0x0,,,,,,,,40042,44302,0,0,0,0,0,0,2,4,0,0,0,0x0,0x0,0x0,0x0,0,
580,,,,,,,,,"Громовой кулак гладиатора",,,,,,,,0xFF01FE,27469,27470,27471,27472,27473,0,0,0,0,0x0,,,,,,,,40042,44299,0,0,0,0,0,0,2,4,0,0,0,0x0,0x0,0x0,0x0,0,
581,,,,,,,,,"Одеяния гладиатора",,,,,,,,0xFF01FE,27707,27708,27709,27710,27711,0,0,0,0,0x0,,,,,,,,40042,33333,0,0,0,0,0,0,2,4,0,0,0,0x0,0x0,0x0,0x0,0,
582,,,,,,,,,"Эгида гладиатора",,,,,,,,0xFF01FE,27702,27703,27704,27705,27706,0,0,0,0,0x0,,,,,,,,61776,40044,0,0,0,0,0,0,4,2,0,0,0,0x0,0x0,0x0,0x0,0,
583,,,,,,,,,"Опора гладиатора",,,,,,,,0xFF01FE,27879,27880,27881,27882,27883,0,0,0,0,0x0,,,,,,,,32145,61776,0,0,0,0,0,0,2,4,0,0,0,0x0,0x0,0x0,0x0,0,
584,,,,,,,,,"Снаряжение гладиатора",,,,,,,,0xFF01FE,28126,28127,28128,28129,28130,0,0,0,0,0x0,,,,,,,,32145,23218,0,0,0,0,0,0,2,4,0,0,0,0x0,0x0,0x0,0x0,0,
585,,,,,,,,,"Шкуры гладиатора",,,,,,,,0xFF01FE,28136,28137,28138,28139,28140,0,0,0,0,0x0,,,,,,,,40042,46832,0,0,0,0,0,0,2,4,0,0,0,0x0,0x0,0x0,0x0,0,
586,,,,,,,,,"Одеяние гладиатора",,,,,,,,0xFF01FE,28334,28335,28331,28332,28333,0,0,0,0,0x0,,,,,,,,32145,44292,0,0,0,0,0,0,2,4,0,0,0,0x0,0x0,0x0,0x0,0,
587,,,,,,,,,"Эгида верховного вождя",,,,,,,,0xFF01FE,28831,28832,28833,28834,28835,0,0,0,0,0x0,,,,,,,,40052,23302,0,0,0,0,0,0,2,4,0,0,0,0x0,0x0,0x0,0x0,0,
588,,,,,,,,,"Броня верховного полководца",,,,,,,,0xFF01FE,28851,28852,28853,28854,28855,0,0,0,0,0x0,,,,,,,,40050,22738,0,0,0,0,0,0,2,4,0,0,0,0x0,0x0,0x0,0x0,0,
589,,,,,,,,,"Эгида главнокомандующего",,,,,,,,0xFF01FE,28679,28680,28681,28724,28683,0,0,0,0,0x0,,,,,,,,40048,23302,0,0,0,0,0,0,2,4,0,0,0,0x0,0x0,0x0,0x0,0,
590,,,,,,,,,"Броня главнокомандующего",,,,,,,,0xFF01FE,28699,28700,28701,28702,28703,0,0,0,0,0x0,,,,,,,,40046,22738,0,0,0,0,0,0,2,4,0,0,0,0x0,0x0,0x0,0x0,0,
591,,,,,,,,,"Грозные доспехи главнокомандующего",,,,,,,,0xFF01FE,28624,28625,28626,28627,28628,0,0,0,0,0x0,,,,,,,,40047,23047,0,0,0,0,0,0,2,4,0,0,0,0x0,0x0,0x0,0x0,0,
592,,,,,,,,,"Грозные доспехи верховного вождя",,,,,,,,0xFF01FE,28817,28818,28819,28820,28821,0,0,0,0,0x0,,,,,,,,40051,23047,0,0,0,0,0,0,2,4,0,0,0,0x0,0x0,0x0,0x0,0,
593,,,,,,,,,"Землекрушитель главнокомандующего",,,,,,,,0xFF01FE,28689,28690,28691,28692,28693,0,0,0,0,0x0,,,,,,,,40046,33018,0,0,0,0,0,0,2,4,0,0,0,0x0,0x0,0x0,0x0,0,
594,,,,,,,,,"Землекрушитель верховного вождя",,,,,,,,0xFF01FE,28841,28842,28843,28844,28845,0,0,0,0,0x0,,,,,,,,40050,33018,0,0,0,0,0,0,2,4,0,0,0,0x0,0x0,0x0,0x0,0,
595,,,,,,,,,"Облачение главнокомандующего",,,,,,,,0xFF01FE,28613,28614,28615,28616,28617,0,0,0,0,0x0,,,,,,,,40046,23158,0,0,0,0,0,0,2,4,0,0,0,0x0,0x0,0x0,0x0,0,
596,,,,,,,,,"Облачение верховного вождя",,,,,,,,0xFF01FE,28805,28806,28807,28808,28809,0,0,0,0,0x0,,,,,,,,40050,23158,0,0,0,0,0,0,2,4,0,0,0,0x0,0x0,0x0,0x0,0,
597,,,,,,,,,"Одеяния главнокомандующего",,,,,,,,0xFF01FE,28704,28705,28706,28707,28708,0,0,0,0,0x0,,,,,,,,40047,33333,0,0,0,0,0,0,2,4,0,0,0,0x0,0x0,0x0,0x0,0,
598,,,,,,,,,"Одеяния верховного вождя",,,,,,,,0xFF01FE,28856,28857,28858,28859,28860,0,0,0,0,0x0,,,,,,,,40051,33333,0,0,0,0,0,0,2,4,0,0,0,0x0,0x0,0x0,0x0,0,
599,,,,,,,,,"Регалии главнокомандующего",,,,,,,,0xFF01FE,28714,28715,28716,28717,28718,0,0,0,0,0x0,,,,,,,,40047,23025,0,0,0,0,0,0,2,4,0,0,0,0x0,0x0,0x0,0x0,0,
600,,,,,,,,,"Регалии верховного вождя",,,,,,,,0xFF01FE,28866,28867,28868,28869,28870,0,0,0,0,0x0,,,,,,,,40051,23025,0,0,0,0,0,0,2,4,0,0,0,0x0,0x0,0x0,0x0,0,
601,,,,,,,,,"Снаряжение главнокомандующего",,,,,,,,0xFF01FE,28618,28619,28620,28622,28623,0,0,0,0,0x0,,,,,,,,40046,23218,0,0,0,0,0,0,2,4,0,0,0,0x0,0x0,0x0,0x0,0,
602,,,,,,,,,"Снаряжение верховного вождя",,,,,,,,0xFF01FE,28811,28812,28813,28814,28815,0,0,0,0,0x0,,,,,,,,40050,23218,0,0,0,0,0,0,2,4,0,0,0,0x0,0x0,0x0,0x0,0,
603,,,,,,,,,"Громовой кулак главнокомандующего",,,,,,,,0xFF01FE,28694,28695,28696,28697,28698,0,0,0,0,0x0,,,,,,,,40047,22804,0,0,0,0,0,0,2,4,0,0,0,0x0,0x0,0x0,0x0,0,
604,,,,,,,,,"Громовой кулак верховного",,,,,,,,0xFF01FE,28846,28847,28848,28849,28850,0,0,0,0,0x0,,,,,,,,40051,22804,0,0,0,0,0,0,2,4,0,0,0,0x0,0x0,0x0,0x0,0,
605,,,,,,,,,"Одежды главнокомандующего",,,,,,,,0xFF01FE,28684,28685,28686,28687,28688,0,0,0,0,0x0,,,,,,,,40046,23048,0,0,0,0,0,0,2,4,0,0,0,0x0,0x0,0x0,0x0,0,
606,,,,,,,,,"Облачение верховного вождя",,,,,,,,0xFF01FE,28836,28837,28838,28839,28840,0,0,0,0,0x0,,,,,,,,40050,23048,0,0,0,0,0,0,2,4,0,0,0,0x0,0x0,0x0,0x0,0,
607,,,,,,,,,"Опора главнокомандующего",,,,,,,,0xFF01FE,28709,28710,28711,28712,28713,0,0,0,0,0x0,,,,,,,,40046,23302,0,0,0,0,0,0,2,4,0,0,0,0x0,0x0,0x0,0x0,0,
608,,,,,,,,,"Опора верховного вождя",,,,,,,,0xFF01FE,28861,28862,28863,28864,28865,0,0,0,0,0x0,,,,,,,,40050,23302,0,0,0,0,0,0,2,4,0,0,0,0x0,0x0,0x0,0x0,0,
609,,,,,,,,,"Шкуры главнокомандующего",,,,,,,,0xFF01FE,28719,28720,28721,28722,28723,0,0,0,0,0x0,,,,,,,,40047,33877,0,0,0,0,0,0,2,4,0,0,0,0x0,0x0,0x0,0x0,0,
610,,,,,,,,,"Шкуры верховного вождя",,,,,,,,0xFF01FE,28871,28872,28873,28874,28875,0,0,0,0,0x0,,,,,,,,40051,33877,0,0,0,0,0,0,2,4,0,0,0,0x0,0x0,0x0,0x0,0,
611,,,,,,,,,"Доспехи Чешуи Скверны",,,,,,,,0xFF01FE,25657,25656,25655,25654,0,0,0,0,0,0x0,,,,,,,,41748,41747,0,0,0,0,0,0,2,4,0,0,0,0x0,0x0,0x0,0x0,0,
612,,,,,,,,,"Чешуйчатые дренейские доспехи",,,,,,,,0xFF01FE,25661,25659,25662,25660,0,0,0,0,0,0x0,,,,,,,,41834,41833,0,0,0,0,0,0,4,2,0,0,0,0x0,0x0,0x0,0x0,0,
613,,,,,,,,,"Утолщенные дренейские доспехи",,,,,,,,0xFF01FE,25668,25669,25670,25671,0,0,0,0,0,0x0,,,,,,,,41878,41877,0,0,0,0,0,0,2,4,0,0,0,0x0,0x0,0x0,0x0,0,
614,,,,,,,,,"Доспехи дренейского дикаря",,,,,,,,0xFF01FE,25673,25674,25675,25676,0,0,0,0,0,0x0,,,,,,,,41890,41889,0,0,0,0,0,0,2,4,0,0,0,0x0,0x0,0x0,0x0,0,
615,,,,,,,,,"Оскверненный покров гладиатора",,,,,,,,0xFF01FE,30186,30187,30188,30200,30201,0,0,0,0,0x0,,,,,,,,40053,23047,0,0,0,0,0,0,2,4,0,0,0,0x0,0x0,0x0,0x0,0,
616,,,,,,,,,"Доспехи из чешуи дракона Пустоты",,,,,,,,0xFF01FE,29516,29517,29515,0,0,0,0,0,0,0x0,,,,,,,,39982,0,0,0,0,0,0,0,3,0,0,0,0,0x0,0x0,0x0,0x0,0,
617,,,,,,,,,"Доспехи удара Пустоты",,,,,,,,0xFF01FE,29521,29520,29519,0,0,0,0,0,0,0x0,,,,,,,,41828,0,0,0,0,0,0,0,3,0,0,0,0,0x0,0x0,0x0,0x0,0,
618,,,,,,,,,"Доспехи Ветроястреба",,,,,,,,0xFF01FE,29523,29524,29522,0,0,0,0,0,0,0x0,,,,,,,,41591,0,0,0,0,0,0,0,3,0,0,0,0,0x0,0x0,0x0,0x0,0,
619,,,,,,,,,"Изначальная цель",,,,,,,,0xFF01FE,29527,29526,29525,0,0,0,0,0,0,0x0,,,,,,,,41832,0,0,0,0,0,0,0,3,0,0,0,0,0x0,0x0,0x0,0x0,0,
620,,,,,,,,,"Доспехи Ликвидации",,,,,,,,0xFF01FE,27509,28414,27908,27776,28204,0,0,0,0,0x0,,,,,,,,37165,37166,0,0,0,0,0,0,2,4,0,0,0,0x0,0x0,0x0,0x0,0,
621,,,,,,,,,"Клинки Пустоты",,,,,,,,0xFF01FE,29046,29045,29044,29048,29047,0,0,0,0,0x0,,,,,,,,37167,37168,0,0,0,0,0,0,2,4,0,0,0,0x0,0x0,0x0,0x0,0,
622,,,,,,,,,"Мантия смерти",,,,,,,,0xFF01FE,30144,30145,30146,30148,30149,0,0,0,0,0x0,,,,,,,,37169,37170,0,0,0,0,0,0,2,4,0,0,0,0x0,0x0,0x0,0x0,0,
623,,,,,,,,,"Доспехи Праведности",,,,,,,,0xFF01FE,28203,27535,28285,27839,27739,0,0,0,0,0x0,,,,,,,,37180,37181,0,0,0,0,0,0,2,4,0,0,0,0x0,0x0,0x0,0x0,0,
624,,,,,,,,,"Одеяния вершителя правосудия",,,,,,,,0xFF01FE,29062,29061,29065,29063,29064,0,0,0,0,0x0,,,,,,,,37182,37183,0,0,0,0,0,0,2,4,0,0,0,0x0,0x0,0x0,0x0,0,
625,,,,,,,,,"Доспехи вершителя правосудия",,,,,,,,0xFF01FE,29066,29068,29067,29069,29070,0,0,0,0,0x0,,,,,,,,37184,37185,0,0,0,0,0,0,2,4,0,0,0,0x0,0x0,0x0,0x0,0,
626,,,,,,,,,"Броня вершителя правосудия",,,,,,,,0xFF01FE,29071,29073,29072,29074,29075,0,0,0,0,0x0,,,,,,,,37186,37187,0,0,0,0,0,0,2,4,0,0,0,0x0,0x0,0x0,0x0,0,
627,,,,,,,,,"Одеяния Хрустальной Кузницы",,,,,,,,0xFF01FE,30134,30135,30136,30137,30138,0,0,0,0,0x0,,,,,,,,37188,37189,0,0,0,0,0,0,2,4,0,0,0,0x0,0x0,0x0,0x0,0,
628,,,,,,,,,"Доспехи Хрустальной кузницы",,,,,,,,0xFF01FE,30123,30125,30124,30126,30127,0,0,0,0,0x0,,,,,,,,37190,37191,0,0,0,0,0,0,2,4,0,0,0,0x0,0x0,0x0,0x0,0,
629,,,,,,,,,"Броня Хрустальной Кузницы",,,,,,,,0xFF01FE,30129,30130,30132,30133,30131,0,0,0,0,0x0,,,,,,,,37194,37195,0,0,0,0,0,0,2,4,0,0,0,0x0,0x0,0x0,0x0,0,
630,,,,,,,,,"Одеяния Яростного прилива",,,,,,,,0xFF01FE,28231,27510,28349,27909,27802,0,0,0,0,0x0,,,,,,,,37207,37209,0,0,0,0,0,0,2,4,0,0,0,0x0,0x0,0x0,0x0,0,
631,,,,,,,,,"Одеяния Смерча",,,,,,,,0xFF01FE,29032,29029,29028,29030,29031,0,0,0,0,0x0,,,,,,,,37210,37211,0,0,0,0,0,0,2,4,0,0,0,0x0,0x0,0x0,0x0,0,
632,,,,,,,,,"Регалии Смерча",,,,,,,,0xFF01FE,29033,29035,29034,29036,29037,0,0,0,0,0x0,,,,,,,,37213,37212,0,0,0,0,0,0,4,2,0,0,0,0x0,0x0,0x0,0x0,0,
633,,,,,,,,,"Облачение Смерча",,,,,,,,0xFF01FE,29038,29039,29040,29043,29042,0,0,0,0,0x0,,,,,,,,37223,37224,0,0,0,0,0,0,2,4,0,0,0,0x0,0x0,0x0,0x0,0,
634,,,,,,,,,"Одеяния Катаклизма",,,,,,,,0xFF01FE,30164,30165,30166,30167,30168,0,0,0,0,0x0,,,,,,,,37225,37227,0,0,0,0,0,0,2,4,0,0,0,0x0,0x0,0x0,0x0,0,
635,,,,,,,,,"Регалии Катаклизма",,,,,,,,0xFF01FE,30169,30170,30171,30172,30173,0,0,0,0,0x0,,,,,,,,37228,37237,0,0,0,0,0,0,2,4,0,0,0,0x0,0x0,0x0,0x0,0,
636,,,,,,,,,"Облачение Катаклизма",,,,,,,,0xFF01FE,30185,30189,30190,30192,30194,0,0,0,0,0x0,,,,,,,,37239,37241,0,0,0,0,0,0,2,4,0,0,0,0x0,0x0,0x0,0x0,0,
637,,,,,,,,,"Одеяния Лунной поляны",,,,,,,,0xFF01FE,28348,27468,27873,28202,27737,0,0,0,0,0x0,,,,,,,,37286,37287,0,0,0,0,0,0,2,4,0,0,0,0x0,0x0,0x0,0x0,0,
638,,,,,,,,,"Одеяния Малорна",,,,,,,,0xFF01FE,29087,29086,29090,29088,29089,0,0,0,0,0x0,,,,,,,,37288,37292,0,0,0,0,0,0,2,4,0,0,0,0x0,0x0,0x0,0x0,0,
639,,,,,,,,,"Регалии Малорна",,,,,,,,0xFF01FE,29093,29094,29091,29092,29095,0,0,0,0,0x0,,,,,,,,37295,37297,0,0,0,0,0,0,2,4,0,0,0,0x0,0x0,0x0,0x0,0,
640,,,,,,,,,"Облачение Малорна",,,,,,,,0xFF01FE,29096,29097,29099,29100,29098,0,0,0,0,0x0,,,,,,,,37306,37311,37298,37299,0,0,0,0,2,2,4,4,0,0x0,0x0,0x0,0x0,0,
641,,,,,,,,,"Облачение Нордрассила",,,,,,,,0xFF01FE,30222,30223,30228,30229,30230,0,0,0,0,0x0,,,,,,,,37315,37333,0,0,0,0,0,0,2,4,0,0,0,0x0,0x0,0x0,0x0,0,
642,,,,,,,,,"Одеяния Нордрассила",,,,,,,,0xFF01FE,30216,30217,30219,30220,30221,0,0,0,0,0x0,,,,,,,,37313,37314,0,0,0,0,0,0,2,4,0,0,0,0x0,0x0,0x0,0x0,0,
643,,,,,,,,,"Регалии Нордрассила",,,,,,,,0xFF01FE,30231,30232,30233,30234,30235,0,0,0,0,0x0,,,,,,,,37324,37327,0,0,0,0,0,0,2,4,0,0,0,0x0,0x0,0x0,0x0,0,
644,,,,,,,,,"Одеяния Забвения",,,,,,,,0xFF01FE,27537,28415,28232,27778,27948,0,0,0,0,0x0,,,,,,,,37376,37375,0,0,0,0,0,0,4,2,0,0,0,0x0,0x0,0x0,0x0,0,
645,,,,,,,,,"Одеяния сердца Бездны",,,,,,,,0xFF01FE,28963,28968,28966,28967,28964,0,0,0,0,0x0,,,,,,,,37377,37380,39437,0,0,0,0,0,2,4,2,0,0,0x0,0x0,0x0,0x0,0,
646,,,,,,,,,"Одеяния Осквернителя",,,,,,,,0xFF01FE,30211,30212,30213,30215,30214,0,0,0,0,0x0,,,,,,,,37381,61992,0,0,0,0,0,0,2,4,0,0,0,0x0,0x0,0x0,0x0,0,
647,,,,,,,,,"Регалии Заклинателя",,,,,,,,0xFF01FE,28278,27508,27738,28229,27838,0,0,0,0,0x0,,,,,,,,37423,37424,0,0,0,0,0,0,2,4,0,0,0,0x0,0x0,0x0,0x0,0,
648,,,,,,,,,"Регалии Алдоров",,,,,,,,0xFF01FE,29076,29080,29078,29079,29077,0,0,0,0,0x0,,,,,,,,37439,37438,0,0,0,0,0,0,4,2,0,0,0,0x0,0x0,0x0,0x0,0,
649,,,,,,,,,"Тирисфальские регалии",,,,,,,,0xFF01FE,30206,30205,30207,30210,30196,0,0,0,0,0x0,,,,,,,,37443,37441,0,0,0,0,0,0,4,2,0,0,0,0x0,0x0,0x0,0x0,0,
650,,,,,,,,,"Доспехи Повелителя зверей",,,,,,,,0xFF01FE,28228,27474,28275,27874,27801,0,0,0,0,0x0,,,,,,,,37483,37481,0,0,0,0,0,0,4,2,0,0,0,0x0,0x0,0x0,0x0,0,
651,,,,,,,,,"Доспехи Ловчего демонов",,,,,,,,0xFF01FE,29085,29081,29083,29082,29084,0,0,0,0,0x0,,,,,,,,37484,37485,0,0,0,0,0,0,2,4,0,0,0,0x0,0x0,0x0,0x0,0,
652,,,,,,,,,"Доспехи следопыта ущелий",,,,,,,,0xFF01FE,30139,30140,30141,30142,30143,0,0,0,0,0x0,,,,,,,,37381,37505,0,0,0,0,0,0,2,4,0,0,0,0x0,0x0,0x0,0x0,0,
653,,,,,,,,,"Могучая броня",,,,,,,,0xFF01FE,28205,27475,27977,27803,28350,0,0,0,0,0x0,,,,,,,,37513,37512,0,0,0,0,0,0,4,2,0,0,0,0x0,0x0,0x0,0x0,0,
654,,,,,,,,,"Доспехи вестника войны",,,,,,,,0xFF01FE,29012,29011,29017,29015,29016,0,0,0,0,0x0,,,,,,,,37514,37516,0,0,0,0,0,0,2,4,0,0,0,0x0,0x0,0x0,0x0,0,
655,,,,,,,,,"Броня вестника войны",,,,,,,,0xFF01FE,29021,29019,29020,29022,29023,0,0,0,0,0x0,,,,,,,,37518,37519,0,0,0,0,0,0,2,4,0,0,0,0x0,0x0,0x0,0x0,0,
656,,,,,,,,,"Доспехи Разрушителя",,,,,,,,0xFF01FE,30113,30115,30114,30116,30117,0,0,0,0,0x0,,,,,,,,37522,37525,0,0,0,0,0,0,2,4,0,0,0,0x0,0x0,0x0,0x0,0,
657,,,,,,,,,"Броня Разрушителя",,,,,,,,0xFF01FE,30120,30118,30119,30121,30122,0,0,0,0,0x0,,,,,,,,37528,37535,0,0,0,0,0,0,2,4,0,0,0,0x0,0x0,0x0,0x0,0,
658,,,,,,,,,"Регалии маны",,,,,,,,0xFF01FE,28193,27465,27907,28191,27796,0,0,0,0,0x0,,,,,,,,37607,37619,0,0,0,0,0,0,2,4,0,0,0,0x0,0x0,0x0,0x0,0,
659,,,,,,,,,"Доспехи Странника пустошей",,,,,,,,0xFF01FE,28264,27531,28224,27837,27797,0,0,0,0,0x0,,,,,,,,37618,37608,0,0,0,0,0,0,4,2,0,0,0,0x0,0x0,0x0,0x0,0,
660,,,,,,,,,"Броня опустошения",,,,,,,,0xFF01FE,27936,28401,27528,28192,27713,0,0,0,0,0x0,,,,,,,,37617,37609,0,0,0,0,0,0,4,2,0,0,0,0x0,0x0,0x0,0x0,0,
661,,,,,,,,,"Роковая Броня",,,,,,,,0xFF01FE,28403,27497,28225,27870,27771,0,0,0,0,0x0,,,,,,,,37611,37610,0,0,0,0,0,0,4,2,0,0,0,0x0,0x0,0x0,0x0,0,
662,,,,,,,,,"Благословенные ризы",,,,,,,,0xFF01FE,28413,28230,27536,27775,27875,0,0,0,0,0x0,,,,,,,,37556,37558,0,0,0,0,0,0,2,4,0,0,0,0x0,0x0,0x0,0x0,0,
663,,,,,,,,,"Одеяния Воплощения",,,,,,,,0xFF01FE,29055,29049,29054,29050,29053,0,0,0,0,0x0,,,,,,,,37564,37568,0,0,0,0,0,0,2,4,0,0,0,0x0,0x0,0x0,0x0,0,
664,,,,,,,,,"Воплощенные регалии",,,,,,,,0xFF01FE,29057,29059,29056,29058,29060,0,0,0,0,0x0,,,,,,,,37570,37571,0,0,0,0,0,0,2,4,0,0,0,0x0,0x0,0x0,0x0,0,
665,,,,,,,,,"Одежды аватары",,,,,,,,0xFF01FE,30153,30152,30151,30154,30150,0,0,0,0,0x0,,,,,,,,26171,37594,0,0,0,0,0,0,4,2,0,0,0,0x0,0x0,0x0,0x0,0,
666,,,,,,,,,"Регалии аватары",,,,,,,,0xFF01FE,30160,30161,30162,30159,30163,0,0,0,0,0x0,,,,,,,,37600,37603,0,0,0,0,0,0,2,4,0,0,0,0x0,0x0,0x0,0x0,0,
667,,,,,,,,,"Двойные Звезды",,,,,,,,0xFF01FE,31339,31338,0,0,0,0,0,0,0,0x0,,,,,,,,41875,0,0,0,0,0,0,0,2,0,0,0,0,0x0,0x0,0x0,0x0,0,
668,,,,,,,,,"Доспехи убийцы",,,,,,,,0xFF01FE,31028,31026,31027,31029,31030,34575,34448,34558,0,0x0,,,,,,,,38389,38388,0,0,0,0,0,0,4,2,0,0,0,0x0,0x0,0x0,0x0,0,
669,,,,,,,,,"Доспехи охотника на гроннов",,,,,,,,0xFF01FE,31004,31001,31003,31005,31006,34549,34443,34570,0,0x0,,,,,,,,38390,38392,0,0,0,0,0,0,2,4,0,0,0,0x0,0x0,0x0,0x0,0,
670,,,,,,,,,"Одеяния Пагубы",,,,,,,,0xFF01FE,31050,31051,31053,31054,31052,34564,34436,34541,0,0x0,,,,,,,,38394,38393,0,0,0,0,0,0,2,4,0,0,0,0x0,0x0,0x0,0x0,0,
671,,,,,,,,,"Регалии Урагана",,,,,,,,0xFF01FE,31056,31055,31058,31059,31057,34574,34447,34557,0,0x0,,,,,,,,38396,38397,0,0,0,0,0,0,2,4,0,0,0,0x0,0x0,0x0,0x0,0,
672,,,,,,,,,"Броня натиска",,,,,,,,0xFF01FE,30972,30975,30969,30977,30979,34546,34441,34569,0,0x0,,,,,,,,38398,38399,0,0,0,0,0,0,2,4,0,0,0,0x0,0x0,0x0,0x0,0,
673,,,,,,,,,"Доспехи натиска",,,,,,,,0xFF01FE,30976,30974,30970,30978,30980,34568,34442,34547,0,0x0,,,,,,,,38407,38408,0,0,0,0,0,0,4,2,0,0,0,0x0,0x0,0x0,0x0,0,
674,,,,,,,,,"Регалии Освобождения",,,,,,,,0xFF01FE,31061,31064,31067,31070,31065,34434,34528,34563,0,0x0,,,,,,,,38413,38412,0,0,0,0,0,0,2,4,0,0,0,0x0,0x0,0x0,0x0,0,
675,,,,,,,,,"Облачение Освобождения",,,,,,,,0xFF01FE,31068,31063,31060,31069,31066,34562,34527,34435,0,0x0,,,,,,,,38411,38410,0,0,0,0,0,0,4,2,0,0,0,0x0,0x0,0x0,0x0,0,
676,,,,,,,,,"Облачение Громового сердца",,,,,,,,0xFF01FE,31042,31034,31039,31044,31048,34556,34444,34573,0,0x0,,,,,,,,38416,38447,0,0,0,0,0,0,4,2,0,0,0,0x0,0x0,0x0,0x0,0,
677,,,,,,,,,"Регалии Громового сердца",,,,,,,,0xFF01FE,31043,31035,31040,31046,31049,34572,34446,34555,0,0x0,,,,,,,,38414,38415,0,0,0,0,0,0,2,4,0,0,0,0x0,0x0,0x0,0x0,0,
678,,,,,,,,,"Одеяния Громового сердца",,,,,,,,0xFF01FE,31041,31032,31037,31045,31047,34571,34445,34554,0,0x0,,,,,,,,38417,38420,0,0,0,0,0,0,2,4,0,0,0,0x0,0x0,0x0,0x0,0,
679,,,,,,,,,"Доспехи Светоносного",,,,,,,,0xFF01FE,30991,30987,30985,30995,30998,34488,34433,34560,0,0x0,,,,,,,,38421,38422,0,0,0,0,0,0,2,4,0,0,0,0x0,0x0,0x0,0x0,0,
680,,,,,,,,,"Броня Светоносного",,,,,,,,0xFF01FE,30990,30982,30993,30997,30989,34561,34431,34485,0,0x0,,,,,,,,38427,38424,0,0,0,0,0,0,2,4,0,0,0,0x0,0x0,0x0,0x0,0,
681,,,,,,,,,"Одеяния Светоносного",,,,,,,,0xFF01FE,30992,30983,30988,30994,30996,34432,34487,34559,0,0x0,,,,,,,,38426,38425,0,0,0,0,0,0,4,2,0,0,0,0x0,0x0,0x0,0x0,0,
682,,,,,,,,,"Облачение Небокрушителя",,,,,,,,0xFF01FE,31018,31011,31015,31021,31024,34567,34439,34545,0,0x0,,,,,,,,38429,38432,0,0,0,0,0,0,2,4,0,0,0,0x0,0x0,0x0,0x0,0,
683,,,,,,,,,"Одеяния Небокрушителя",,,,,,,,0xFF01FE,31016,31007,31012,31019,31022,34543,34438,34565,0,0x0,,,,,,,,38434,38435,0,0,0,0,0,0,2,4,0,0,0,0x0,0x0,0x0,0x0,0,
684,,,,,,,,,"Регалии Небокрушителя",,,,,,,,0xFF01FE,31017,31008,31014,31020,31023,34542,34437,34566,0,0x0,,,,,,,,38443,38436,0,0,0,0,0,0,2,4,0,0,0,0x0,0x0,0x0,0x0,0,
685,,,,,,,,,"Защита гладиатора",,,,,,,,0xFF01FE,31375,31376,31377,31378,31379,0,0,0,0,0x0,,,,,,,,40043,46834,0,0,0,0,0,0,2,4,0,0,0,0x0,0x0,0x0,0x0,0,
686,,,,,,,,,"Цунами гладиатора",,,,,,,,0xFF01FE,31396,31397,31400,31406,31407,0,0,0,0,0x0,,,,,,,,44299,40043,0,0,0,0,0,0,4,2,0,0,0,0x0,0x0,0x0,0x0,0,
687,,,,,,,,,"Убор гладиатора",,,,,,,,0xFF01FE,31409,31410,31411,31412,31413,0,0,0,0,0x0,,,,,,,,33333,40043,0,0,0,0,0,0,4,2,0,0,0,0x0,0x0,0x0,0x0,0,
688,,,,,,,,,"Защита главнокомандующего",,,,,,,,0xFF01FE,31589,31590,31591,31592,31593,0,0,0,0,0x0,,,,,,,,40045,46834,0,0,0,0,0,0,2,4,0,0,0,0x0,0x0,0x0,0x0,0,
689,,,,,,,,,"Защита верховного вождя",,,,,,,,0xFF01FE,31584,31585,31586,31587,31588,0,0,0,0,0x0,,,,,,,,46834,40049,0,0,0,0,0,0,4,2,0,0,0,0x0,0x0,0x0,0x0,0,
690,,,,,,,,,"Спасение гладиатора",,,,,,,,0xFF01FE,31613,31614,31616,31618,31619,0,0,0,0,0x0,,,,,,,,40043,46851,0,0,0,0,0,0,2,4,0,0,0,0x0,0x0,0x0,0x0,0,
691,,,,,,,,,"Убор главнокомандующего",,,,,,,,0xFF01FE,31622,31623,31620,31624,31625,0,0,0,0,0x0,,,,,,,,33333,40045,0,0,0,0,0,0,4,2,0,0,0,0x0,0x0,0x0,0x0,0,
692,,,,,,,,,"Убор верховного вождя",,,,,,,,0xFF01FE,31626,31627,31621,31628,31629,0,0,0,0,0x0,,,,,,,,33333,40049,0,0,0,0,0,0,4,2,0,0,0,0x0,0x0,0x0,0x0,0,
693,,,,,,,,,"Возмездие главнокомандующего",,,,,,,,0xFF01FE,31630,31631,31632,31633,31634,0,0,0,0,0x0,,,,,,,,40045,46851,0,0,0,0,0,0,2,4,0,0,0,0x0,0x0,0x0,0x0,0,
694,,,,,,,,,"Возмездие верховного вождя",,,,,,,,0xFF01FE,31635,31636,31637,31638,31639,0,0,0,0,0x0,,,,,,,,46851,40049,0,0,0,0,0,0,4,2,0,0,0,0x0,0x0,0x0,0x0,0,
695,,,,,,,,,"Цунами главнокомандующего",,,,,,,,0xFF01FE,31640,31641,31642,31643,31644,0,0,0,0,0x0,,,,,,,,40045,38499,0,0,0,0,0,0,2,4,0,0,0,0x0,0x0,0x0,0x0,0,
696,,,,,,,,,"Цунами верховного вождя",,,,,,,,0xFF01FE,31646,31647,31648,31649,31650,0,0,0,0,0x0,,,,,,,,38499,40049,0,0,0,0,0,0,4,2,0,0,0,0x0,0x0,0x0,0x0,0,
697,,,,,,,,,"Оплот Защитника",,,,,,,,0xFF01FE,29600,29601,29602,29603,29604,29605,0,0,0,0x0,,,,,,,,41705,23302,41704,0,0,0,0,0,2,3,6,0,0,0x0,0x0,0x0,0x0,0,
698,,,,,,,,,"Эгида Вождя",,,,,,,,0xFF01FE,29612,29613,29614,29615,29616,29617,0,0,0,0x0,,,,,,,,41886,23302,30778,0,0,0,0,0,2,3,6,0,0,0x0,0x0,0x0,0x0,0,
699,,,,,,,,,"Парные клинки Аззинота",,,,,,,,0xFF01FE,32838,32837,0,0,0,0,0,0,0,0x0,,,,,,,,41434,41433,0,0,0,0,0,0,2,2,0,0,0,0x0,0x0,0x0,0x0,0,
700,,,,,,,,,"Эгида безжалостного гладиатора",,,,,,,,0xFF01FE,0,0,0,0,0,0,0,0,0,0x0,,,,,,,,41462,61776,0,0,0,0,0,0,2,4,0,0,0,0x0,0x0,0x0,0x0,0,
701,,,,,,,,,"Броня безжалостного гладиатора",,,,,,,,0xFF01FE,0,0,0,0,0,0,0,0,0,0x0,,,,,,,,41464,22738,0,0,0,0,0,0,2,4,0,0,0,0x0,0x0,0x0,0x0,0,
702,,,,,,,,,"Грозные доспехи безжалостного гладиатора",,,,,,,,0xFF01FE,0,0,0,0,0,0,0,0,0,0x0,,,,,,,,41474,23047,0,0,0,0,0,0,2,4,0,0,0,0x0,0x0,0x0,0x0,0,
703,,,,,,,,,"Землекрушитель безжалостного гладиатора",,,,,,,,0xFF01FE,0,0,0,0,0,0,0,0,0,0x0,,,,,,,,41464,33018,0,0,0,0,0,0,2,4,0,0,0,0x0,0x0,0x0,0x0,0,
704,,,,,,,,,"Оскверненный покров безжалостного гладиатора",,,,,,,,0xFF01FE,0,0,0,0,0,0,0,0,0,0x0,,,,,,,,41462,23047,0,0,0,0,0,0,2,4,0,0,0,0x0,0x0,0x0,0x0,0,
705,,,,,,,,,"Убор безжалостного гладиатора",,,,,,,,0xFF01FE,0,0,0,0,0,0,0,0,0,0x0,,,,,,,,41463,33333,0,0,0,0,0,0,2,4,0,0,0,0x0,0x0,0x0,0x0,0,
706,,,,,,,,,"Одеяние безжалостного гладиатора",,,,,,,,0xFF01FE,0,0,0,0,0,0,0,0,0,0x0,,,,,,,,44292,41464,0,0,0,0,0,0,4,2,0,0,0,0x0,0x0,0x0,0x0,0,
707,,,,,,,,,"Одеяния безжалостного гладиатора",,,,,,,,0xFF01FE,0,0,0,0,0,0,0,0,0,0x0,,,,,,,,41462,33333,0,0,0,0,0,0,2,4,0,0,0,0x0,0x0,0x0,0x0,0,
708,,,,,,,,,"Возмездие безжалостного гладиатора",,,,,,,,0xFF01FE,0,0,0,0,0,0,0,0,0,0x0,,,,,,,,46851,41463,0,0,0,0,0,0,4,2,0,0,0,0x0,0x0,0x0,0x0,0,
709,,,,,,,,,"Защита безжалостного гладиатора",,,,,,,,0xFF01FE,0,0,0,0,0,0,0,0,0,0x0,,,,,,,,41463,23218,0,0,0,0,0,0,2,4,0,0,0,0x0,0x0,0x0,0x0,0,
710,,,,,,,,,"Регалии безжалостного гладиатора",,,,,,,,0xFF01FE,0,0,0,0,0,0,0,0,0,0x0,,,,,,,,44302,41462,0,0,0,0,0,0,4,2,0,0,0,0x0,0x0,0x0,0x0,0,
711,,,,,,,,,"Снаряжение безжалостного гладиатора",,,,,,,,0xFF01FE,0,0,0,0,0,0,0,0,0,0x0,,,,,,,,41464,23218,0,0,0,0,0,0,2,4,0,0,0,0x0,0x0,0x0,0x0,0,
712,,,,,,,,,"Громовой кулак безжалостного гладиатора",,,,,,,,0xFF01FE,0,0,0,0,0,0,0,0,0,0x0,,,,,,,,44299,41462,0,0,0,0,0,0,4,2,0,0,0,0x0,0x0,0x0,0x0,0,
713,,,,,,,,,"Облачение безжалостного гладиатора",,,,,,,,0xFF01FE,0,0,0,0,0,0,0,0,0,0x0,,,,,,,,41464,21975,0,0,0,0,0,0,2,4,0,0,0,0x0,0x0,0x0,0x0,0,
714,,,,,,,,,"Опора безжалостного гладиатора",,,,,,,,0xFF01FE,0,0,0,0,0,0,0,0,0,0x0,,,,,,,,61776,41464,0,0,0,0,0,0,4,2,0,0,0,0x0,0x0,0x0,0x0,0,
715,,,,,,,,,"Цунами безжалостного гладиатора",,,,,,,,0xFF01FE,0,0,0,0,0,0,0,0,0,0x0,,,,,,,,41463,44299,0,0,0,0,0,0,2,4,0,0,0,0x0,0x0,0x0,0x0,0,
716,,,,,,,,,"Шкуры безжалостного гладиатора",,,,,,,,0xFF01FE,0,0,0,0,0,0,0,0,0,0x0,,,,,,,,44293,41462,0,0,0,0,0,0,4,2,0,0,0,0x0,0x0,0x0,0x0,0,
717,,,,,,,,,"Землекрушитель фельдмаршала",,,,,,,,0xFF01FE,29608,29606,29611,29609,29607,29610,0,0,0,0x0,,,,,,,,41895,41896,22804,0,0,0,0,0,6,2,3,0,0,0x0,0x0,0x0,0x0,0,
718,,,,,,,,,"Землекрушитель лейтенанта-командора",,,,,,,,0xFF01FE,29599,29595,29597,29596,29598,29594,0,0,0,0x0,,,,,,,,41713,41712,22804,0,0,0,0,0,2,6,4,0,0,0x0,0x0,0x0,0x0,0,
719,,,,,,,,,"Кулаки неистовства",,,,,,,,0xFF01FE,32946,32945,0,0,0,0,0,0,0,0x0,,,,,,,,41989,0,0,0,0,0,0,0,2,0,0,0,0,0x0,0x0,0x0,0x0,0,
720,,,,,,,,,"Щит мстительного гладиатора",,,,,,,,0xFF01FE,0,0,0,0,0,0,0,0,0,0x0,,,,,,,,43478,23218,0,0,0,0,0,0,2,4,0,0,0,0x0,0x0,0x0,0x0,0,
721,,,,,,,,,"Снаряжение мстительного гладиатора",,,,,,,,0xFF01FE,0,0,0,0,0,0,0,0,0,0x0,,,,,,,,43479,23218,0,0,0,0,0,0,2,4,0,0,0,0x0,0x0,0x0,0x0,0,
722,,,,,,,,,"Шкуры мстительного гладиатора",,,,,,,,0xFF01FE,0,0,0,0,0,0,0,0,0,0x0,,,,,,,,43480,44293,0,0,0,0,0,0,2,4,0,0,0,0x0,0x0,0x0,0x0,0,
723,,,,,,,,,"Одеяние мстительного гладиатора",,,,,,,,0xFF01FE,0,0,0,0,0,0,0,0,0,0x0,,,,,,,,43479,44292,0,0,0,0,0,0,2,4,0,0,0,0x0,0x0,0x0,0x0,0,
724,,,,,,,,,"Регалии мстительного гладиатора",,,,,,,,0xFF01FE,0,0,0,0,0,0,0,0,0,0x0,,,,,,,,43480,44302,0,0,0,0,0,0,2,4,0,0,0,0x0,0x0,0x0,0x0,0,
725,,,,,,,,,"Щит мстительного гладиатора",,,,,,,,0xFF01FE,0,0,0,0,0,0,0,0,0,0x0,,,,,,,,43478,23302,0,0,0,0,0,0,2,4,0,0,0,0x0,0x0,0x0,0x0,0,
726,,,,,,,,,"Опора мстительного гладиатора",,,,,,,,0xFF01FE,0,0,0,0,0,0,0,0,0,0x0,,,,,,,,43479,61776,0,0,0,0,0,0,2,4,0,0,0,0x0,0x0,0x0,0x0,0,
727,,,,,,,,,"Эгида мстительного гладиатора",,,,,,,,0xFF01FE,0,0,0,0,0,0,0,0,0,0x0,,,,,,,,43480,61776,0,0,0,0,0,0,2,4,0,0,0,0x0,0x0,0x0,0x0,0,
728,,,,,,,,,"Убор мстительного гладиатора",,,,,,,,0xFF01FE,0,0,0,0,0,0,0,0,0,0x0,,,,,,,,43478,33333,0,0,0,0,0,0,2,4,0,0,0,0x0,0x0,0x0,0x0,0,
729,,,,,,,,,"Одеяния мстительного гладиатора",,,,,,,,0xFF01FE,0,0,0,0,0,0,0,0,0,0x0,,,,,,,,43480,33333,0,0,0,0,0,0,2,4,0,0,0,0x0,0x0,0x0,0x0,0,
730,,,,,,,,,"Облачение мстительного гладиатора",,,,,,,,0xFF01FE,0,0,0,0,0,0,0,0,0,0x0,,,,,,,,43479,21975,0,0,0,0,0,0,2,4,0,0,0,0x0,0x0,0x0,0x0,0,
731,,,,,,,,,"Цунами мстительного гладиатора",,,,,,,,0xFF01FE,0,0,0,0,0,0,0,0,0,0x0,,,,,,,,43478,44299,0,0,0,0,0,0,2,4,0,0,0,0x0,0x0,0x0,0x0,0,
732,,,,,,,,,"Землекрушитель мстительного гладиатора",,,,,,,,0xFF01FE,0,0,0,0,0,0,0,0,0,0x0,,,,,,,,43479,33018,0,0,0,0,0,0,2,4,0,0,0,0x0,0x0,0x0,0x0,0,
733,,,,,,,,,"Громовой кулак мстительного гладиатора",,,,,,,,0xFF01FE,0,0,0,0,0,0,0,0,0,0x0,,,,,,,,43480,44299,0,0,0,0,0,0,2,4,0,0,0,0x0,0x0,0x0,0x0,0,
734,,,,,,,,,"Грозные доспехи мстительного гладиатора",,,,,,,,0xFF01FE,0,0,0,0,0,0,0,0,0,0x0,,,,,,,,43481,23047,0,0,0,0,0,0,2,4,0,0,0,0x0,0x0,0x0,0x0,0,
735,,,,,,,,,"Оскверненный покров мстительного гладиатора",,,,,,,,0xFF01FE,0,0,0,0,0,0,0,0,0,0x0,,,,,,,,43480,23047,0,0,0,0,0,0,2,4,0,0,0,0x0,0x0,0x0,0x0,0,
736,,,,,,,,,"Броня мстительного гладиатора",,,,,,,,0xFF01FE,0,0,0,0,0,0,0,0,0,0x0,,,,,,,,43479,22738,0,0,0,0,0,0,2,4,0,0,0,0x0,0x0,0x0,0x0,0,
737,,,,,,,,,"Беспокойство Латро",,,,,,,,0xFF01FE,34703,28189,0,0,0,0,0,0,0,0x0,,,,,,,,9336,0,0,0,0,0,0,0,2,0,0,0,0,0x0,0x0,0x0,0x0,0,
738,,,,,,,,,"Броня из ткани Ужаса",,,,,,,,0xFF01FE,35328,35329,35330,35331,35332,0,0,0,0,0x0,,,,,,,,23047,46412,0,0,0,0,0,0,4,2,0,0,0,0x0,0x0,0x0,0x0,0,
739,,,,,,,,,"Броня из луноткани",,,,,,,,0xFF01FE,35333,35334,35335,35336,35337,0,0,0,0,0x0,,,,,,,,33333,46413,0,0,0,0,0,0,4,2,0,0,0,0x0,0x0,0x0,0x0,0,
740,,,,,,,,,"Атласная броня",,,,,,,,0xFF01FE,35338,35339,35340,35341,35342,0,0,0,0,0x0,,,,,,,,33333,46414,0,0,0,0,0,0,4,2,0,0,0,0x0,0x0,0x0,0x0,0,
741,,,,,,,,,"Шелковая броня пробудителя",,,,,,,,0xFF01FE,35343,35344,35345,35346,35347,0,0,0,0,0x0,,,,,,,,46415,23025,0,0,0,0,0,0,2,4,0,0,0,0x0,0x0,0x0,0x0,0,
742,,,,,,,,,"Броня из драконьей шкуры",,,,,,,,0xFF01FE,35356,35357,35358,35360,35359,0,0,0,0,0x0,,,,,,,,23218,46435,0,0,0,0,0,0,4,2,0,0,0,0x0,0x0,0x0,0x0,0,
743,,,,,,,,,"Броня из шкуры змея",,,,,,,,0xFF01FE,35371,35372,35373,35375,35374,0,0,0,0,0x0,,,,,,,,46832,46436,0,0,0,0,0,0,4,2,0,0,0,0x0,0x0,0x0,0x0,0,
744,,,,,,,,,"Броня из шкуры кодо",,,,,,,,0xFF01FE,35361,35362,35363,35365,35364,0,0,0,0,0x0,,,,,,,,46834,46437,0,0,0,0,0,0,4,2,0,0,0,0x0,0x0,0x0,0x0,0,
745,,,,,,,,,"Броня противоречащего",,,,,,,,0xFF01FE,35366,35367,35368,35369,35370,0,0,0,0,0x0,,,,,,,,23048,46438,0,0,0,0,0,0,4,2,0,0,0,0x0,0x0,0x0,0x0,0,
746,,,,,,,,,"Кольчужная броня провидца",,,,,,,,0xFF01FE,35386,35387,35388,35389,35390,0,0,0,0,0x0,,,,,,,,22804,46454,0,0,0,0,0,0,4,2,0,0,0,0x0,0x0,0x0,0x0,0,
747,,,,,,,,,"Кольчатая броня провидца",,,,,,,,0xFF01FE,35391,35392,35393,35394,35395,0,0,0,0,0x0,,,,,,,,48109,46455,0,0,0,0,0,0,4,2,0,0,0,0x0,0x0,0x0,0x0,0,
748,,,,,,,,,"Клепаная броня провидца",,,,,,,,0xFF01FE,35381,35382,35383,35384,35385,0,0,0,0,0x0,,,,,,,,33018,46456,0,0,0,0,0,0,4,2,0,0,0,0x0,0x0,0x0,0x0,0,
749,,,,,,,,,"Плетеный боевой доспех преследователя",,,,,,,,0xFF01FE,35376,35377,35378,35379,35380,0,0,0,0,0x0,,,,,,,,46456,23158,0,0,0,0,0,0,2,4,0,0,0,0x0,0x0,0x0,0x0,0,
750,,,,,,,,,"Латная броня свирепости",,,,,,,,0xFF01FE,35407,35408,35409,35410,35411,0,0,0,0,0x0,,,,,,,,22738,46528,0,0,0,0,0,0,4,2,0,0,0,0x0,0x0,0x0,0x0,0,
751,,,,,,,,,"Украшенная броня рыцаря",,,,,,,,0xFF01FE,35402,35403,35404,35405,35406,0,0,0,0,0x0,,,,,,,,46530,23302,0,0,0,0,0,0,2,4,0,0,0,0x0,0x0,0x0,0x0,0,
752,,,,,,,,,"Чешуйчатая броня рыцаря",,,,,,,,0xFF01FE,35412,35413,35414,35415,35416,0,0,0,0,0x0,,,,,,,,23302,46534,0,0,0,0,0,0,4,2,0,0,0,0x0,0x0,0x0,0x0,0,
754,,,,,,,,,"Борейское облачение",,,,,,,,0xFF01FE,38405,38404,38400,38403,38401,38402,38437,38433,0,0x0,,,,,,,,51273,51274,0,0,0,0,0,0,2,4,0,0,0,0x0,0x0,0x0,0x0,0,
755,,,,,,,,,"Нерубская шкура",,,,,,,,0xFF01FE,38418,38419,38420,38421,38422,38417,38439,38435,0,0x0,,,,,,,,51262,51263,0,0,0,0,0,0,2,4,0,0,0,0x0,0x0,0x0,0x0,0,
756,,,,,,,,,"Морозная чешуя",,,,,,,,0xFF01FE,38412,38413,38414,38415,38416,38424,38436,38440,0,0x0,,,,,,,,51223,51225,0,0,0,0,0,0,2,4,0,0,0,0x0,0x0,0x0,0x0,0,
757,,,,,,,,,"Облачение жителя льдов",,,,,,,,0xFF01FE,38406,38407,38408,38409,38410,38411,38434,38438,0,0x0,,,,,,,,61633,0,0,0,0,0,0,0,3,0,0,0,0,0x0,0x0,0x0,0x0,0,
759,,,,,,,,,"Отмщение Рейн",,,,,,,,0xFF01FE,37758,37821,0,0,0,0,0,0,0,0x0,,,,,,,,9417,0,0,0,0,0,0,0,2,0,0,0,0,0x0,0x0,0x0,0x0,0,
760,,,,,,,,,"Жуткие латы гладиатора",,,,,,,,0xFF01FE,40440,40441,40442,40443,40444,0,0,0,0,0x0,,,,,,,,40044,0,0,0,0,0,0,0,2,0,0,0,0,0x0,0x0,0x0,0x0,0,
761,,,,,,,,,"Зимний наряд",,,,,,,,0xFF01FE,34087,21525,34085,21524,34086,0,0,0,0,0x0,,,,,,,,55000,0,0,0,0,0,0,0,3,0,0,0,0,0x0,0x0,0x0,0x0,0,
762,,,,,,,,,"Наряд участника Хмельного фестиваля",,,,,,,,0xFF01FE,33862,33863,33868,33966,33969,33967,33864,33968,0,0x0,,,,,,,,55005,0,0,0,0,0,0,0,3,0,0,0,0,0x0,0x0,0x0,0x0,0,
763,,,,,,,,,"Ледотканая мощь",,,,,,,,0xFF01FE,41522,41520,44211,41521,41519,41515,41513,41512,0,0x0,,,,,,,,55564,55565,0,0,0,0,0,0,4,2,0,0,0,0x0,0x0,0x0,0x0,0,
764,,,,,,,,,"Сумеречный ткач",,,,,,,,0xFF01FE,41543,41544,41545,41546,41548,41549,41550,41551,0,0x0,,,,,,,,55595,55596,0,0,0,0,0,0,2,4,0,0,0,0x0,0x0,0x0,0x0,0,
765,,,,,,,,,"Броня гладиатора",,,,,,,,0xFF01FE,42625,42626,42627,42628,42629,0,0,0,0,0x0,,,,,,,,22738,56449,71850,71858,0,0,0,0,4,2,2,4,0,0x0,0x0,0x0,0x0,0,
766,,,,,,,,,"Опора гладиатора",,,,,,,,0xFF01FE,42630,42631,42632,42633,42634,0,0,0,0,0x0,,,,,,,,56449,61776,71850,71858,0,0,0,0,2,4,2,4,0,0x0,0x0,0x0,0x0,0,
767,,,,,,,,,"Спасение гладиатора",,,,,,,,0xFF01FE,42635,42636,42637,42638,42639,0,0,0,0,0x0,,,,,,,,58000,56450,71851,71853,0,0,0,0,4,2,2,4,0,0x0,0x0,0x0,0x0,0,
768,,,,,,,,,"Кощунство гладиатора",,,,,,,,0xFF01FE,42654,42655,42656,42657,42658,0,0,0,0,0x0,,,,,,,,56449,61257,71850,71858,0,0,0,0,2,4,2,4,0,0x0,0x0,0x0,0x0,0,
769,,,,,,,,,"Громовой кулак гладиатора",,,,,,,,0xFF01FE,42659,42660,42661,42662,42663,0,0,0,0,0x0,,,,,,,,56509,44299,71852,71860,0,0,0,0,2,4,2,4,0,0x0,0x0,0x0,0x0,0,
770,,,,,,,,,"Землекрушитель гладиатора",,,,,,,,0xFF01FE,42669,42670,42671,42672,42673,0,0,0,0,0x0,,,,,,,,56449,33018,71850,71858,0,0,0,0,2,4,2,4,0,0x0,0x0,0x0,0x0,0,
771,,,,,,,,,"Цунами гладиатора",,,,,,,,0xFF01FE,42664,42665,42666,42667,42668,0,0,0,0,0x0,,,,,,,,56450,44299,71853,71851,0,0,0,0,2,4,4,2,0,0x0,0x0,0x0,0x0,0,
772,,,,,,,,,"Одеяние гладиатора",,,,,,,,0xFF01FE,42674,42675,42676,42677,42678,0,0,0,0,0x0,,,,,,,,61256,56449,71850,71858,0,0,0,0,4,2,2,4,0,0x0,0x0,0x0,0x0,0,
773,,,,,,,,,"Защита гладиатора",,,,,,,,0xFF01FE,42680,42681,42682,42683,42684,0,0,0,0,0x0,,,,,,,,56450,38417,71851,71853,0,0,0,0,2,4,2,4,0,0x0,0x0,0x0,0x0,0,
774,,,,,,,,,"Шкуры гладиатора",,,,,,,,0xFF01FE,42685,42686,42687,42688,42689,0,0,0,0,0x0,,,,,,,,56509,46832,71852,71860,0,0,0,0,2,4,2,4,0,0x0,0x0,0x0,0x0,0,
775,,,,,,,,,"Снаряжение гладиатора",,,,,,,,0xFF01FE,42690,42691,42692,42693,42694,0,0,0,0,0x0,,,,,,,,56449,23218,71850,71858,0,0,0,0,2,4,2,4,0,0x0,0x0,0x0,0x0,0,
776,,,,,,,,,"Облачение гладиатора",,,,,,,,0xFF01FE,42695,42696,42697,42698,42699,0,0,0,0,0x0,,,,,,,,21975,56449,71850,71858,0,0,0,0,4,2,2,4,0,0x0,0x0,0x0,0x0,0,
777,,,,,,,,,"Убор гладиатора",,,,,,,,0xFF01FE,42703,42704,42705,42706,42707,0,0,0,0,0x0,,,,,,,,56450,33333,71851,71853,0,0,0,0,2,4,2,4,0,0x0,0x0,0x0,0x0,0,
778,,,,,,,,,"Одеяния гладиатора",,,,,,,,0xFF01FE,42708,42709,42710,42711,42712,0,0,0,0,0x0,,,,,,,,33333,56509,71852,71860,0,0,0,0,4,2,2,4,0,0x0,0x0,0x0,0x0,0,
779,,,,,,,,,"Регалии гладиатора",,,,,,,,0xFF01FE,42713,42714,42715,42716,42717,0,0,0,0,0x0,,,,,,,,56509,44302,71852,71860,0,0,0,0,2,4,2,4,0,0x0,0x0,0x0,0x0,0,
780,,,,,,,,,"Оскверненный покров гладиатора",,,,,,,,0xFF01FE,42718,42719,42720,42721,42722,0,0,0,0,0x0,,,,,,,,23047,56509,71852,71860,0,0,0,0,4,2,2,4,0,0x0,0x0,0x0,0x0,0,
781,,,,,,,,,"Благословенные регалии искоренения нежити",,,,,,,,0xFF01FE,43073,43074,43075,43072,0,0,0,0,0,0x0,,,,,,,,57943,29068,57944,0,0,0,0,0,2,3,4,0,0,0x0,0x0,0x0,0x0,0,
782,,,,,,,,,"Благословенная броня истребителя нежити",,,,,,,,0xFF01FE,43078,43077,43079,43076,0,0,0,0,0,0x0,,,,,,,,57943,29068,57944,0,0,0,0,0,2,3,4,0,0,0x0,0x0,0x0,0x0,0,
783,,,,,,,,,"Благословенное облачение истребителя нежити",,,,,,,,0xFF01FE,43082,43081,43083,43080,0,0,0,0,0,0x0,,,,,,,,57943,29068,57944,0,0,0,0,0,2,3,4,0,0,0x0,0x0,0x0,0x0,0,
784,,,,,,,,,"Благословенное снаряжение истребителя нежити",,,,,,,,0xFF01FE,43070,43068,43071,43069,0,0,0,0,0,0x0,,,,,,,,57943,29068,57944,0,0,0,0,0,2,3,4,0,0,0x0,0x0,0x0,0x0,0,
785,,,,,,,,,"Гуляка с праздника солнцеворота",,,,,,,,0xFF01FE,23324,34685,34683,0,0,0,0,0,0,0x0,,,,,,,,58933,0,0,0,0,0,0,0,3,0,0,0,0,0x0,0x0,0x0,0x0,0,
787,,,,,,,,,"Латы неустрашимости",,,,,,,,0xFF01FE,43740,43742,43743,43745,43747,0,0,0,0,0x0,,,,,,,,60173,60175,0,0,0,0,0,0,2,4,0,0,0,0x0,0x0,0x0,0x0,0,
788,,,,,,,,,"Броня неустрашимости",,,,,,,,0xFF01FE,43739,43744,43746,43741,43748,0,0,0,0,0x0,,,,,,,,60174,60176,0,0,0,0,0,0,2,4,0,0,0,0x0,0x0,0x0,0x0,0,
789,,,,,,,,,"Броня искупления",,,,,,,,0xFF01FE,43794,43796,43801,43803,43805,0,0,0,0,0x0,,,,,,,,60152,60153,0,0,0,0,0,0,2,4,0,0,0,0x0,0x0,0x0,0x0,0,
790,,,,,,,,,"Регалии искупления",,,,,,,,0xFF01FE,43797,43798,43800,43806,43807,0,0,0,0,0x0,,,,,,,,60147,60148,0,0,0,0,0,0,2,4,0,0,0,0x0,0x0,0x0,0x0,0,
791,,,,,,,,,"Латы искупления",,,,,,,,0xFF01FE,43793,43795,43799,43802,43804,0,0,0,0,0x0,,,,,,,,60149,60150,0,0,0,0,0,0,2,4,0,0,0,0x0,0x0,0x0,0x0,0,
792,,,,,,,,,"Кованая Плетью броня",,,,,,,,0xFF01FE,43809,43813,43815,43817,43819,0,0,0,0,0x0,,,,,,,,60134,60132,0,0,0,0,0,0,2,4,0,0,0,0x0,0x0,0x0,0x0,0,
793,,,,,,,,,"Кованые Плетью латы",,,,,,,,0xFF01FE,43811,43812,43814,43816,43818,0,0,0,0,0x0,,,,,,,,60130,60133,0,0,0,0,0,0,2,4,0,0,0,0x0,0x0,0x0,0x0,0,
794,,,,,,,,,"Броня расхитителя гробниц",,,,,,,,0xFF01FE,43734,43735,43736,43737,43738,0,0,0,0,0x0,,,,,,,,60143,60144,0,0,0,0,0,0,2,4,0,0,0,0x0,0x0,0x0,0x0,0,
795,,,,,,,,,"Броня Землекрушителя",,,,,,,,0xFF01FE,43762,43763,43765,43772,43776,0,0,0,0,0x0,,,,,,,,60168,60169,0,0,0,0,0,0,2,4,0,0,0,0x0,0x0,0x0,0x0,0,
796,,,,,,,,,"Облачение Землекрушителя",,,,,,,,0xFF01FE,43764,43767,43769,43770,43773,0,0,0,0,0x0,,,,,,,,60164,60165,0,0,0,0,0,0,2,4,0,0,0,0x0,0x0,0x0,0x0,0,
797,,,,,,,,,"Регалии Землекрушителя",,,,,,,,0xFF01FE,43766,43768,43771,43774,43775,0,0,0,0,0x0,,,,,,,,60166,60167,0,0,0,0,0,0,2,4,0,0,0,0x0,0x0,0x0,0x0,0,
798,,,,,,,,,"Броня сновидца",,,,,,,,0xFF01FE,43751,43753,43756,43822,43758,0,0,0,0,0x0,,,,,,,,60141,60142,0,0,0,0,0,0,2,4,0,0,0,0x0,0x0,0x0,0x0,0,
799,,,,,,,,,"Регалии сновидца",,,,,,,,0xFF01FE,43752,43754,43755,43759,43820,0,0,0,0,0x0,,,,,,,,60135,60137,0,0,0,0,0,0,2,4,0,0,0,0x0,0x0,0x0,0x0,0,
800,,,,,,,,,"Облачение сновидца",,,,,,,,0xFF01FE,43749,43750,43757,43760,43761,0,0,0,0,0x0,,,,,,,,60138,60139,0,0,0,0,0,0,2,4,0,0,0,0x0,0x0,0x0,0x0,0,
801,,,,,,,,,"Броня костяной косы",,,,,,,,0xFF01FE,43727,43728,43729,43730,43731,0,0,0,0,0x0,,,,,,,,60162,60163,0,0,0,0,0,0,2,4,0,0,0,0x0,0x0,0x0,0x0,0,
802,,,,,,,,,"Облачение Проклятого Сердца",,,,,,,,0xFF01FE,43787,43788,43789,43790,43791,0,0,0,0,0x0,,,,,,,,60170,60172,0,0,0,0,0,0,2,4,0,0,0,0x0,0x0,0x0,0x0,0,
803,,,,,,,,,"Облачение ледяного огня",,,,,,,,0xFF01FE,43777,43778,43779,43780,43781,0,0,0,0,0x0,,,,,,,,61062,60146,0,0,0,0,0,0,2,4,0,0,0,0x0,0x0,0x0,0x0,0,
804,,,,,,,,,"Регалии веры",,,,,,,,0xFF01FE,43733,43782,43784,43808,43810,0,0,0,0,0x0,,,,,,,,60154,60155,0,0,0,0,0,0,2,4,0,0,0,0x0,0x0,0x0,0x0,0,
805,,,,,,,,,"Облачение веры",,,,,,,,0xFF01FE,43732,43783,43785,43786,43792,0,0,0,0,0x0,,,,,,,,60156,60157,0,0,0,0,0,0,2,4,0,0,0,0x0,0x0,0x0,0x0,0,
812,,,,,,,,,"Весенний наряд",,,,,,,,0xFF01FE,6835,6833,0,0,0,0,0,0,0,0x0,,,,,,,,62181,0,0,0,0,0,0,0,2,0,0,0,0,0x0,0x0,0x0,0x0,0,
813,,,,,,,,,"Броня потрошителя",,,,,,,,0xFF01FE,43435,43434,43260,43436,43438,43433,43439,43437,0,0x0,,,,,,,,63972,63973,0,0,0,0,0,0,6,4,0,0,0,0x0,0x0,0x0,0x0,0,
814,,,,,,,,,"Изысканная саронитовая броня",,,,,,,,0xFF01FE,42723,42724,42725,42726,42727,42728,42730,42729,0,0x0,,,,,,,,63973,63972,0,0,0,0,0,0,4,6,0,0,0,0x0,0x0,0x0,0x0,0,
815,,,,,,,,,"Броня усердного заклинателя",,,,,,,,0xFF01FE,43266,43273,43264,43263,43265,43261,43271,43262,0,0x0,,,,,,,,63972,63973,0,0,0,0,0,0,6,4,0,0,0,0x0,0x0,0x0,0x0,0,
816,,,,,,,,,"Саронитовая броня",,,,,,,,0xFF01FE,41354,41349,41353,41347,41351,41350,41352,41348,0,0x0,,,,,,,,63973,63972,0,0,0,0,0,0,4,6,0,0,0,0x0,0x0,0x0,0x0,0,
817,,,,,,,,,"Броня штормового укрытия",,,,,,,,0xFF01FE,43450,43455,43454,43453,43456,43457,43451,43452,0,0x0,,,,,,,,63972,63973,0,0,0,0,0,0,6,4,0,0,0,0x0,0x0,0x0,0x0,0,
818,,,,,,,,,"Броня быстрой стрелы",,,,,,,,0xFF01FE,43442,43443,43444,43446,43445,43447,43448,43449,0,0x0,,,,,,,,63973,63972,0,0,0,0,0,0,4,6,0,0,0,0x0,0x0,0x0,0x0,0,
819,,,,,,,,,"Броня ледяной ярости",,,,,,,,0xFF01FE,43969,43970,43974,43971,41516,43975,43972,43973,0,0x0,,,,,,,,63972,63973,0,0,0,0,0,0,6,4,0,0,0,0x0,0x0,0x0,0x0,0,
820,,,,,,,,,"Броня покровительства",,,,,,,,0xFF01FE,46213,46216,46221,46224,46226,0,0,0,0,0x0,,,,,,,,64878,64879,0,0,0,0,0,0,2,4,0,0,0,0x0,0x0,0x0,0x0,0,
821,,,,,,,,,"Латы покровительства",,,,,,,,0xFF01FE,46214,46215,46219,46222,46225,0,0,0,0,0x0,,,,,,,,64881,64882,0,0,0,0,0,0,2,4,0,0,0,0x0,0x0,0x0,0x0,0,
822,,,,,,,,,"Регалии покровительства",,,,,,,,0xFF01FE,46217,46218,46220,46227,46228,0,0,0,0,0x0,,,,,,,,64890,64895,0,0,0,0,0,0,2,4,0,0,0,0x0,0x0,0x0,0x0,0,
823,,,,,,,,,"Броня раскалывающего мир",,,,,,,,0xFF01FE,46293,46294,46296,46303,46307,0,0,0,0,0x0,,,,,,,,64916,64917,0,0,0,0,0,0,2,4,0,0,0,0x0,0x0,0x0,0x0,0,
824,,,,,,,,,"Наряд раскалывающего мир",,,,,,,,0xFF01FE,46295,46298,46300,46301,46304,0,0,0,0,0x0,,,,,,,,64928,64925,0,0,0,0,0,0,4,2,0,0,0,0x0,0x0,0x0,0x0,0,
825,,,,,,,,,"Регалии раскалывающего мир",,,,,,,,0xFF01FE,46297,46299,46302,46305,46306,0,0,0,0,0x0,,,,,,,,64921,64922,0,0,0,0,0,0,2,4,0,0,0,0x0,0x0,0x0,0x0,0,
826,,,,,,,,,"Клинковая броня",,,,,,,,0xFF01FE,46288,46289,46290,46291,46292,0,0,0,0,0x0,,,,,,,,64914,64915,0,0,0,0,0,0,2,4,0,0,0,0x0,0x0,0x0,0x0,0,
827,,,,,,,,,"Броня ночной песни",,,,,,,,0xFF01FE,46260,46262,46265,46267,46269,0,0,0,0,0x0,,,,,,,,64752,64754,0,0,0,0,0,0,2,4,0,0,0,0x0,0x0,0x0,0x0,0,
828,,,,,,,,,"Наряд ночной песни",,,,,,,,0xFF01FE,45350,46309,46266,46271,46272,0,0,0,0,0x0,,,,,,,,64818,64824,0,0,0,0,0,0,2,4,0,0,0,0x0,0x0,0x0,0x0,0,
829,,,,,,,,,"Регалии ночной песни",,,,,,,,0xFF01FE,46261,46263,46264,46268,46270,0,0,0,0,0x0,,,,,,,,64756,64760,0,0,0,0,0,0,2,4,0,0,0,0x0,0x0,0x0,0x0,0,
830,,,,,,,,,"Осадная броня",,,,,,,,0xFF01FE,46278,46280,46282,46285,46287,0,0,0,0,0x0,,,,,,,,64938,64939,0,0,0,0,0,0,2,4,0,0,0,0x0,0x0,0x0,0x0,0,
831,,,,,,,,,"Осадные латы",,,,,,,,0xFF01FE,46279,46281,46283,46284,46286,0,0,0,0,0x0,,,,,,,,64933,64936,0,0,0,0,0,0,2,4,0,0,0,0x0,0x0,0x0,0x0,0,
832,,,,,,,,,"Наряд посвящения",,,,,,,,0xFF01FE,46230,46248,46255,46256,46257,0,0,0,0,0x0,,,,,,,,64906,64908,0,0,0,0,0,0,2,4,0,0,0,0x0,0x0,0x0,0x0,0,
833,,,,,,,,,"Регалии посвящения",,,,,,,,0xFF01FE,46231,46247,46254,46258,46259,0,0,0,0,0x0,,,,,,,,64910,64912,0,0,0,0,0,0,2,4,0,0,0,0x0,0x0,0x0,0x0,0,
834,,,,,,,,,"Темноруническая броня",,,,,,,,0xFF01FE,46232,46235,46237,46239,46241,0,0,0,0,0x0,,,,,,,,64735,64736,0,0,0,0,0,0,2,4,0,0,0,0x0,0x0,0x0,0x0,0,
835,,,,,,,,,"Темнорунические латы",,,,,,,,0xFF01FE,46233,46234,46236,46238,46240,0,0,0,0,0x0,,,,,,,,64744,64745,0,0,0,0,0,0,2,4,0,0,0,0x0,0x0,0x0,0x0,0,
836,,,,,,,,,"Кирин-торский наряд",,,,,,,,0xFF01FE,46249,46250,46251,46252,46253,0,0,0,0,0x0,,,,,,,,64867,64869,0,0,0,0,0,0,2,4,0,0,0,0x0,0x0,0x0,0x0,0,
837,,,,,,,,,"Наряд несущего смерть",,,,,,,,0xFF01FE,46242,46243,46244,46245,46246,0,0,0,0,0x0,,,,,,,,64931,64932,0,0,0,0,0,0,2,4,0,0,0,0x0,0x0,0x0,0x0,0,
838,,,,,,,,,"Броня преследующего Плеть",,,,,,,,0xFF01FE,46273,46274,46275,46276,46277,0,0,0,0,0x0,,,,,,,,64854,64860,0,0,0,0,0,0,2,4,0,0,0,0x0,0x0,0x0,0x0,0,
843,,,,,,,,,"Регалии Кадгара",,,,,,,,0xFF01FE,48725,48726,48727,48728,48729,0,0,0,0,0x0,,,,,,,,67164,67185,0,0,0,0,0,0,2,4,0,0,0,0x0,0x0,0x0,0x0,0,
844,,,,,,,,,"Регалии Солнечного Скитальца",,,,,,,,0xFF01FE,48730,48731,48732,48733,48734,0,0,0,0,0x0,,,,,,,,67164,67185,0,0,0,0,0,0,2,4,0,0,0,0x0,0x0,0x0,0x0,0,
845,,,,,,,,,"Регалии Гул'дана",,,,,,,,0xFF01FE,48735,48736,48737,48738,48739,0,0,0,0,0x0,,,,,,,,67230,67231,0,0,0,0,0,0,2,4,0,0,0,0x0,0x0,0x0,0x0,0,
846,,,,,,,,,"Регалии Кел'Тузада",,,,,,,,0xFF01FE,48740,48741,48742,48743,48744,0,0,0,0,0x0,,,,,,,,67230,67231,0,0,0,0,0,0,2,4,0,0,0,0x0,0x0,0x0,0x0,0,
847,,,,,,,,,"Облачение Велена",,,,,,,,0xFF01FE,48745,48746,48747,48748,48749,0,0,0,0,0x0,,,,,,,,67201,67202,0,0,0,0,0,0,2,4,0,0,0,0x0,0x0,0x0,0x0,0,
848,,,,,,,,,"Облачение Забры",,,,,,,,0xFF01FE,48750,48751,48752,48753,48754,0,0,0,0,0x0,,,,,,,,67201,67202,0,0,0,0,0,0,2,4,0,0,0,0x0,0x0,0x0,0x0,0,
849,,,,,,,,,"Регалии Велена",,,,,,,,0xFF01FE,48755,48756,48757,48758,48759,0,0,0,0,0x0,,,,,,,,67193,67198,0,0,0,0,0,0,2,4,0,0,0,0x0,0x0,0x0,0x0,0,
850,,,,,,,,,"Регалии Забры",,,,,,,,0xFF01FE,48760,48761,48762,48763,48764,0,0,0,0,0x0,,,,,,,,67193,67198,0,0,0,0,0,0,2,4,0,0,0,0x0,0x0,0x0,0x0,0,
851,,,,,,,,,"Наряд Малфуриона",,,,,,,,0xFF01FE,48774,48775,48776,48777,48778,0,0,0,0,0x0,,,,,,,,67127,67128,0,0,0,0,0,0,2,4,0,0,0,0x0,0x0,0x0,0x0,0,
852,,,,,,,,,"Наряд Рунического Тотема",,,,,,,,0xFF01FE,48769,48770,48771,48772,48773,0,0,0,0,0x0,,,,,,,,67127,67128,0,0,0,0,0,0,2,4,0,0,0,0x0,0x0,0x0,0x0,0,
853,,,,,,,,,"Регалии Малфуриона",,,,,,,,0xFF01FE,48786,48787,48788,48789,48790,0,0,0,0,0x0,,,,,,,,67125,67126,0,0,0,0,0,0,2,4,0,0,0,0x0,0x0,0x0,0x0,0,
854,,,,,,,,,"Регалии Рунического Тотема",,,,,,,,0xFF01FE,48781,48782,48783,48784,48785,0,0,0,0,0x0,,,,,,,,67125,67126,0,0,0,0,0,0,2,4,0,0,0,0x0,0x0,0x0,0x0,0,
855,,,,,,,,,"Броня Малфуриона",,,,,,,,0xFF01FE,48799,48800,48801,48802,48803,0,0,0,0,0x0,,,,,,,,67121,67123,0,0,0,0,0,0,2,4,0,0,0,0x0,0x0,0x0,0x0,0,
856,,,,,,,,,"Броня Рунического Тотема",,,,,,,,0xFF01FE,48794,48795,48796,48797,48798,0,0,0,0,0x0,,,,,,,,67121,67123,0,0,0,0,0,0,2,4,0,0,0,0x0,0x0,0x0,0x0,0,
857,,,,,,,,,"Броня ван Клифа",,,,,,,,0xFF01FE,48809,48810,48811,48812,48813,0,0,0,0,0x0,,,,,,,,67209,67211,0,0,0,0,0,0,2,4,0,0,0,0x0,0x0,0x0,0x0,0,
858,,,,,,,,,"Броня Гароны",,,,,,,,0xFF01FE,48804,48805,48806,48807,48808,0,0,0,0,0x0,,,,,,,,67211,67209,0,0,0,0,0,0,4,2,0,0,0,0x0,0x0,0x0,0x0,0,
859,,,,,,,,,"Броня Ветрокрылой",,,,,,,,0xFF01FE,48819,48820,48821,48822,48823,0,0,0,0,0x0,,,,,,,,67150,67151,0,0,0,0,0,0,2,4,0,0,0,0x0,0x0,0x0,0x0,0,
860,,,,,,,,,"Одеяние Ветрокрылой",,,,,,,,0xFF01FE,48814,48815,48816,48817,48818,0,0,0,0,0x0,,,,,,,,67151,67150,0,0,0,0,0,0,4,2,0,0,0,0x0,0x0,0x0,0x0,0,
861,,,,,,,,,"Наряд Нобундо",,,,,,,,0xFF01FE,48824,48825,48826,48827,48828,0,0,0,0,0x0,,,,,,,,67225,67226,0,0,0,0,0,0,2,4,0,0,0,0x0,0x0,0x0,0x0,0,
862,,,,,,,,,"Наряд Тралла",,,,,,,,0xFF01FE,48829,48830,48831,48832,48833,0,0,0,0,0x0,,,,,,,,67225,67226,0,0,0,0,0,0,2,4,0,0,0,0x0,0x0,0x0,0x0,0,
863,,,,,,,,,"Регалии Тралла",,,,,,,,0xFF01FE,48841,48842,48843,48844,48845,0,0,0,0,0x0,,,,,,,,67227,67228,0,0,0,0,0,0,2,4,0,0,0,0x0,0x0,0x0,0x0,0,
864,,,,,,,,,"Регалии Нобундо",,,,,,,,0xFF01FE,48836,48837,48838,48839,48840,0,0,0,0,0x0,,,,,,,,67228,67227,0,0,0,0,0,0,4,2,0,0,0,0x0,0x0,0x0,0x0,0,
865,,,,,,,,,"Броня Нобундо",,,,,,,,0xFF01FE,48846,48847,48848,48849,48850,0,0,0,0,0x0,,,,,,,,67220,67221,0,0,0,0,0,0,2,4,0,0,0,0x0,0x0,0x0,0x0,0,
866,,,,,,,,,"Броня Тралла",,,,,,,,0xFF01FE,48854,48855,48852,48853,48851,0,0,0,0,0x0,,,,,,,,67220,67221,0,0,0,0,0,0,2,4,0,0,0,0x0,0x0,0x0,0x0,0,
867,,,,,,,,,"Броня Ринна",,,,,,,,0xFF01FE,48865,48866,48867,48868,48869,0,0,0,0,0x0,,,,,,,,67234,67268,0,0,0,0,0,0,2,4,0,0,0,0x0,0x0,0x0,0x0,0,
868,,,,,,,,,"Броня Адского Крика",,,,,,,,0xFF01FE,48860,48861,48862,48863,48864,0,0,0,0,0x0,,,,,,,,67234,67268,0,0,0,0,0,0,2,4,0,0,0,0x0,0x0,0x0,0x0,0,
869,,,,,,,,,"Латы Ринна",,,,,,,,0xFF01FE,48875,48876,48877,48878,48879,0,0,0,0,0x0,,,,,,,,67269,67273,0,0,0,0,0,0,2,4,0,0,0,0x0,0x0,0x0,0x0,0,
870,,,,,,,,,"Латы Адского Крика",,,,,,,,0xFF01FE,48870,48871,48872,48873,48874,0,0,0,0,0x0,,,,,,,,67269,67273,0,0,0,0,0,0,2,4,0,0,0,0x0,0x0,0x0,0x0,0,
871,,,,,,,,,"Броня Тассариана",,,,,,,,0xFF01FE,48885,48886,48887,48888,48889,0,0,0,0,0x0,,,,,,,,67118,67115,0,0,0,0,0,0,4,2,0,0,0,0x0,0x0,0x0,0x0,0,
872,,,,,,,,,"Броня Кольтиры",,,,,,,,0xFF01FE,48880,48881,48882,48883,48884,0,0,0,0,0x0,,,,,,,,67115,67118,0,0,0,0,0,0,2,4,0,0,0,0x0,0x0,0x0,0x0,0,
873,,,,,,,,,"Латы Тассариана",,,,,,,,0xFF01FE,48895,48896,48897,48898,48899,0,0,0,0,0x0,,,,,,,,67120,67119,0,0,0,0,0,0,4,2,0,0,0,0x0,0x0,0x0,0x0,0,
874,,,,,,,,,"Латы Кольтиры",,,,,,,,0xFF01FE,48890,48891,48892,48893,48894,0,0,0,0,0x0,,,,,,,,67119,67120,0,0,0,0,0,0,2,4,0,0,0,0x0,0x0,0x0,0x0,0,
875,,,,,,,,,"Наряд Туралиона",,,,,,,,0xFF01FE,48904,48903,48902,48901,48900,0,0,0,0,0x0,,,,,,,,67190,67191,0,0,0,0,0,0,2,4,0,0,0,0x0,0x0,0x0,0x0,0,
876,,,,,,,,,"Наряд Лиадрин",,,,,,,,0xFF01FE,48909,48908,48907,48906,48905,0,0,0,0,0x0,,,,,,,,67190,67191,0,0,0,0,0,0,2,4,0,0,0,0x0,0x0,0x0,0x0,0,
877,,,,,,,,,"Броня Туралиона",,,,,,,,0xFF01FE,48915,48916,48917,48918,48919,0,0,0,0,0x0,,,,,,,,67188,67189,0,0,0,0,0,0,2,4,0,0,0,0x0,0x0,0x0,0x0,0,
878,,,,,,,,,"Броня Лиадрин",,,,,,,,0xFF01FE,48910,48911,48912,48913,48914,0,0,0,0,0x0,,,,,,,,67189,67188,0,0,0,0,0,0,4,2,0,0,0,0x0,0x0,0x0,0x0,0,
879,,,,,,,,,"Латы Туралиона",,,,,,,,0xFF01FE,48927,48928,48929,48930,48931,0,0,0,0,0x0,,,,,,,,67186,67187,0,0,0,0,0,0,2,4,0,0,0,0x0,0x0,0x0,0x0,0,
880,,,,,,,,,"Латы Лиадрин",,,,,,,,0xFF01FE,48922,48923,48924,48925,48926,0,0,0,0,0x0,,,,,,,,67187,67186,0,0,0,0,0,0,4,2,0,0,0,0x0,0x0,0x0,0x0,0,
881,,,,,,,,,"Очищенный осколок Богов",,,,,,,,0xFF01FE,49310,49463,0,0,0,0,0,0,0,0x0,,,,,,,,69599,69755,0,0,0,0,0,0,2,2,0,0,0,0x0,0x0,0x0,0x0,0,
882,,,,,,,,,"Блестящий осколок Богов",,,,,,,,0xFF01FE,49488,49464,0,0,0,0,0,0,0,0x0,,,,,,,,69709,69739,0,0,0,0,0,0,2,2,0,0,0,0x0,0x0,0x0,0x0,0,
883,,,,,,,,,"Регалии волшебника крови",,,,,,,,0xFF01FE,51716,51715,51714,51713,51712,0,0,0,0,0x0,,,,,,,,70748,70752,0,0,0,0,0,0,4,2,0,0,0,0x0,0x0,0x0,0x0,0,
884,,,,,,,,,"Регалии мрачного шабаша",,,,,,,,0xFF01FE,51766,51765,51764,51763,51762,0,0,0,0,0x0,,,,,,,,70841,70839,0,0,0,0,0,0,4,2,0,0,0,0x0,0x0,0x0,0x0,0,
885,,,,,,,,,"Облачение послушника из Багрового Легиона",,,,,,,,0xFF01FE,51732,51733,51734,51735,51736,0,0,0,0,0x0,,,,,,,,70798,70770,0,0,0,0,0,0,4,2,0,0,0,0x0,0x0,0x0,0x0,0,
886,,,,,,,,,"Регалии послушника из Багрового Легиона",,,,,,,,0xFF01FE,51741,51740,51739,51738,51737,0,0,0,0,0x0,,,,,,,,70801,70800,0,0,0,0,0,0,4,2,0,0,0,0x0,0x0,0x0,0x0,0,
887,,,,,,,,,"Плеточные одеяния",,,,,,,,0xFF01FE,51696,51695,51694,51693,51692,0,0,0,0,0x0,,,,,,,,70664,70658,0,0,0,0,0,0,4,2,0,0,0,0x0,0x0,0x0,0x0,0,
888,,,,,,,,,"Плеточные регалии",,,,,,,,0xFF01FE,51706,51705,51704,51703,51702,0,0,0,0,0x0,,,,,,,,70723,70718,0,0,0,0,0,0,4,2,0,0,0,0x0,0x0,0x0,0x0,0,
889,,,,,,,,,"Плеточная броня",,,,,,,,0xFF01FE,51701,51700,51699,51698,51697,0,0,0,0,0x0,,,,,,,,70726,70724,0,0,0,0,0,0,4,2,0,0,0,0x0,0x0,0x0,0x0,0,
890,,,,,,,,,"Броня теневого клинка",,,,,,,,0xFF01FE,51746,51745,51744,51743,51742,0,0,0,0,0x0,,,,,,,,70803,70805,0,0,0,0,0,0,4,2,0,0,0,0x0,0x0,0x0,0x0,0,
891,,,,,,,,,"Броня ан'кахарского охотника за кровью",,,,,,,,0xFF01FE,51711,51710,51709,51708,51707,0,0,0,0,0x0,,,,,,,,70727,70730,0,0,0,0,0,0,2,4,0,0,0,0x0,0x0,0x0,0x0,0,
892,,,,,,,,,"Одеяния ледяной ведьмы",,,,,,,,0xFF01FE,51747,51748,51749,51750,51751,0,0,0,0,0x0,,,,,,,,70808,70807,0,0,0,0,0,0,4,2,0,0,0,0x0,0x0,0x0,0x0,0,
893,,,,,,,,,"Регалии ледяной ведьмы",,,,,,,,0xFF01FE,51757,51758,51759,51760,51761,0,0,0,0,0x0,,,,,,,,70817,70811,0,0,0,0,0,0,4,2,0,0,0,0x0,0x0,0x0,0x0,0,
894,,,,,,,,,"Броня ледяной ведьмы",,,,,,,,0xFF01FE,51752,51753,51754,51755,51756,0,0,0,0,0x0,,,,,,,,70832,70830,0,0,0,0,0,0,4,2,0,0,0,0x0,0x0,0x0,0x0,0,
895,,,,,,,,,"Броня имирьярского повелителя",,,,,,,,0xFF01FE,51771,51770,51769,51768,51767,0,0,0,0,0x0,,,,,,,,70847,70854,0,0,0,0,0,0,4,2,0,0,0,0x0,0x0,0x0,0x0,0,
896,,,,,,,,,"Латы имирьярского повелителя",,,,,,,,0xFF01FE,51776,51775,51774,51773,51772,0,0,0,0,0x0,,,,,,,,70844,70843,0,0,0,0,0,0,4,2,0,0,0,0x0,0x0,0x0,0x0,0,
897,,,,,,,,,"Броня повелителя Плети",,,,,,,,0xFF01FE,51686,51685,51684,51683,51682,0,0,0,0,0x0,,,,,,,,70655,70656,0,0,0,0,0,0,2,4,0,0,0,0x0,0x0,0x0,0x0,0,
898,,,,,,,,,"Латы повелителя Плети",,,,,,,,0xFF01FE,51691,51690,51689,51688,51687,0,0,0,0,0x0,,,,,,,,70652,70650,0,0,0,0,0,0,4,2,0,0,0,0x0,0x0,0x0,0x0,0,
899,,,,,,,,,"Одеяния клятвы Свету",,,,,,,,0xFF01FE,51726,51725,51724,51723,51722,0,0,0,0,0x0,,,,,,,,70756,70755,0,0,0,0,0,0,4,2,0,0,0,0x0,0x0,0x0,0x0,0,
900,,,,,,,,,"Броня клятвы Свету",,,,,,,,0xFF01FE,51721,51720,51719,51718,51717,0,0,0,0,0x0,,,,,,,,70762,70765,0,0,0,0,0,0,4,2,0,0,0,0x0,0x0,0x0,0x0,0,
901,,,,,,,,,"Латы клятвы Свету",,,,,,,,0xFF01FE,51731,51730,51729,51728,51727,0,0,0,0,0x0,,,,,,,,70761,70758,0,0,0,0,0,0,4,2,0,0,0,0x0,0x0,0x0,0x0,0,
