long,long,flags,str,None,None,None,None,None,None,None,str,None,None,None,None,None,None,None,flags,str,None,None,None,None,None,None,None,str,None,None,None,None,None,None,None,flags,long,str,None,None,None,None,None,None,None,str,None,None,None,None,None,None,None,flags,bool,
6,7,0x0,"Мороз",,,,,,,,"Мороз",,,,,,,,0xFF01FE,"",,,,,,,,"",,,,,,,,0xFF01FC,188,"",,,,,,,,"",,,,,,,,0xFF01EC,0,
8,7,0x0,"Вогонь",,,,,,,,"Вогонь",,,,,,,,0xFF01FE,"",,,,,,,,"",,,,,,,,0xFF01FC,183,"",,,,,,,,"",,,,,,,,0xFF01EC,0,
26,7,0x0,"Зброя",,,,,,,,"Зброя",,,,,,,,0xFF01FE,"",,,,,,,,"",,,,,,,,0xFF01FC,514,"",,,,,,,,"",,,,,,,,0xFF01EC,0,
38,7,0x0,"Бій",,,,,,,,"Бій",,,,,,,,0xFF01FE,"",,,,,,,,"",,,,,,,,0xFF01FC,243,"",,,,,,,,"",,,,,,,,0xFF01EC,0,
39,7,0x0,"Підкрадання",,,,,,,,"Підкрадання",,,,,,,,0xFF01FE,"",,,,,,,,"",,,,,,,,0xFF01FC,250,"",,,,,,,,"",,,,,,,,0xFF01EC,0,
43,6,0x0,"Мечі",,,,,,,,"Мечі",,,,,,,,0xFF01FF,"Чим краще розвинуте це вміння, тим більший шанс нанести шкоду.",,,,,,,,"Чим краще розвинуте це вміння, тим більший шанс нанести шкоду.",,,,,,,,0xFF01FE,1,"",,,,,,,,"",,,,,,,,0xFF01EC,0,
44,6,0x0,"Сокири",,,,,,,,"Сокири",,,,,,,,0xFF01FF,"Чим краще розвинуте це вміння, тим більший шанс нанести шкоду.",,,,,,,,"Чим краще розвинуте це вміння, тим більший шанс нанести шкоду.",,,,,,,,0xFF01FE,1,"",,,,,,,,"",,,,,,,,0xFF01EC,0,
45,6,0x0,"Луки",,,,,,,,"Луки",,,,,,,,0xFF01FE,"Чим краще розвинуте це вміння, тим більший шанс нанести шкоду.",,,,,,,,"Чим краще розвинуте це вміння, тим більший шанс нанести шкоду.",,,,,,,,0xFF01FE,1,"",,,,,,,,"",,,,,,,,0xFF01EC,0,
46,6,0x0,"Вогнепальна зброя",,,,,,,,"Вогнепальна зброя",,,,,,,,0xFF01FE,"Чим краще розвинуте це вміння, тим більший шанс нанести шкоду.",,,,,,,,"Чим краще розвинуте це вміння, тим більший шанс нанести шкоду.",,,,,,,,0xFF01FE,1,"",,,,,,,,"",,,,,,,,0xFF01EC,0,
50,7,0x0,"Повелитель прислужників",,,,,,,,"Повелитель прислужників",,,,,,,,0xFF01FE,"",,,,,,,,"",,,,,,,,0xFF01FC,255,"",,,,,,,,"",,,,,,,,0xFF01EC,0,
51,7,0x0,"Виживання",,,,,,,,"Виживання",,,,,,,,0xFF01FE,"",,,,,,,,"",,,,,,,,0xFF01FC,257,"",,,,,,,,"",,,,,,,,0xFF01EC,0,
54,6,0x0,"Булава зброя",,,,,,,,"Булава зброя",,,,,,,,0xFF01FF,"Чим краще розвинуте це вміння, тим більший шанс нанести шкоду.",,,,,,,,"Чим краще розвинуте це вміння, тим більший шанс нанести шкоду.",,,,,,,,0xFF01FE,1,"",,,,,,,,"",,,,,,,,0xFF01EC,0,
55,6,0x0,"Дворучні мечі",,,,,,,,"Дворучні мечі",,,,,,,,0xFF01FE,"Чим краще розвинуте це вміння, тим більший шанс нанести шкоду.",,,,,,,,"Чим краще розвинуте це вміння, тим більший шанс нанести шкоду.",,,,,,,,0xFF01FE,1,"",,,,,,,,"",,,,,,,,0xFF01EC,0,
56,7,0x0,"Світло",,,,,,,,"Світло",,,,,,,,0xFF01FE,"",,,,,,,,"",,,,,,,,0xFF01FC,70,"",,,,,,,,"",,,,,,,,0xFF01EC,0,
78,7,0x0,"Темна магія",,,,,,,,"Темна магія",,,,,,,,0xFF01FF,"",,,,,,,,"",,,,,,,,0xFF01FC,234,"",,,,,,,,"",,,,,,,,0xFF01EC,0,
95,6,0x0,"Захист",,,,,,,,"Захист",,,,,,,,0xFF01FE,"Чим краще розвинуте це вміння, тим вище ваші шанси на успішне парирування, блок або ухилення від атаки противника. Крім того, розвиток цього вміння знижує шанс отримання критичної шкоди.",,,,,,,,"Чим краще розвинуте це вміння, тим вище ваші шанси на успішне парирування, блок або ухилення від атаки противника. Крім того, розвиток цього вміння знижує шанс отримання критичної шкоди.",,,,,,,,0xFF01FE,1,"",,,,,,,,"",,,,,,,,0xFF01EC,0,
98,10,0x0,"Мова: Загальна",,,,,,,,"Мова: Загальна",,,,,,,,0xFF01FE,"",,,,,,,,"",,,,,,,,0xFF01FC,1,"",,,,,,,,"",,,,,,,,0xFF01EC,0,
101,9,0x0,"Расове вміння дворфів",,,,,,,,"Расове вміння дворфів",,,,,,,,0xFF01FF,"",,,,,,,,"",,,,,,,,0xFF01FC,1,"",,,,,,,,"",,,,,,,,0xFF01EC,0,
109,10,0x0,"Мова: Орча",,,,,,,,"Мова: Орча",,,,,,,,0xFF01FE,"",,,,,,,,"",,,,,,,,0xFF01FC,1,"",,,,,,,,"",,,,,,,,0xFF01EC,0,
111,10,0x0,"Мова: Дворфійська",,,,,,,,"Мова: Дворфійська",,,,,,,,0xFF01FE,"",,,,,,,,"",,,,,,,,0xFF01FC,1,"",,,,,,,,"",,,,,,,,0xFF01EC,0,
113,10,0x0,"Мова: Дарнассіанcька",,,,,,,,"Мова: Дарнассіанcька",,,,,,,,0xFF01FE,"",,,,,,,,"",,,,,,,,0xFF01FC,1,"",,,,,,,,"",,,,,,,,0xFF01EC,0,
115,10,0x0,"Мова: Таурахе",,,,,,,,"Мова: Таурахе",,,,,,,,0xFF01FE,"",,,,,,,,"",,,,,,,,0xFF01FC,1,"",,,,,,,,"",,,,,,,,0xFF01EC,0,
118,6,0x0,"Бій двома руками",,,,,,,,"Бій двома руками",,,,,,,,0xFF01FE,"",,,,,,,,"",,,,,,,,0xFF01FC,1,"",,,,,,,,"",,,,,,,,0xFF01EC,0,
124,9,0x0,"Расове вміння тауренів",,,,,,,,"Расове вміння тауренів",,,,,,,,0xFF01FE,"",,,,,,,,"",,,,,,,,0xFF01FC,1,"",,,,,,,,"",,,,,,,,0xFF01EC,0,
125,9,0x0,"Расове вміння орків",,,,,,,,"Расове вміння орків",,,,,,,,0xFF01FE,"",,,,,,,,"",,,,,,,,0xFF01FC,1,"",,,,,,,,"",,,,,,,,0xFF01EC,0,
126,9,0x0,"Расове вміння нічних ельфів",,,,,,,,"Расове вміння нічних ельфів",,,,,,,,0xFF01FE,"",,,,,,,,"",,,,,,,,0xFF01FC,1,"",,,,,,,,"",,,,,,,,0xFF01EC,0,
129,9,0x0,"Перша допомога",,,,,,,,"Перша допомога",,,,,,,,0xFF01FE,"Чим краще розвинуте це вміння, тим складніші медичні практики ви можете застосовувати. Медичні практики можна дізнатися у вчителів, а також отримати в якості трофеїв або нагороди.",,,,,,,,"Чим краще розвинуте це вміння, тим складніші медичні практики ви можете застосовувати. Медичні практики можна дізнатися у вчителів, а також отримати в якості трофеїв або нагороди.",,,,,,,,0xFF01FE,504,"",,,,,,,,"",,,,,,,,0xFF01EC,1,
134,7,0x0,"Дикий бій",,,,,,,,"Дикий бій",,,,,,,,0xFF01FE,"",,,,,,,,"",,,,,,,,0xFF01FC,107,"",,,,,,,,"",,,,,,,,0xFF01EC,0,
136,6,0x0,"Посохи",,,,,,,,"Посохи",,,,,,,,0xFF01FF,"Чим краще розвинуте це вміння, тим більший шанс нанести шкоду.",,,,,,,,"Чим краще розвинуте це вміння, тим більший шанс нанести шкоду.",,,,,,,,0xFF01FE,1,"",,,,,,,,"",,,,,,,,0xFF01EC,0,
137,10,0x0,"Мова: Таласійська",,,,,,,,"Мова: Таласійська",,,,,,,,0xFF01FE,"",,,,,,,,"",,,,,,,,0xFF01FC,1,"",,,,,,,,"",,,,,,,,0xFF01EC,0,
138,10,0x0,"Мова: Драконяча",,,,,,,,"Мова: Драконяча",,,,,,,,0xFF01FE,"",,,,,,,,"",,,,,,,,0xFF01FC,1,"",,,,,,,,"",,,,,,,,0xFF01EC,0,
139,10,0x0,"Мова: наречие демонів",,,,,,,,"Мова: наречие демонів",,,,,,,,0xFF01FE,"",,,,,,,,"",,,,,,,,0xFF01FC,1,"",,,,,,,,"",,,,,,,,0xFF01EC,0,
140,10,0x0,"Мова: наречие титанів",,,,,,,,"Мова: наречие титанів",,,,,,,,0xFF01FE,"",,,,,,,,"",,,,,,,,0xFF01FC,1,"",,,,,,,,"",,,,,,,,0xFF01EC,0,
141,10,0x0,"Мова: древній",,,,,,,,"Мова: древній",,,,,,,,0xFF01FE,"",,,,,,,,"",,,,,,,,0xFF01FC,1,"",,,,,,,,"",,,,,,,,0xFF01EC,0,
142,9,0x0,"Виживання",,,,,,,,"Виживання",,,,,,,,0xFF01FE,"",,,,,,,,"",,,,,,,,0xFF01FC,1,"",,,,,,,,"",,,,,,,,0xFF01EC,0,
148,9,0x0,"Їзда на конях",,,,,,,,"Їзда на конях",,,,,,,,0xFF01FE,"",,,,,,,,"",,,,,,,,0xFF01FC,1,"",,,,,,,,"",,,,,,,,0xFF01EC,0,
149,9,0x0,"Їзда на волках",,,,,,,,"Їзда на волках",,,,,,,,0xFF01FE,"",,,,,,,,"",,,,,,,,0xFF01FC,1,"",,,,,,,,"",,,,,,,,0xFF01EC,0,
150,9,0x0,"Їзда на тиграх",,,,,,,,"Їзда на тиграх",,,,,,,,0xFF01FE,"",,,,,,,,"",,,,,,,,0xFF01FC,1,"",,,,,,,,"",,,,,,,,0xFF01EC,0,
152,9,0x0,"Їзда на баранах",,,,,,,,"Їзда на баранах",,,,,,,,0xFF01FE,"",,,,,,,,"",,,,,,,,0xFF01FC,1,"",,,,,,,,"",,,,,,,,0xFF01EC,0,
155,9,0x0,"Плавання",,,,,,,,"Плавання",,,,,,,,0xFF01FE,"",,,,,,,,"",,,,,,,,0xFF01FC,1,"",,,,,,,,"",,,,,,,,0xFF01EC,0,
160,6,0x0,"Дворучна Булава",,,,,,,,"Дворучна Булава",,,,,,,,0xFF01FE,"Чим краще розвинуте це вміння, тим більший шанс нанести шкоду.",,,,,,,,"Чим краще розвинуте це вміння, тим більший шанс нанести шкоду.",,,,,,,,0xFF01FE,1,"",,,,,,,,"",,,,,,,,0xFF01EC,0,
162,6,0x0,"Рукопашний бій",,,,,,,,"Рукопашний бій",,,,,,,,0xFF01FF,"Чим краще розвинуте це вміння, тим більший шанс нанести шкоду.",,,,,,,,"Чим краще розвинуте це вміння, тим більший шанс нанести шкоду.",,,,,,,,0xFF01FE,1,"",,,,,,,,"",,,,,,,,0xFF01EC,0,
163,7,0x0,"Стрільба",,,,,,,,"Стрільба",,,,,,,,0xFF01FE,"",,,,,,,,"",,,,,,,,0xFF01FC,126,"",,,,,,,,"",,,,,,,,0xFF01EC,0,
164,11,0x0,"Ковальська справа",,,,,,,,"Ковальська справа",,,,,,,,0xFF01FE,"Чим краще розвинуте це вміння, тим складніші ковальські креслення ви можете використовувати. Креслення можна знайти у вчителів, а також отримати в якості трофеїв або нагороди.",,,,,,,,"Чим краще розвинуте це вміння, тим складніші ковальські креслення ви можете використовувати. Креслення можна знайти у вчителів, а також отримати в якості трофеїв або нагороди.",,,,,,,,0xFF01FE,335,"Викувати",,,,,,,,"Викувати",,,,,,,,0xFF01FE,1,
165,11,0x0,"Шкіряна справа",,,,,,,,"Шкіряна справа",,,,,,,,0xFF01FE,"Чим краще розвинуте це вміння, тим складніші викрійки для шкіри ви можете використовувати. Викрійки можна знайти у вчителів, а також отримати в якості трофеїв або нагороди.",,,,,,,,"Чим краще розвинуте це вміння, тим складніші викрійки для шкіри ви можете використовувати. Викрійки можна знайти у вчителів, а також отримати в якості трофеїв або нагороди.",,,,,,,,0xFF01FE,346,"Витиснути",,,,,,,,"Витиснути",,,,,,,,0xFF01FE,1,
171,11,0x0,"Алхімія",,,,,,,,"Алхімія",,,,,,,,0xFF01FE,"Чим краще розвинуте це вміння, тим складніші рецепти ви можете використовувати. Рецепти можна знайти у вчителів, а також отримати в якості трофеїв або нагороди.",,,,,,,,"Чим краще розвинуте це вміння, тим складніші рецепти ви можете використовувати. Рецепти можна знайти у вчителів, а також отримати в якості трофеїв або нагороди.",,,,,,,,0xFF01FE,339,"Наповнити",,,,,,,,"Наповнити",,,,,,,,0xFF01FE,1,
172,6,0x0,"Дворучні сокири",,,,,,,,"Дворучні сокири",,,,,,,,0xFF01FE,"Чим краще розвинуте це вміння, тим більший шанс нанести шкоду.",,,,,,,,"Чим краще розвинуте це вміння, тим більший шанс нанести шкоду.",,,,,,,,0xFF01FE,1,"",,,,,,,,"",,,,,,,,0xFF01EC,0,
173,6,0x0,"Кинджали",,,,,,,,"Кинджали",,,,,,,,0xFF01FF,"Чим краще розвинуте це вміння, тим більший шанс нанести шкоду.",,,,,,,,"Чим краще розвинуте це вміння, тим більший шанс нанести шкоду.",,,,,,,,0xFF01FE,1,"",,,,,,,,"",,,,,,,,0xFF01EC,0,
176,6,0x0,"Метальна зброя",,,,,,,,"Метальна зброя",,,,,,,,0xFF01FE,"Чим краще розвинуте це вміння, тим більший шанс нанести шкоду.",,,,,,,,"Чим краще розвинуте це вміння, тим більший шанс нанести шкоду.",,,,,,,,0xFF01FE,1,"",,,,,,,,"",,,,,,,,0xFF01EC,0,
182,11,0x0,"Травництво",,,,,,,,"Травництво",,,,,,,,0xFF01FE,"Чим краще розвинуте це вміння, тим більше різних видів рослин ви можете збирати. Якщо вам не вдається зібрати яку-небудь рослину, потренуйтеся на звичайних травах, що ростуть в областях більш низького рівня.",,,,,,,,"Чим краще розвинуте це вміння, тим більше різних видів рослин ви можете збирати. Якщо вам не вдається зібрати яку-небудь рослину, потренуйтеся на звичайних травах, що ростуть в областях більш низького рівня.",,,,,,,,0xFF01FE,345,"",,,,,,,,"",,,,,,,,0xFF01EC,0,
183,12,0x0,"GENERIC (DND)",,,,,,,,"GENERIC (DND)",,,,,,,,0xFF01FE,"",,,,,,,,"",,,,,,,,0xFF01FC,1,"",,,,,,,,"",,,,,,,,0xFF01EC,0,
184,7,0x0,"Відплата",,,,,,,,"Відплата",,,,,,,,0xFF01FE,"",,,,,,,,"",,,,,,,,0xFF01FC,555,"",,,,,,,,"",,,,,,,,0xFF01EC,0,
185,9,0x0,"Кулінарія",,,,,,,,"Кулінарія",,,,,,,,0xFF01FE,"Чим краще розвинуте це вміння, тим складніші кулінарні рецепти ви можете використовувати. Рецепти можна знайти у вчителів, а також отримати в якості трофеїв або нагороди.",,,,,,,,"Чим краще розвинуте це вміння, тим складніші кулінарні рецепти ви можете використовувати. Рецепти можна знайти у вчителів, а також отримати в якості трофеїв або нагороди.",,,,,,,,0xFF01FE,1467,"",,,,,,,,"",,,,,,,,0xFF01EC,1,
186,11,0x0,"Гірнича справа",,,,,,,,"Гірнича справа",,,,,,,,0xFF01FE,"Чим краще розвинуте це вміння, тим складніші поклади ви можете розробляти. Якщо вам не вдається добути випадковою мінерал, потренуйтеся на звичайних месторождениях, доступных в областях більш низького рівня.",,,,,,,,"Чим краще розвинуте це вміння, тим складніші поклади ви можете розробляти. Якщо вам не вдається добути випадковою мінерал, потренуйтеся на звичайних месторождениях, доступных в областях більш низького рівня.",,,,,,,,0xFF01FE,2418,"",,,,,,,,"",,,,,,,,0xFF01EC,0,
188,7,0x0,"Прислужник: чорт",,,,,,,,"Прислужник: чорт",,,,,,,,0xFF01FE,"",,,,,,,,"",,,,,,,,0xFF01FC,1,"",,,,,,,,"",,,,,,,,0xFF01EC,0,
189,7,0x0,"Прислужник: мисливець Скверни",,,,,,,,"Прислужник: мисливець Скверни",,,,,,,,0xFF01FE,"",,,,,,,,"",,,,,,,,0xFF01FC,1,"",,,,,,,,"",,,,,,,,0xFF01EC,0,
197,11,0x0,"Кравецька справа",,,,,,,,"Кравецька справа",,,,,,,,0xFF01FE,"Чим краще розвинуте це вміння, тим складніші викрійки для тканини ви можете використовувати. Викрійки можна знайти у вчителів, а також отримати в якості трофеїв або нагороди.",,,,,,,,"Чим краще розвинуте це вміння, тим складніші викрійки для тканини ви можете використовувати. Викрійки можна знайти у вчителів, а також отримати в якості трофеїв або нагороди.",,,,,,,,0xFF01FE,341,"Вишити",,,,,,,,"Вишити",,,,,,,,0xFF01FE,1,
202,11,0x0,"Інженерна справа",,,,,,,,"Інженерна справа",,,,,,,,0xFF01FE,"Чим краще розвинуте це вміння, тим складніші інженерні чертежи ви можете використовувати. Креслення можна знайти у вчителів, а також отримати в якості трофеїв або нагороди.",,,,,,,,"Чим краще розвинуте це вміння, тим складніші інженерні чертежи ви можете використовувати. Креслення можна знайти у вчителів, а також отримати в якості трофеїв або нагороди.",,,,,,,,0xFF01FE,333,"Підсилити",,,,,,,,"Підсилити",,,,,,,,0xFF01FE,1,
203,7,0x0,"Звір: павук",,,,,,,,"Звір: павук",,,,,,,,0xFF01FE,"",,,,,,,,"",,,,,,,,0xFF01FC,1,"",,,,,,,,"",,,,,,,,0xFF01EC,0,
204,7,0x0,"Прислужник: демон порожнечі",,,,,,,,"Прислужник: демон порожнечі",,,,,,,,0xFF01FE,"",,,,,,,,"",,,,,,,,0xFF01FC,1,"",,,,,,,,"",,,,,,,,0xFF01EC,0,
205,7,0x0,"Прислужник: суккуб",,,,,,,,"Прислужник: суккуб",,,,,,,,0xFF01FE,"",,,,,,,,"",,,,,,,,0xFF01FC,1,"",,,,,,,,"",,,,,,,,0xFF01EC,0,
206,7,0x0,"Прислужник: вогняний голем",,,,,,,,"Прислужник: вогняний голем",,,,,,,,0xFF01FE,"",,,,,,,,"",,,,,,,,0xFF01FC,1,"",,,,,,,,"",,,,,,,,0xFF01EC,0,
207,7,0x0,"Прислужник: Вартовий Жаху",,,,,,,,"Прислужник: Вартовий Жаху",,,,,,,,0xFF01FE,"",,,,,,,,"",,,,,,,,0xFF01FC,1,"",,,,,,,,"",,,,,,,,0xFF01EC,0,
208,7,0x0,"Звір: вовк",,,,,,,,"Звір: вовк",,,,,,,,0xFF01FE,"",,,,,,,,"",,,,,,,,0xFF01FC,1,"",,,,,,,,"",,,,,,,,0xFF01EC,0,
209,7,0x0,"Звір: кішка",,,,,,,,"Звір: кішка",,,,,,,,0xFF01FE,"",,,,,,,,"",,,,,,,,0xFF01FC,1,"",,,,,,,,"",,,,,,,,0xFF01EC,0,
210,7,0x0,"Звір: ведмідь",,,,,,,,"Звір: ведмідь",,,,,,,,0xFF01FE,"",,,,,,,,"",,,,,,,,0xFF01FC,1,"",,,,,,,,"",,,,,,,,0xFF01EC,0,
211,7,0x0,"Звір: кабан",,,,,,,,"Звір: кабан",,,,,,,,0xFF01FE,"",,,,,,,,"",,,,,,,,0xFF01FC,1,"",,,,,,,,"",,,,,,,,0xFF01EC,0,
212,7,0x0,"Звір: кроколіск",,,,,,,,"Звір: кроколіск",,,,,,,,0xFF01FE,"",,,,,,,,"",,,,,,,,0xFF01FC,1,"",,,,,,,,"",,,,,,,,0xFF01EC,0,
213,7,0x0,"Звір: падальщик",,,,,,,,"Звір: падальщик",,,,,,,,0xFF01FE,"",,,,,,,,"",,,,,,,,0xFF01FC,1,"",,,,,,,,"",,,,,,,,0xFF01EC,0,
214,7,0x0,"Звір: краб",,,,,,,,"Звір: краб",,,,,,,,0xFF01FE,"",,,,,,,,"",,,,,,,,0xFF01FC,1,"",,,,,,,,"",,,,,,,,0xFF01EC,0,
215,7,0x0,"Звір: горилла",,,,,,,,"Звір: горилла",,,,,,,,0xFF01FE,"",,,,,,,,"",,,,,,,,0xFF01FC,1,"",,,,,,,,"",,,,,,,,0xFF01EC,0,
217,7,0x0,"Звір: ящер",,,,,,,,"Звір: ящер",,,,,,,,0xFF01FE,"",,,,,,,,"",,,,,,,,0xFF01FC,1,"",,,,,,,,"",,,,,,,,0xFF01EC,0,
218,7,0x0,"Звір: долгоног",,,,,,,,"Звір: долгоног",,,,,,,,0xFF01FE,"",,,,,,,,"",,,,,,,,0xFF01FC,1,"",,,,,,,,"",,,,,,,,0xFF01EC,0,
220,9,0x0,"Расове вміння нежиті",,,,,,,,"Расове вміння нежиті",,,,,,,,0xFF01FE,"",,,,,,,,"",,,,,,,,0xFF01FC,1,"",,,,,,,,"",,,,,,,,0xFF01EC,0,
226,6,0x0,"Арбалети",,,,,,,,"Арбалети",,,,,,,,0xFF01FE,"Чим краще розвинуте це вміння, тим більший шанс нанести шкоду.",,,,,,,,"Чим краще розвинуте це вміння, тим більший шанс нанести шкоду.",,,,,,,,0xFF01FE,1,"",,,,,,,,"",,,,,,,,0xFF01EC,0,
228,6,0x0,"Жезли",,,,,,,,"Жезли",,,,,,,,0xFF01FE,"Чим краще розвинуте це вміння, тим більший шанс нанести шкоду.",,,,,,,,"Чим краще розвинуте це вміння, тим більший шанс нанести шкоду.",,,,,,,,0xFF01FE,1,"",,,,,,,,"",,,,,,,,0xFF01EC,0,
229,6,0x0,"Списи зброя",,,,,,,,"Списи зброя",,,,,,,,0xFF01FE,"Чим краще розвинуте це вміння, тим більший шанс нанести шкоду.",,,,,,,,"Чим краще розвинуте це вміння, тим більший шанс нанести шкоду.",,,,,,,,0xFF01FE,1,"",,,,,,,,"",,,,,,,,0xFF01EC,0,
236,7,0x0,"Звір: скорпид",,,,,,,,"Звір: скорпид",,,,,,,,0xFF01FE,"",,,,,,,,"",,,,,,,,0xFF01FC,1,"",,,,,,,,"",,,,,,,,0xFF01EC,0,
237,7,0x0,"Загадкова магія",,,,,,,,"Загадкова магія",,,,,,,,0xFF01FE,"",,,,,,,,"",,,,,,,,0xFF01FC,125,"",,,,,,,,"",,,,,,,,0xFF01EC,0,
251,7,0x0,"Звір: черепаха",,,,,,,,"Звір: черепаха",,,,,,,,0xFF01FE,"",,,,,,,,"",,,,,,,,0xFF01FC,1,"",,,,,,,,"",,,,,,,,0xFF01EC,0,
253,7,0x0,"Ліквідація",,,,,,,,"Ліквідація",,,,,,,,0xFF01FE,"",,,,,,,,"",,,,,,,,0xFF01FC,514,"",,,,,,,,"",,,,,,,,0xFF01EC,0,
256,7,0x0,"Лють",,,,,,,,"Лють",,,,,,,,0xFF01FE,"",,,,,,,,"",,,,,,,,0xFF01FC,561,"",,,,,,,,"",,,,,,,,0xFF01EC,0,
257,7,0x0,"Захист",,,,,,,,"Захист",,,,,,,,0xFF01FE,"",,,,,,,,"",,,,,,,,0xFF01FC,276,"",,,,,,,,"",,,,,,,,0xFF01EC,0,
267,7,0x0,"Захист",,,,,,,,"Захист",,,,,,,,0xFF01FE,"",,,,,,,,"",,,,,,,,0xFF01FC,291,"",,,,,,,,"",,,,,,,,0xFF01EC,0,
270,7,0x0,"Звір: будь-який",,,,,,,,"Звір: будь-який",,,,,,,,0xFF01FE,"",,,,,,,,"",,,,,,,,0xFF01FC,1,"",,,,,,,,"",,,,,,,,0xFF01EC,0,
293,8,0x0,"Лати",,,,,,,,"Лати",,,,,,,,0xFF01FE,"Можливість носити лати.",,,,,,,,"Можливість носити лати.",,,,,,,,0xFF01FE,1,"",,,,,,,,"",,,,,,,,0xFF01EC,0,
313,10,0x0,"Мова: Гномська",,,,,,,,"Мова: Гномська",,,,,,,,0xFF01FE,"",,,,,,,,"",,,,,,,,0xFF01FC,1,"",,,,,,,,"",,,,,,,,0xFF01EC,0,
315,10,0x0,"Мова: наречие тролів",,,,,,,,"Мова: наречие тролів",,,,,,,,0xFF01FE,"",,,,,,,,"",,,,,,,,0xFF01FC,1,"",,,,,,,,"",,,,,,,,0xFF01EC,0,
333,11,0x0,"Зачарування",,,,,,,,"Зачарування",,,,,,,,0xFF01FE,"Чим краще розвинуте це вміння, тим складніші формули ви можете використовувати. Формули можна знайти у вчителів, а також отримати в якості трофеїв або нагороди.",,,,,,,,"Чим краще розвинуте це вміння, тим складніші формули ви можете використовувати. Формули можна знайти у вчителів, а також отримати в якості трофеїв або нагороди.",,,,,,,,0xFF01FE,578,"Зачарувати",,,,,,,,"Зачарувати",,,,,,,,0xFF01FE,1,
354,7,0x0,"Демонологія",,,,,,,,"Демонологія",,,,,,,,0xFF01FE,"",,,,,,,,"",,,,,,,,0xFF01FC,90,"",,,,,,,,"",,,,,,,,0xFF01EC,0,
355,7,0x0,"Страждання",,,,,,,,"Страждання",,,,,,,,0xFF01FE,"",,,,,,,,"",,,,,,,,0xFF01FC,88,"",,,,,,,,"",,,,,,,,0xFF01EC,0,
356,9,0x0,"Риболовля",,,,,,,,"Риболовля",,,,,,,,0xFF01FE,"Чим краще розвинуте це вміння, тим більший шанс зловити рибу в будь-якій водоймі. Якщо вам не щастить на рибалці, перейдіть в область більш низького рівня або придбайте приманку.",,,,,,,,"Чим краще розвинуте це вміння, тим більший шанс зловити рибу в будь-якій водоймі. Якщо вам не щастить на рибалці, перейдіть в область більш низького рівня або придбайте приманку.",,,,,,,,0xFF01FE,580,"",,,,,,,,"",,,,,,,,0xFF01EC,0,
373,7,0x0,"Вдосконалення",,,,,,,,"Вдосконалення",,,,,,,,0xFF01FE,"",,,,,,,,"",,,,,,,,0xFF01FC,19,"",,,,,,,,"",,,,,,,,0xFF01EC,0,
374,7,0x0,"Зцілення",,,,,,,,"Зцілення",,,,,,,,0xFF01FE,"",,,,,,,,"",,,,,,,,0xFF01FC,13,"",,,,,,,,"",,,,,,,,0xFF01EC,0,
375,7,0x0,"Стихії",,,,,,,,"Стихії",,,,,,,,0xFF01FE,"",,,,,,,,"",,,,,,,,0xFF01FC,62,"",,,,,,,,"",,,,,,,,0xFF01EC,0,
393,11,0x0,"Шкуродерство",,,,,,,,"Шкуродерство",,,,,,,,0xFF01FE,"Чим краще розвинуте це вміння, тим вище рівень монстрів, з яких ви можете знімати шкіру. Якщо значення вміння більше 100, поділіть його на 5 – і ви знатимете максимальний рівень монстра, з якого ви зможете зняти шкіру.",,,,,,,,"Чим краще розвинуте це вміння, тим вище рівень монстрів, з яких ви можете знімати шкіру. Якщо значення вміння більше 100, поділіть його на 5 – і ви знатимете максимальний рівень монстра, з якого ви зможете зняти шкіру.",,,,,,,,0xFF01FE,1,"",,,,,,,,"",,,,,,,,0xFF01EC,0,
413,8,0x0,"Кольчужні обладунки",,,,,,,,"Кольчужні обладунки",,,,,,,,0xFF01FE,"Можливість носити кольчугу.",,,,,,,,"Можливість носити кольчугу.",,,,,,,,0xFF01FE,1,"",,,,,,,,"",,,,,,,,0xFF01EC,0,
414,8,0x0,"Шкіряні обладунки",,,,,,,,"Шкіряні обладунки",,,,,,,,0xFF01FE,"Можливість носити шкіряні обладунки.",,,,,,,,"Можливість носити шкіряні обладунки.",,,,,,,,0xFF01FE,1,"",,,,,,,,"",,,,,,,,0xFF01EC,0,
415,8,0x0,"Тканинні обладунки",,,,,,,,"Тканинні обладунки",,,,,,,,0xFF01FE,"Можливість носити тканинні обладунки.",,,,,,,,"Можливість носити тканинні обладунки.",,,,,,,,0xFF01FE,1,"",,,,,,,,"",,,,,,,,0xFF01EC,0,
433,8,0x0,"Щит",,,,,,,,"Щит",,,,,,,,0xFF01FE,"Можливість носити щит.",,,,,,,,"Можливість носити щит.",,,,,,,,0xFF01FE,1,"",,,,,,,,"",,,,,,,,0xFF01EC,0,
473,6,0x0,"Кулачна зброя",,,,,,,,"Кулачна зброя",,,,,,,,0xFF01FE,"Можливість застосовувати кастети, кігті та іншу кулачну зброю. Шанс нанести шкоду залежить від вміння ""Рукопашний бій"".",,,,,,,,"Можливість застосовувати кастети, кігті та іншу кулачну зброю. Шанс нанести шкоду залежить від вміння ""Рукопашний бій"".",,,,,,,,0xFF01FE,1,"",,,,,,,,"",,,,,,,,0xFF01EC,0,
533,9,0x0,"Їзда на рапторах",,,,,,,,"Їзда на рапторах",,,,,,,,0xFF01FE,"",,,,,,,,"",,,,,,,,0xFF01FC,1,"",,,,,,,,"",,,,,,,,0xFF01EC,0,
553,9,0x0,"Вождение механострауса",,,,,,,,"Вождение механострауса",,,,,,,,0xFF01FE,"",,,,,,,,"",,,,,,,,0xFF01FC,1,"",,,,,,,,"",,,,,,,,0xFF01EC,0,
554,9,0x0,"Верхова їзда нежиті",,,,,,,,"Верхова їзда нежиті",,,,,,,,0xFF01FE,"",,,,,,,,"",,,,,,,,0xFF01FC,1,"",,,,,,,,"",,,,,,,,0xFF01EC,0,
573,7,0x0,"Зцілення",,,,,,,,"Зцілення",,,,,,,,0xFF01FE,"",,,,,,,,"",,,,,,,,0xFF01FC,962,"",,,,,,,,"",,,,,,,,0xFF01EC,0,
574,7,0x0,"Баланс",,,,,,,,"Баланс",,,,,,,,0xFF01FE,"",,,,,,,,"",,,,,,,,0xFF01FC,225,"",,,,,,,,"",,,,,,,,0xFF01EC,0,
593,7,0x0,"Руйнування",,,,,,,,"Руйнування",,,,,,,,0xFF01FE,"",,,,,,,,"",,,,,,,,0xFF01FC,547,"",,,,,,,,"",,,,,,,,0xFF01EC,0,
594,7,0x0,"Світло",,,,,,,,"Світло",,,,,,,,0xFF01FE,"",,,,,,,,"",,,,,,,,0xFF01FC,70,"",,,,,,,,"",,,,,,,,0xFF01EC,0,
613,7,0x0,"Духовенство",,,,,,,,"Духовенство",,,,,,,,0xFF01FE,"",,,,,,,,"",,,,,,,,0xFF01FC,685,"",,,,,,,,"",,,,,,,,0xFF01EC,0,
633,7,0x0,"Взлом",,,,,,,,"Взлом",,,,,,,,0xFF01FE,"",,,,,,,,"",,,,,,,,0xFF01FC,1,"",,,,,,,,"",,,,,,,,0xFF01EC,0,
653,7,0x0,"Звір: летучая миша",,,,,,,,"Звір: летучая миша",,,,,,,,0xFF01FE,"",,,,,,,,"",,,,,,,,0xFF01FC,1,"",,,,,,,,"",,,,,,,,0xFF01EC,0,
654,7,0x0,"Звір: гієна",,,,,,,,"Звір: гієна",,,,,,,,0xFF01FE,"",,,,,,,,"",,,,,,,,0xFF01FC,1,"",,,,,,,,"",,,,,,,,0xFF01EC,0,
655,7,0x0,"Звір - сова",,,,,,,,"Звір - сова",,,,,,,,0xFF01FE,"",,,,,,,,"",,,,,,,,0xFF01FC,1,"",,,,,,,,"",,,,,,,,0xFF01EC,0,
656,7,0x0,"Звір: крилатий змій",,,,,,,,"Звір: крилатий змій",,,,,,,,0xFF01FE,"",,,,,,,,"",,,,,,,,0xFF01FC,1,"",,,,,,,,"",,,,,,,,0xFF01EC,0,
673,10,0x0,"Мова: Мова глухонімих",,,,,,,,"Мова: Мова глухонімих",,,,,,,,0xFF01FE,"",,,,,,,,"",,,,,,,,0xFF01FC,1,"",,,,,,,,"",,,,,,,,0xFF01EC,0,
713,9,0x0,"Їзда на кодо",,,,,,,,"Їзда на кодо",,,,,,,,0xFF01FE,"",,,,,,,,"",,,,,,,,0xFF01FC,317,"",,,,,,,,"",,,,,,,,0xFF01EC,0,
733,9,0x0,"Расове вміння тролів",,,,,,,,"Расове вміння тролів",,,,,,,,0xFF01FE,"",,,,,,,,"",,,,,,,,0xFF01FC,0,"",,,,,,,,"",,,,,,,,0xFF01EC,0,
753,9,0x0,"Расове вміння гномів",,,,,,,,"Расове вміння гномів",,,,,,,,0xFF01FE,"",,,,,,,,"",,,,,,,,0xFF01FC,0,"",,,,,,,,"",,,,,,,,0xFF01EC,0,
754,9,0x0,"Расова: люди",,,,,,,,"Расова: люди",,,,,,,,0xFF01FE,"",,,,,,,,"",,,,,,,,0xFF01FC,0,"",,,,,,,,"",,,,,,,,0xFF01EC,0,
755,11,0x0,"Ювелірна справа",,,,,,,,"Ювелірна справа",,,,,,,,0xFF01FE,"Чим краще розвинуте це вміння, тим складніші ескізи ви можете використовувати. Ескізи можна знайти у вчителів, а також отримати в якості трофеїв або нагороди.",,,,,,,,"Чим краще розвинуте це вміння, тим складніші ескізи ви можете використовувати. Ескізи можна знайти у вчителів, а також отримати в якості трофеїв або нагороди.",,,,,,,,0xFF01FE,1768,"Змінити",,,,,,,,"Змінити",,,,,,,,0xFF01FE,1,
756,9,0x0,"Расове вміння ельфів крові",,,,,,,,"Расове вміння ельфів крові",,,,,,,,0xFF01FE,"",,,,,,,,"",,,,,,,,0xFF01EC,0,"",,,,,,,,"",,,,,,,,0xFF01EC,0,
758,-1,0x0,"Звір - керування",,,,,,,,"Звір - керування",,,,,,,,0xFF01FE,"",,,,,,,,"",,,,,,,,0xFF01EC,0,"",,,,,,,,"",,,,,,,,0xFF01EC,0,
759,10,0x0,"Мова: Дренейська",,,,,,,,"Мова: Дренейська",,,,,,,,0xFF01FE,"",,,,,,,,"",,,,,,,,0xFF01EC,0,"",,,,,,,,"",,,,,,,,0xFF01EC,0,
760,9,0x0,"Расове вміння дренея",,,,,,,,"Расове вміння дренея",,,,,,,,0xFF01FE,"",,,,,,,,"",,,,,,,,0xFF01EC,0,"",,,,,,,,"",,,,,,,,0xFF01EC,0,
761,7,0x0,"Прислужник: вартовий Скверни",,,,,,,,"Прислужник: вартовий Скверни",,,,,,,,0xFF01FE,"",,,,,,,,"",,,,,,,,0xFF01EC,0,"",,,,,,,,"",,,,,,,,0xFF01EC,0,
762,9,0x0,"Верхова їзда",,,,,,,,"Верхова їзда",,,,,,,,0xFF01FE,"Чим краще розвинуте це вміння, тим вище швидкість верхової їзди і більше вибір ездовых тварин.",,,,,,,,"Чим краще розвинуте це вміння, тим вище швидкість верхової їзди і більше вибір ездовых тварин.",,,,,,,,0xFF01FE,255,"",,,,,,,,"",,,,,,,,0xFF01EC,0,
763,7,0x0,"Звір: дракондор",,,,,,,,"Звір: дракондор",,,,,,,,0xFF01FE,"",,,,,,,,"",,,,,,,,0xFF01EC,1530,"",,,,,,,,"",,,,,,,,0xFF01EC,0,
764,7,0x0,"Звір: скат Порожнечі",,,,,,,,"Звір: скат Порожнечі",,,,,,,,0xFF01FE,"",,,,,,,,"",,,,,,,,0xFF01EC,1577,"",,,,,,,,"",,,,,,,,0xFF01EC,0,
765,7,0x0,"Звір: Спороскат",,,,,,,,"Звір: Спороскат",,,,,,,,0xFF01FE,"",,,,,,,,"",,,,,,,,0xFF01EC,2033,"",,,,,,,,"",,,,,,,,0xFF01EC,0,
766,7,0x0,"Звір: астральна ігуана",,,,,,,,"Звір: астральна ігуана",,,,,,,,0xFF01FE,"",,,,,,,,"",,,,,,,,0xFF01EC,1952,"",,,,,,,,"",,,,,,,,0xFF01EC,0,
767,7,0x0,"Звір: опустошитель",,,,,,,,"Звір: опустошитель",,,,,,,,0xFF01FE,"",,,,,,,,"",,,,,,,,0xFF01EC,1585,"",,,,,,,,"",,,,,,,,0xFF01EC,0,
768,7,0x0,"Звір: змій",,,,,,,,"Звір: змій",,,,,,,,0xFF01FE,"",,,,,,,,"",,,,,,,,0xFF01EC,2167,"",,,,,,,,"",,,,,,,,0xFF01EC,0,
769,7,0x16,"Внутрішній",,,,,,,,"Внутрішній",,,,,,,,0xFF01FE,"",,,,,,,,"",,,,,,,,0xFF01EC,1775,"",,,,,,,,"",,,,,,,,0xFF01EC,0,
770,7,0x0,"Кров",,,,,,,,"Кров",,,,,,,,0xFF01FE,"",,,,,,,,"",,,,,,,,0xFF01EC,2636,"",,,,,,,,"",,,,,,,,0xFF01EC,0,
771,7,0x0,"Мороз",,,,,,,,"Мороз",,,,,,,,0xFF01FE,"",,,,,,,,"",,,,,,,,0xFF01EC,2632,"",,,,,,,,"",,,,,,,,0xFF01EC,0,
772,7,0x0,"Нечестивість",,,,,,,,"Нечестивість",,,,,,,,0xFF01FE,"",,,,,,,,"",,,,,,,,0xFF01EC,2633,"",,,,,,,,"",,,,,,,,0xFF01EC,0,
773,11,0x0,"Креслення",,,,,,,,"Креслення",,,,,,,,0xFF01FE,"Вдосконалення вміння дозволяє вивчати складніші способи креслення. Вчителів креслення можна знайти по всьому світу.",,,,,,,,"Вдосконалення вміння дозволяє вивчати складніші способи креслення. Вчителів креслення можна знайти по всьому світу.",,,,,,,,0xFF01FE,3267,"Накреслити",,,,,,,,"Накреслити",,,,,,,,0xFF01FE,1,
775,7,0x0,"Звір - метелик",,,,,,,,"Звір - метелик",,,,,,,,0xFF01FE,"",,,,,,,,"",,,,,,,,0xFF01EC,0,"",,,,,,,,"",,,,,,,,0xFF01EC,0,
776,7,0x0,"Ковка рун",,,,,,,,"Ковка рун",,,,,,,,0xFF01FE,"",,,,,,,,"",,,,,,,,0xFF01EC,2727,"Гравірувати",,,,,,,,"Гравірувати",,,,,,,,0xFF01FE,0,
777,7,0x0,"Засоби переміщення",,,,,,,,"Засоби переміщення",,,,,,,,0xFF01FE,"Ваші засоби переміщення",,,,,,,,"Ваші засоби переміщення",,,,,,,,0xFF01FE,2224,"",,,,,,,,"",,,,,,,,0xFF01EC,0,
778,7,0x0,"Супутники",,,,,,,,"Супутники",,,,,,,,0xFF01FE,"Ваші спутники",,,,,,,,"Ваші спутники",,,,,,,,0xFF01FE,0,"",,,,,,,,"",,,,,,,,0xFF01EC,0,
780,7,0x0,"Звір - рідкісна химера",,,,,,,,"Звір - рідкісна химера",,,,,,,,0xFF01FE,"",,,,,,,,"",,,,,,,,0xFF01EC,0,"",,,,,,,,"",,,,,,,,0xFF01EC,0,
781,7,0x0,"Звір - рідкісний дьявозавр",,,,,,,,"Звір - рідкісний дьявозавр",,,,,,,,0xFF01FE,"",,,,,,,,"",,,,,,,,0xFF01EC,0,"",,,,,,,,"",,,,,,,,0xFF01EC,0,
782,7,0x0,"Звір - вурдалак",,,,,,,,"Звір - вурдалак",,,,,,,,0xFF01FE,"",,,,,,,,"",,,,,,,,0xFF01EC,221,"",,,,,,,,"",,,,,,,,0xFF01EC,0,
783,7,0x0,"Звір - рідкісний силитид",,,,,,,,"Звір - рідкісний силитид",,,,,,,,0xFF01FE,"",,,,,,,,"",,,,,,,,0xFF01EC,0,"",,,,,,,,"",,,,,,,,0xFF01EC,0,
784,7,0x0,"Звір - рідкісний хробак",,,,,,,,"Звір - рідкісний хробак",,,,,,,,0xFF01FE,"",,,,,,,,"",,,,,,,,0xFF01EC,0,"",,,,,,,,"",,,,,,,,0xFF01EC,0,
785,7,0x0,"Звір - оса",,,,,,,,"Звір - оса",,,,,,,,0xFF01FE,"",,,,,,,,"",,,,,,,,0xFF01EC,0,"",,,,,,,,"",,,,,,,,0xFF01EC,0,
786,7,0x0,"Звір - рідкісний люторог",,,,,,,,"Звір - рідкісний люторог",,,,,,,,0xFF01FE,"",,,,,,,,"",,,,,,,,0xFF01EC,0,"",,,,,,,,"",,,,,,,,0xFF01EC,0,
787,7,0x0,"Звір: екзотична гончая Надр",,,,,,,,"Звір: екзотична гончая Надр",,,,,,,,0xFF01FE,"",,,,,,,,"",,,,,,,,0xFF01EC,0,"",,,,,,,,"",,,,,,,,0xFF01EC,0,
788,5,0x0,"Звір: екзотичний зверек",,,,,,,,"Звір: екзотичний зверек",,,,,,,,0xFF01FE,"",,,,,,,,"",,,,,,,,0xFF01EC,0,"",,,,,,,,"",,,,,,,,0xFF01EC,0,
