long,long,long,flags,str,str,None,None,None,None,None,None,None,str,None,None,None,None,None,None,None,flags,str,None,None,None,None,None,None,None,str,None,None,None,None,None,None,None,flags,long,long,str,None,None,None,None,None,None,None,None,str,None,None,None,None,None,None,None,flags,str,long,long,None,
220,0,0,0x40,"Interface\WorldStateFrame\DreadLordIcon","Ворог захопив Підмісто!",,,,,,,,"Ворог захопив Підмісто!",,,,,,,,0xFF01FE,"Варіматас і верховный аптекар Гнилесс захопили Підмісто!",,,,,,,,"Варіматас і верховный аптекар Гнилесс захопили Підмісто!",,,,,,,,0xFF01FE,3878,0,"",,,,,,,,,"",,,,,,,,0xFF01FC,"",0,0,,
233,0,0,0x80,"Interface\WorldStateFrame\SkullBones","Ворог захопив Підмісто!",,,,,,,,"Ворог захопив Підмісто!",,,,,,,,0xFF01FE,"Верховний аптекар Гнилесс і Варіматас захопили Підмісто!",,,,,,,,"Верховний аптекар Гнилесс і Варіматас захопили Підмісто!",,,,,,,,0xFF01FE,3963,0,"",,,,,,,,,"",,,,,,,,0xFF01FC,"",0,0,,
260,0,0,0x100,"Interface\TargetingFrame\UI-PVP-Alliance","Проводится операція ""Гномреган""",,,,,,,,"Проводится операція ""Гномреган""",,,,,,,,0xFF01FE,"Проводится операція ""Гномреган""",,,,,,,,"Проводится операція ""Гномреган""",,,,,,,,0xFF01FE,4981,0,"",,,,,,,,,"",,,,,,,,0xFF01FC,"",0,0,,
264,0,0,0x100,"Interface\TargetingFrame\UI-PVP-Alliance","Гноми взяли під контроль аеродром!",,,,,,,,"Гноми взяли під контроль аеродром!",,,,,,,,0xFF01FE,"Гноми взяли під контроль аеродром!",,,,,,,,"Гноми взяли під контроль аеродром!",,,,,,,,0xFF01FE,5044,0,"",,,,,,,,,"",,,,,,,,0xFF01FC,"",0,0,,
266,0,0,0x100,"Interface\TargetingFrame\UI-PVP-Alliance","Гноми взяли під контроль аеродром і командний пост.",,,,,,,,"Гноми взяли під контроль аеродром і командний пост.",,,,,,,,0xFF01FE,"Командний пост і аеродром тепер під контролем.",,,,,,,,"Командний пост і аеродром тепер під контролем.",,,,,,,,0xFF01FE,5043,0,"",,,,,,,,,"",,,,,,,,0xFF01FC,"",0,0,,
268,0,0,0x100,"Interface\TargetingFrame\UI-PVP-Alliance","Гноми контролюють наземну поверхню Гномергану!",,,,,,,,"Гноми контролюють наземну поверхню Гномергану!",,,,,,,,0xFF01FE,"Вхід в Гномреган, командний пост і аеродром тепер під контролем.",,,,,,,,"Вхід в Гномреган, командний пост і аеродром тепер під контролем.",,,,,,,,0xFF01FE,5045,0,"",,,,,,,,,"",,,,,,,,0xFF01FC,"",0,0,,
270,0,0,0x100,"Interface\TargetingFrame\UI-PVP-Alliance","Тунелі Гномергану безпечні.",,,,,,,,"Тунелі Гномергану безпечні.",,,,,,,,0xFF01FE,"Тунелі Гномергану безпечні.",,,,,,,,"Тунелі Гномергану безпечні.",,,,,,,,0xFF01FE,5011,0,"",,,,,,,,,"",,,,,,,,0xFF01FC,"",0,0,,
262,0,0,0x100,"Interface\WorldStateFrame\CombatSwords","Допоможіть силам Гномергану в районі інженерних майстернь.",,,,,,,,"Допоможіть силам Гномергану в районі інженерних майстернь.",,,,,,,,0xFF01FE,"Допоможіть силам Гномергану в районі інженерних майстернь.",,,,,,,,"Допоможіть силам Гномергану в районі інженерних майстернь.",,,,,,,,0xFF01FE,5018,0,"",,,,,,,,,"",,,,,,,,0xFF01FC,"",0,0,,
263,0,0,0x100,"Interface\WorldStateFrame\CombatSwords","Аеродром під атакою!",,,,,,,,"Аеродром під атакою!",,,,,,,,0xFF01FE,"Допоможіть силам Гномергану на аэродроме!",,,,,,,,"Допоможіть силам Гномергану на аэродроме!",,,,,,,,0xFF01FE,5039,0,"",,,,,,,,,"",,,,,,,,0xFF01FC,"",0,0,,
267,0,0,0x100,"Interface\WorldStateFrame\CombatSwords","На вході в Гномреган йде битва!",,,,,,,,"На вході в Гномреган йде битва!",,,,,,,,0xFF01FE,"Допоможіть силам Гномергану у входу в місто!",,,,,,,,"Допоможіть силам Гномергану у входу в місто!",,,,,,,,0xFF01FE,5019,0,"Interface\WorldStateFrame\CombatSwords",,,,,,,,,"",,,,,,,,0xFF01FC,"",0,0,,
269,0,0,0x100,"Interface\WorldStateFrame\CombatSwords","Битва йде в тунелях Гномергану!",,,,,,,,"Битва йде в тунелях Гномергану!",,,,,,,,0xFF01FE,"Допоможіть атакуючим силам в тунелях Гномергану!",,,,,,,,"Допоможіть атакуючим силам в тунелях Гномергану!",,,,,,,,0xFF01FE,5021,0,"Interface\WorldStateFrame\CombatSwords",,,,,,,,,"",,,,,,,,0xFF01FC,"",0,0,,
261,0,0,0x100,"","Ракетометів знищено: %5027w/4",,,,,,,,"Ракетометів знищено: %5027w/4",,,,,,,,0xFF01FE,"",,,,,,,,"",,,,,,,,0xFF01FC,5040,0,"",,,,,,,,,"",,,,,,,,0xFF01FC,"",0,0,,
265,0,0,0x100,"","Протитанкових гармат знищено: %5006w/6",,,,,,,,"Протитанкових гармат знищено: %5006w/6",,,,,,,,0xFF01FE,"Допоможіть силам Гномергану в районі інженерних майстернь.",,,,,,,,"Допоможіть силам Гномергану в районі інженерних майстернь.",,,,,,,,0xFF01FE,5018,0,"",,,,,,,,,"",,,,,,,,0xFF01FC,"",0,0,,
217,0,0,0x40,"","Битва за Підмісто почалась!",,,,,,,,"Битва за Підмісто почалась!",,,,,,,,0xFF01FE,"Битва за Підмісто почалась!",,,,,,,,"Битва за Підмісто почалась!",,,,,,,,0xFF01FE,3875,1,"",,,,,,,,,"",,,,,,,,0xFF01FC,"",0,0,,
218,0,0,0x40,"","%3877w хв. до початку бою за Підмісто!",,,,,,,,"%3877w хв. до початку бою за Підмісто!",,,,,,,,0xFF01FE,"Час, що залишився до початку бою за Підмісто.",,,,,,,,"Час, що залишився до початку бою за Підмісто.",,,,,,,,0xFF01FE,3876,1,"",,,,,,,,,"",,,,,,,,0xFF01FC,"",0,0,,
221,0,0,0x40,"Interface\WorldStateFrame\CombatSwords","Орда веде бій за внутрішній двір!",,,,,,,,"Орда веде бій за внутрішній двір!",,,,,,,,0xFF01FE,"Підтримайте воїнів Орди во внутреннем дворі!",,,,,,,,"Підтримайте воїнів Орди во внутреннем дворі!",,,,,,,,0xFF01FE,3885,1,"Interface\WorldStateFrame\CombatSwords",,,,,,,,,"",,,,,,,,0xFF01FC,"",0,0,,
222,0,0,0x40,"Interface\TargetingFrame\UI-PVP-Horde","Внутрішній двір під контролем Орди!",,,,,,,,"Внутрішній двір під контролем Орди!",,,,,,,,0xFF01FE,"Область захищена.",,,,,,,,"Область захищена.",,,,,,,,0xFF01FE,3886,1,"",,,,,,,,,"",,,,,,,,0xFF01FC,"",0,0,,
223,0,0,0x40,"Interface\WorldStateFrame\CombatSwords","Орда веде бій за центр міста!",,,,,,,,"Орда веде бій за центр міста!",,,,,,,,0xFF01FE,"Підтримайте воїнів Орди в Торговому квартале і в Каналах!",,,,,,,,"Підтримайте воїнів Орди в Торговому квартале і в Каналах!",,,,,,,,0xFF01FE,3887,1,"Interface\WorldStateFrame\CombatSwords",,,,,,,,,"",,,,,,,,0xFF01FC,"",0,0,,
224,0,0,0x40,"Interface\TargetingFrame\UI-PVP-Horde","Центр міста під контролем Орди!",,,,,,,,"Центр міста під контролем Орди!",,,,,,,,0xFF01FE,"Область захищена.",,,,,,,,"Область захищена.",,,,,,,,0xFF01FE,3888,1,"",,,,,,,,,"",,,,,,,,0xFF01FC,"",0,0,,
225,0,0,0x40,"Interface\WorldStateFrame\CombatSwords","Орда веде бій за Район Фармацевтів!",,,,,,,,"Орда веде бій за Район Фармацевтів!",,,,,,,,0xFF01FE,"Підтримайте воїнів Орди в Районі Фармацевтів!",,,,,,,,"Підтримайте воїнів Орди в Районі Фармацевтів!",,,,,,,,0xFF01FE,3891,1,"Interface\WorldStateFrame\CombatSwords",,,,,,,,,"",,,,,,,,0xFF01FC,"",0,0,,
226,0,0,0x40,"Interface\TargetingFrame\UI-PVP-Horde","Район Фармацевтів під контролем Орди!",,,,,,,,"Район Фармацевтів під контролем Орди!",,,,,,,,0xFF01FE,"Область захищена.",,,,,,,,"Область захищена.",,,,,,,,0xFF01FE,3892,1,"",,,,,,,,,"",,,,,,,,0xFF01FC,"",0,0,,
227,0,0,0x40,"Interface\WorldStateFrame\CombatSwords","Орда веде бій за Королівський квартал!",,,,,,,,"Орда веде бій за Королівський квартал!",,,,,,,,0xFF01FE,"Підтримайте воїнів Орди в Королівському кварталі!",,,,,,,,"Підтримайте воїнів Орди в Королівському кварталі!",,,,,,,,0xFF01FE,3889,1,"Interface\WorldStateFrame\CombatSwords",,,,,,,,,"",,,,,,,,0xFF01FC,"",0,0,,
228,0,0,0x40,"Interface\TargetingFrame\UI-PVP-Horde","Королівський квартал під контролем Орди! Варіматас переможений!",,,,,,,,"Королівський квартал під контролем Орди! Варіматас переможений!",,,,,,,,0xFF01FE,"Орда захистила Підмісто!",,,,,,,,"Орда захистила Підмісто!",,,,,,,,0xFF01FE,3890,1,"",,,,,,,,,"",,,,,,,,0xFF01FC,"",0,0,,
229,0,0,0x40,"","%3893w хв. до оновлення події.",,,,,,,,"%3893w хв. до оновлення події.",,,,,,,,0xFF01FE,"",,,,,,,,"",,,,,,,,0xFF01FC,3894,1,"",,,,,,,,,"",,,,,,,,0xFF01FC,"",0,0,,
234,0,0,0x80,"Interface\WorldStateFrame\CombatSwords","Альянс проривається через Стоки Підміста!",,,,,,,,"Альянс проривається через Стоки Підміста!",,,,,,,,0xFF01FE,"Підтримайте війська Альянсу в Стоках Підміста!",,,,,,,,"Підтримайте війська Альянсу в Стоках Підміста!",,,,,,,,0xFF01FE,3962,1,"Interface\WorldStateFrame\CombatSwords",,,,,,,,,"",,,,,,,,0xFF01FC,"",0,0,,
235,0,0,0x80,"Interface\TargetingFrame\UI-PVP-Alliance","Альянс закріпився в Стоках!",,,,,,,,"Альянс закріпився в Стоках!",,,,,,,,0xFF01FE,"Тепер в Каналізації безпечно.",,,,,,,,"Тепер в Каналізації безпечно.",,,,,,,,0xFF01FE,3964,1,"",,,,,,,,,"",,,,,,,,0xFF01FC,"",0,0,,
236,0,0,0x80,"","%3957w хв. до початку походу!",,,,,,,,"%3957w хв. до початку походу!",,,,,,,,0xFF01FE,"Залишилось до початку наступу проти верховного аптекаря Гнилесса!",,,,,,,,"Залишилось до початку наступу проти верховного аптекаря Гнилесса!",,,,,,,,0xFF01FE,3958,1,"",,,,,,,,,"",,,,,,,,0xFF01FC,"",0,0,,
237,0,0,0x80,"","Наступ почався!",,,,,,,,"Наступ почався!",,,,,,,,0xFF01FE,"Наступ почався!",,,,,,,,"Наступ почався!",,,,,,,,0xFF01FE,3966,1,"",,,,,,,,,"",,,,,,,,0xFF01FC,"",0,0,,
238,0,0,0x80,"Interface\WorldStateFrame\CombatSwords","Альянс проривається через Район Фармацевтів!",,,,,,,,"Альянс проривається через Район Фармацевтів!",,,,,,,,0xFF01FE,"Підтримайте сили Альянсу в Районі Фармацевтів!",,,,,,,,"Підтримайте сили Альянсу в Районі Фармацевтів!",,,,,,,,0xFF01FE,3972,1,"Interface\WorldStateFrame\CombatSwords",,,,,,,,,"",,,,,,,,0xFF01FC,"",0,0,,
239,0,0,0x80,"Interface\TargetingFrame\UI-PVP-Alliance","Альянс захопив Район Фармацевтів!",,,,,,,,"Альянс захопив Район Фармацевтів!",,,,,,,,0xFF01FE,"Тепер в Районі Фармацевтів безпечно. Гнилесс убит.",,,,,,,,"Тепер в Районі Фармацевтів безпечно. Гнилесс убит.",,,,,,,,0xFF01FE,3971,1,"",,,,,,,,,"",,,,,,,,0xFF01FC,"",0,0,,
271,0,0,0x100,"Interface\TargetingFrame\UI-PVP-Alliance","До початку операції ""Гномреган"" %5037w |4хвилина:хвилини:хвилин;!",,,,,,,,"До початку операції ""Гномреган"" %5037w |4хвилина:хвилини:хвилин;!",,,,,,,,0xFF01FE,"Час початку операції ""Гномреган""",,,,,,,,"Час початку операції ""Гномреган""",,,,,,,,0xFF01FE,5038,1,"",,,,,,,,,"",,,,,,,,0xFF01FC,"",0,0,,
136,0,139,0x0,"Interface\WorldStateFrame\AllianceTower","Під контролем: %2327w",,,,,,,,"Під контролем: %2327w",,,,,,,,0xFF01FE,"Вежі під контролем Альянсу",,,,,,,,"Вежі під контролем Альянсу",,,,,,,,0xFF01FE,0,1,"",,,,,,,,,"",,,,,,,,0xFF01FC,"",0,0,,
137,0,139,0x0,"Interface\WorldStateFrame\HordeTower","Під контролем: %2328w",,,,,,,,"Під контролем: %2328w",,,,,,,,0xFF01FE,"Вежі під контролем Орди",,,,,,,,"Вежі під контролем Орди",,,,,,,,0xFF01FE,0,1,"",,,,,,,,,"",,,,,,,,0xFF01FC,"",0,0,,
138,0,139,0x0,"","Стан: %2427w",,,,,,,,"Стан: %2427w",,,,,,,,0xFF01FE,"",,,,,,,,"",,,,,,,,0xFF01FC,2426,1,"",,,,,,,,,"",,,,,,,,0xFF01FC,"CAPTUREPOINT",2427,2428,,
274,1,0,0x100,"Interface\TargetingFrame\UI-PVP-Horde","Чорний Спис готовий битися за Острови Еха.",,,,,,,,"Чорний Спис готовий битися за Острови Еха.",,,,,,,,0xFF01FE,"Чорний Спис готовий битися за Острови Еха.",,,,,,,,"Чорний Спис готовий битися за Острови Еха.",,,,,,,,0xFF01FE,5052,0,"",,,,,,,,,"",,,,,,,,0xFF01FC,"",0,0,,
277,1,0,0x100,"Interface\TargetingFrame\UI-PVP-Horde","Бвонсамді бореться на стороні тролів!",,,,,,,,"Бвонсамді бореться на стороні тролів!",,,,,,,,0xFF01FE,"Бвонсамді бореться на стороні тролів!",,,,,,,,"Бвонсамді бореться на стороні тролів!",,,,,,,,0xFF01FE,5100,0,"",,,,,,,,,"",,,,,,,,0xFF01FC,"",0,0,,
279,1,0,0x100,"Interface\TargetingFrame\UI-PVP-Horde","Спалене село було відвойовано!",,,,,,,,"Спалене село було відвойовано!",,,,,,,,0xFF01FE,"Тролли отвоевали спалене село у своїх заколдованных сородичей.",,,,,,,,"Тролли отвоевали спалене село у своїх заколдованных сородичей.",,,,,,,,0xFF01FE,5101,0,"",,,,,,,,,"",,,,,,,,0xFF01FC,"",0,0,,
281,1,0,0x100,"Interface\TargetingFrame\UI-PVP-Horde","Залазан втік на інший острів!",,,,,,,,"Залазан втік на інший острів!",,,,,,,,0xFF01FE,"Войска тролів заставили Залазана бігти на інший острів.",,,,,,,,"Войска тролів заставили Залазана бігти на інший острів.",,,,,,,,0xFF01FE,5102,0,"",,,,,,,,,"",,,,,,,,0xFF01FC,"",0,0,,
283,1,0,0x100,"Interface\TargetingFrame\UI-PVP-Horde","Залазан переможений!",,,,,,,,"Залазан переможений!",,,,,,,,0xFF01FE,"Залазан переможений!",,,,,,,,"Залазан переможений!",,,,,,,,0xFF01FE,5061,0,"",,,,,,,,,"",,,,,,,,0xFF01FC,"",0,0,,
276,1,0,0x100,"Interface\WorldStateFrame\CombatSwords","Попросіть в Бвонсамді допомоги",,,,,,,,"Попросіть в Бвонсамді допомоги",,,,,,,,0xFF01FE,"Переконайте Бвонсамді допомогти тролям",,,,,,,,"Переконайте Бвонсамді допомогти тролям",,,,,,,,0xFF01FE,5099,0,"",,,,,,,,,"",,,,,,,,0xFF01FC,"",0,0,,
278,1,0,0x100,"Interface\WorldStateFrame\CombatSwords","Допоможіть тролям повернути спалене село.",,,,,,,,"Допоможіть тролям повернути спалене село.",,,,,,,,0xFF01FE,"Допоможіть тролям повернути спалене село.",,,,,,,,"Допоможіть тролям повернути спалене село.",,,,,,,,0xFF01FE,5056,0,"",,,,,,,,,"",,,,,,,,0xFF01FC,"",0,0,,
280,1,0,0x100,"Interface\WorldStateFrame\CombatSwords","Войска Вол'джина сражаются з Залазаном.",,,,,,,,"Войска Вол'джина сражаются з Залазаном.",,,,,,,,0xFF01FE,"Войска Вол'джина сражаются з Залазаном і заколдованными троллями.",,,,,,,,"Войска Вол'джина сражаются з Залазаном і заколдованными троллями.",,,,,,,,0xFF01FE,5090,0,"Interface\WorldStateFrame\CombatSwords",,,,,,,,,"",,,,,,,,0xFF01FC,"",0,0,,
282,1,0,0x100,"Interface\WorldStateFrame\CombatSwords","Йде битва з Залазаном",,,,,,,,"Йде битва з Залазаном",,,,,,,,0xFF01FE,"Йде битва з Залазаном",,,,,,,,"Йде битва з Залазаном",,,,,,,,0xFF01FE,5060,0,"Interface\WorldStateFrame\CombatSwords",,,,,,,,,"",,,,,,,,0xFF01FC,"",0,0,,
275,1,0,0x100,"Interface\TargetingFrame\UI-PVP-Horde","Битва за Острови Еха почнеться через %5071w |4хвилину:хвилини:хвилин",,,,,,,,"Битва за Острови Еха почнеться через %5071w |4хвилину:хвилини:хвилин",,,,,,,,0xFF01FE,"Час початку бою за Острови Еха",,,,,,,,"Час початку бою за Острови Еха",,,,,,,,0xFF01FE,5070,1,"",,,,,,,,,"",,,,,,,,0xFF01FC,"",0,0,,
178,1,513,0x0,"","Залишилось лучників: %3082w / 12",,,,,,,,"Залишилось лучників: %3082w / 12",,,,,,,,0xFF01FE,"Кількість захисників Терамора, що залишились в живих.",,,,,,,,"Кількість захисників Терамора, що залишились в живих.",,,,,,,,0xFF01FE,3083,0,"",,,,,,,,,"",,,,,,,,0xFF01FC,"",0,0,,
126,1,1377,0x0,"Interface\TargetingFrame\UI-PVP-Alliance","%2313w/%2317w",,,,,,,,"%2313w/%2317w",,,,,,,,0xFF01FE,"Сілітист, зібраний Альянсом",,,,,,,,"Сілітист, зібраний Альянсом",,,,,,,,0xFF01FE,0,0,"",,,,,,,,,"",,,,,,,,0xFF01FC,"",0,0,,
127,1,1377,0x0,"Interface\TargetingFrame\UI-PVP-Horde","%2314w/%2317w",,,,,,,,"%2314w/%2317w",,,,,,,,0xFF01FE,"Сілітист, зібраний Ордою",,,,,,,,"Сілітист, зібраний Ордою",,,,,,,,0xFF01FE,0,0,"",,,,,,,,,"",,,,,,,,0xFF01FC,"",0,0,,
180,30,0,0x0,"Interface\TargetingFrame\UI-PVP-Alliance","Підкріплення: %3127w",,,,,,,,"Підкріплення: %3127w",,,,,,,,0xFF01FE,"Підкріплення Альянсу",,,,,,,,"Підкріплення Альянсу",,,,,,,,0xFF01FE,3134,0,"",,,,,,,,,"",,,,,,,,0xFF01FC,"",0,0,,
181,30,0,0x0,"Interface\TargetingFrame\UI-PVP-Horde","Підкріплення: %3128w",,,,,,,,"Підкріплення: %3128w",,,,,,,,0xFF01FE,"Підкріплення Орди",,,,,,,,"Підкріплення Орди",,,,,,,,0xFF01FE,3133,0,"",,,,,,,,,"",,,,,,,,0xFF01FC,"",0,0,,
63,30,0,0x0,"Interface\WorldStateFrame\ColumnIcon-GraveyardCapture","Штурми кладовищ",,,,,,,,"Штурми кладовищ",,,,,,,,0xFF01FE,"Кількість знамен противника, захоплених на кладовищах",,,,,,,,"Кількість знамен противника, захоплених на кладовищах",,,,,,,,0xFF01FE,0,2,"",,,,,,,,,"",,,,,,,,0xFF01FC,"",0,0,,
65,30,0,0x0,"Interface\WorldStateFrame\ColumnIcon-GraveyardDefend","Оборона кладовищ",,,,,,,,"Оборона кладовищ",,,,,,,,0xFF01FE,"Кількість відбитих спроб захоплення кладовищ",,,,,,,,"Кількість відбитих спроб захоплення кладовищ",,,,,,,,0xFF01FE,0,2,"",,,,,,,,,"",,,,,,,,0xFF01FC,"",0,0,,
61,30,0,0x0,"Interface\WorldStateFrame\ColumnIcon-TowerCapture","Штурми веж",,,,,,,,"Штурми веж",,,,,,,,0xFF01FE,"Кількість знамен противника, захоплених на вежах",,,,,,,,"Кількість знамен противника, захоплених на вежах",,,,,,,,0xFF01FE,0,2,"",,,,,,,,,"",,,,,,,,0xFF01FC,"",0,0,,
64,30,0,0x0,"Interface\WorldStateFrame\ColumnIcon-TowerDefend","Оборона веж",,,,,,,,"Оборона веж",,,,,,,,0xFF01FE,"Кількість відбитих спроб захоплення веж",,,,,,,,"Кількість відбитих спроб захоплення веж",,,,,,,,0xFF01FE,0,2,"",,,,,,,,,"",,,,,,,,0xFF01FC,"",0,0,,
82,30,0,0x0,"","Вторинні цілі",,,,,,,,"Вторинні цілі",,,,,,,,0xFF01FE,"Кількість задіяних додаткових військ",,,,,,,,"Кількість задіяних додаткових військ",,,,,,,,0xFF01FE,0,2,"",,,,,,,,,"",,,,,,,,0xFF01FC,"",0,0,,
150,269,2366,0x0,"","Міцність щита Медіва: %2540w%",,,,,,,,"Міцність щита Медіва: %2540w%",,,,,,,,0xFF01FE,"",,,,,,,,"",,,,,,,,0xFF01FC,2541,0,"",,,,,,,,,"",,,,,,,,0xFF01FC,"",0,0,,
171,269,2366,0x0,"","Воріт Часу відчинено: %2784w/18",,,,,,,,"Воріт Часу відчинено: %2784w/18",,,,,,,,0xFF01FE,"",,,,,,,,"",,,,,,,,0xFF01FC,2541,0,"",,,,,,,,,"",,,,,,,,0xFF01FC,"",0,0,,
42,489,0,0x0,"Interface\WorldStateFrame\ColumnIcon-FlagCapture","Захоплення прапора",,,,,,,,"Захоплення прапора",,,,,,,,0xFF01FE,"Кількість прапорів противника, захоплених вами.",,,,,,,,"Кількість прапорів противника, захоплених вами.",,,,,,,,0xFF01FE,0,2,"",,,,,,,,,"",,,,,,,,0xFF01FC,"",0,0,,
44,489,0,0x0,"Interface\WorldStateFrame\ColumnIcon-FlagReturn","Повернення прапора",,,,,,,,"Повернення прапора",,,,,,,,0xFF01FE,"Кількість прапорів, повернутих вами на базу.",,,,,,,,"Кількість прапорів, повернутих вами на базу.",,,,,,,,0xFF01FE,0,2,"",,,,,,,,,"",,,,,,,,0xFF01FC,"",0,0,,
244,489,3277,0x0,"","Залишилось: %4248w хв.",,,,,,,,"Залишилось: %4248w хв.",,,,,,,,0xFF01FE,"Залишилось",,,,,,,,"Залишилось",,,,,,,,0xFF01FE,4247,0,"",,,,,,,,,"",,,,,,,,0xFF01FC,"",0,0,,
2,489,3277,0x0,"Interface\TargetingFrame\UI-PVP-Alliance","%1581w/%1601w",,,,,,,,"%1581w/%1601w",,,,,,,,0xFF01FE,"Прапори, захоплені Альянсом",,,,,,,,"Прапори, захоплені Альянсом",,,,,,,,0xFF01FE,2339,0,"Interface\WorldStateFrame\HordeFlag",,,,,,,,,"Прапор Орди взят",,,,,,,,0xFF01FE,"",0,0,,
3,489,3277,0x0,"Interface\TargetingFrame\UI-PVP-Horde","%1582w/%1601w",,,,,,,,"%1582w/%1601w",,,,,,,,0xFF01FE,"Прапори, захоплені Ордою",,,,,,,,"Прапори, захоплені Ордою",,,,,,,,0xFF01FE,2338,0,"Interface\WorldStateFrame\AllianceFlag",,,,,,,,,"Прапор Альянсу взят",,,,,,,,0xFF01FE,"",0,0,,
101,529,0,0x0,"Interface\TargetingFrame\UI-PVP-Alliance","Бази: %1779w Ресурси: %1776w/%1780w",,,,,,,,"Бази: %1779w Ресурси: %1776w/%1780w",,,,,,,,0xFF01FE,"Статистика Альянсу",,,,,,,,"Статистика Альянсу",,,,,,,,0xFF01FE,0,0,"",,,,,,,,,"",,,,,,,,0xFF01FC,"",0,0,,
102,529,0,0x0,"Interface\TargetingFrame\UI-PVP-Horde","Бази: %1778w Ресурси: %1777w/%1780w",,,,,,,,"Бази: %1778w Ресурси: %1777w/%1780w",,,,,,,,0xFF01FE,"Статистика Орди",,,,,,,,"Статистика Орди",,,,,,,,0xFF01FE,0,0,"",,,,,,,,,"",,,,,,,,0xFF01FC,"",0,0,,
122,529,0,0x0,"Interface\WorldStateFrame\ColumnIcon-TowerCapture","Штурми баз",,,,,,,,"Штурми баз",,,,,,,,0xFF01FE,"Кількість знамен противника, захоплених на базах",,,,,,,,"Кількість знамен противника, захоплених на базах",,,,,,,,0xFF01FE,0,2,"",,,,,,,,,"",,,,,,,,0xFF01FC,"",0,0,,
123,529,0,0x0,"Interface\WorldStateFrame\ColumnIcon-TowerDefend","Оборона баз",,,,,,,,"Оборона баз",,,,,,,,0xFF01FE,"Кількість зупинених спроб захоплення бази",,,,,,,,"Кількість зупинених спроб захоплення бази",,,,,,,,0xFF01FE,0,2,"",,,,,,,,,"",,,,,,,,0xFF01FC,"",0,0,,
139,530,3483,0x0,"","Стан: %2427w",,,,,,,,"Стан: %2427w",,,,,,,,0xFF01FE,"",,,,,,,,"",,,,,,,,0xFF01FC,2473,1,"",,,,,,,,,"",,,,,,,,0xFF01FC,"CAPTUREPOINT",2474,2475,,
140,530,3483,0x0,"Interface\WorldStateFrame\AllianceTower","Під контролем: %2476w",,,,,,,,"Під контролем: %2476w",,,,,,,,0xFF01FE,"Форти під контролем Альянсу",,,,,,,,"Форти під контролем Альянсу",,,,,,,,0xFF01FE,2490,1,"",,,,,,,,,"Останній победитель: Альянс",,,,,,,,0xFF01FE,"",0,0,,
141,530,3483,0x0,"Interface\WorldStateFrame\HordeTower","Під контролем: %2478w",,,,,,,,"Під контролем: %2478w",,,,,,,,0xFF01FE,"Форти під контролем Орди",,,,,,,,"Форти під контролем Орди",,,,,,,,0xFF01FE,2489,1,"",,,,,,,,,"Останній победитель: Орда",,,,,,,,0xFF01FE,"",0,0,,
144,530,3518,0x0,"Interface\TargetingFrame\UI-PVP-Horde","Залишилось захисників: %2491w/%2493w",,,,,,,,"Залишилось захисників: %2491w/%2493w",,,,,,,,0xFF01FE,"",,,,,,,,"",,,,,,,,0xFF01FC,2503,1,"",,,,,,,,,"",,,,,,,,0xFF01FC,"",0,0,,
145,530,3518,0x0,"","Стан: %2494w",,,,,,,,"Стан: %2494w",,,,,,,,0xFF01FE,"",,,,,,,,"",,,,,,,,0xFF01FC,2495,1,"",,,,,,,,,"",,,,,,,,0xFF01FC,"CAPTUREPOINT",2494,2497,,
146,530,3518,0x0,"Interface\TargetingFrame\UI-PVP-Alliance","Залишилось захисників: %2491w/%2493w",,,,,,,,"Залишилось захисників: %2491w/%2493w",,,,,,,,0xFF01FE,"",,,,,,,,"",,,,,,,,0xFF01FC,2502,1,"",,,,,,,,,"",,,,,,,,0xFF01FC,"",0,0,,
163,530,3519,0x0,"","",,,,,,,,"",,,,,,,,0xFF01FC,"",,,,,,,,"",,,,,,,,0xFF01FC,2623,0,"",,,,,,,,,"",,,,,,,,0xFF01FC,"CAPTUREPOINT",2625,2624,,
147,530,3519,0x0,"Interface\WorldStateFrame\NeutralTower","Залишилосяь часу: %2509w:%2512w%2510w",,,,,,,,"Залишилосяь часу: %2509w:%2512w%2510w",,,,,,,,0xFF01FE,"Час, через який можна буде захоплювати Вежі Духів.",,,,,,,,"Час, через який можна буде захоплювати Вежі Духів.",,,,,,,,0xFF01FE,2508,1,"",,,,,,,,,"",,,,,,,,0xFF01FC,"",0,0,,
161,530,3519,0x0,"Interface\WorldStateFrame\AllianceTower","Башен під контролем: %2621w",,,,,,,,"Башен під контролем: %2621w",,,,,,,,0xFF01FE,"Вежі під контролем Альянсу",,,,,,,,"Вежі під контролем Альянсу",,,,,,,,0xFF01FE,2620,1,"",,,,,,,,,"",,,,,,,,0xFF01FC,"",0,0,,
162,530,3519,0x0,"Interface\WorldStateFrame\HordeTower","Башен під контролем: %2622w",,,,,,,,"Башен під контролем: %2622w",,,,,,,,0xFF01FE,"Вежі під контролем Орди",,,,,,,,"Вежі під контролем Орди",,,,,,,,0xFF01FE,2620,1,"",,,,,,,,,"",,,,,,,,0xFF01FC,"",0,0,,
168,530,3519,0x0,"Interface\WorldStateFrame\AllianceTower","Залишилосяь часу: %2509w:%2512w%2510w",,,,,,,,"Залишилосяь часу: %2509w:%2512w%2510w",,,,,,,,0xFF01FE,"Час, через який можна буде захоплювати Вежі Духів.",,,,,,,,"Час, через який можна буде захоплювати Вежі Духів.",,,,,,,,0xFF01FE,2767,1,"",,,,,,,,,"",,,,,,,,0xFF01FC,"",0,0,,
169,530,3519,0x0,"Interface\WorldStateFrame\HordeTower","Залишилосяь часу: %2509w:%2512w%2510w",,,,,,,,"Залишилосяь часу: %2509w:%2512w%2510w",,,,,,,,0xFF01FE,"Час, через який можна буде захоплювати Вежі Духів.",,,,,,,,"Час, через який можна буде захоплювати Вежі Духів.",,,,,,,,0xFF01FE,2768,1,"",,,,,,,,,"",,,,,,,,0xFF01FC,"",0,0,,
148,530,3521,0x0,"","",,,,,,,,"",,,,,,,,0xFF01FC,"",,,,,,,,"",,,,,,,,0xFF01FC,2527,1,"",,,,,,,,,"",,,,,,,,0xFF01FC,"CAPTUREPOINT",2528,2529,,
149,530,3521,0x0,"","",,,,,,,,"",,,,,,,,0xFF01FC,"",,,,,,,,"",,,,,,,,0xFF01FC,2533,1,"",,,,,,,,,"",,,,,,,,0xFF01FC,"CAPTUREPOINT",2534,2535,,
153,530,3521,0x0,"Interface\WorldStateFrame\AllianceTower","Західний маяк",,,,,,,,"Західний маяк",,,,,,,,0xFF01FE,"Маяк під контролем Альянсу",,,,,,,,"Маяк під контролем Альянсу",,,,,,,,0xFF01FE,2555,1,"",,,,,,,,,"",,,,,,,,0xFF01FC,"",0,0,,
154,530,3521,0x0,"Interface\WorldStateFrame\HordeTower","Західний маяк",,,,,,,,"Західний маяк",,,,,,,,0xFF01FE,"Маяк під контролем Орди",,,,,,,,"Маяк під контролем Орди",,,,,,,,0xFF01FE,2556,1,"",,,,,,,,,"",,,,,,,,0xFF01FC,"",0,0,,
155,530,3521,0x0,"Interface\WorldStateFrame\NeutralTower","Західний маяк",,,,,,,,"Західний маяк",,,,,,,,0xFF01FE,"Маяк під контролем нейтральних сил",,,,,,,,"Маяк під контролем нейтральних сил",,,,,,,,0xFF01FE,2557,1,"",,,,,,,,,"",,,,,,,,0xFF01FC,"",0,0,,
156,530,3521,0x0,"Interface\WorldStateFrame\AllianceTower","Східний маяк",,,,,,,,"Східний маяк",,,,,,,,0xFF01FE,"Маяк під контролем Альянсу",,,,,,,,"Маяк під контролем Альянсу",,,,,,,,0xFF01FE,2558,1,"",,,,,,,,,"",,,,,,,,0xFF01FC,"",0,0,,
157,530,3521,0x0,"Interface\WorldStateFrame\HordeTower","Східний маяк",,,,,,,,"Східний маяк",,,,,,,,0xFF01FE,"Маяк під контролем Орди",,,,,,,,"Маяк під контролем Орди",,,,,,,,0xFF01FE,2559,1,"",,,,,,,,,"",,,,,,,,0xFF01FC,"",0,0,,
158,530,3521,0x0,"Interface\WorldStateFrame\NeutralTower","Східний маяк",,,,,,,,"Східний маяк",,,,,,,,0xFF01FE,"Маяк під контролем нейтральних сил",,,,,,,,"Маяк під контролем нейтральних сил",,,,,,,,0xFF01FE,2560,1,"",,,,,,,,,"",,,,,,,,0xFF01FC,"",0,0,,
173,530,3831,0x0,"","Північний портал: %2880w%",,,,,,,,"Північний портал: %2880w%",,,,,,,,0xFF01FE,"",,,,,,,,"",,,,,,,,0xFF01FC,2889,0,"",,,,,,,,,"",,,,,,,,0xFF01FC,"",0,0,,
174,530,3831,0x0,"","Південний портал: %2881w%",,,,,,,,"Південний портал: %2881w%",,,,,,,,0xFF01FE,"",,,,,,,,"",,,,,,,,0xFF01FC,2889,0,"",,,,,,,,,"",,,,,,,,0xFF01FC,"",0,0,,
177,530,4008,0x0,"","Міцність щита: %3054w%",,,,,,,,"Міцність щита: %3054w%",,,,,,,,0xFF01FE,"Залишок міцності щита (у відсотках).",,,,,,,,"Залишок міцності щита (у відсотках).",,,,,,,,0xFF01FE,3055,0,"",,,,,,,,,"",,,,,,,,0xFF01FC,"",0,0,,
142,534,3606,0x0,"","Число противників: %2454w",,,,,,,,"Число противників: %2454w",,,,,,,,0xFF01FE,"Число противників, що вдерлися на базу Орди",,,,,,,,"Число противників, що вдерлися на базу Орди",,,,,,,,0xFF01FE,2453,0,"",,,,,,,,,"",,,,,,,,0xFF01FC,"",0,0,,
143,534,3606,0x0,"","Число противників: %2454w",,,,,,,,"Число противників: %2454w",,,,,,,,0xFF01FE,"Число противників, що вдерлися на базу Орди",,,,,,,,"Число противників, що вдерлися на базу Орди",,,,,,,,0xFF01FE,2486,0,"",,,,,,,,,"",,,,,,,,0xFF01FC,"",0,0,,
172,534,3606,0x0,"","Поточна атака: %2842w з 8",,,,,,,,"Поточна атака: %2842w з 8",,,,,,,,0xFF01FE,"Атака в даний момент",,,,,,,,"Атака в даний момент",,,,,,,,0xFF01FE,2842,0,"",,,,,,,,,"",,,,,,,,0xFF01FC,"",0,0,,
159,559,0,0x0,"","Гравців в золотій команді: %3601w",,,,,,,,"Гравців в золотій команді: %3601w",,,,,,,,0xFF01FE,"",,,,,,,,"",,,,,,,,0xFF01FC,2577,0,"",,,,,,,,,"",,,,,,,,0xFF01FC,"",0,0,,
160,559,0,0x0,"","Гравців в зеленій команді: %3600w",,,,,,,,"Гравців в зеленій команді: %3600w",,,,,,,,0xFF01FE,"",,,,,,,,"",,,,,,,,0xFF01FC,2577,0,"",,,,,,,,,"",,,,,,,,0xFF01FC,"",0,0,,
165,560,2367,0x0,"","Бомб закладено: %2436w/5",,,,,,,,"Бомб закладено: %2436w/5",,,,,,,,0xFF01FE,"Кількість зажигательных бомб, заложенных в Дарнхольде",,,,,,,,"Кількість зажигательных бомб, заложенных в Дарнхольде",,,,,,,,0xFF01FE,2436,0,"",,,,,,,,,"",,,,,,,,0xFF01FC,"",0,0,,
151,562,0,0x0,"","Гравців в зеленій команді: %3600w",,,,,,,,"Гравців в зеленій команді: %3600w",,,,,,,,0xFF01FE,"",,,,,,,,"",,,,,,,,0xFF01FC,2547,0,"",,,,,,,,,"",,,,,,,,0xFF01FC,"",0,0,,
152,562,0,0x0,"","Гравців в золотій команді: %3601w",,,,,,,,"Гравців в золотій команді: %3601w",,,,,,,,0xFF01FE,"",,,,,,,,"",,,,,,,,0xFF01FC,2547,0,"",,,,,,,,,"",,,,,,,,0xFF01FC,"",0,0,,
164,566,0,0x0,"","",,,,,,,,"",,,,,,,,0xFF01FC,"",,,,,,,,"",,,,,,,,0xFF01FC,2718,0,"",,,,,,,,,"",,,,,,,,0xFF01FC,"CAPTUREPOINT",2719,2720,,
166,566,0,0x0,"Interface\TargetingFrame\UI-PVP-Alliance","Бази: %2752w  Очки перемоги: %2749w/1600",,,,,,,,"Бази: %2752w  Очки перемоги: %2749w/1600",,,,,,,,0xFF01FE,"",,,,,,,,"",,,,,,,,0xFF01FC,2769,0,"",,,,,,,,,"",,,,,,,,0xFF01FC,"",0,0,,
167,566,0,0x0,"Interface\TargetingFrame\UI-PVP-Horde","Бази: %2753w  Очки перемоги: %2750w/1600",,,,,,,,"Бази: %2753w  Очки перемоги: %2750w/1600",,,,,,,,0xFF01FE,"",,,,,,,,"",,,,,,,,0xFF01FC,2770,0,"",,,,,,,,,"",,,,,,,,0xFF01FC,"",0,0,,
183,566,0,0x0,"Interface\WorldStateFrame\ColumnIcon-FlagCapture2.blp","Захоплення прапора",,,,,,,,"Захоплення прапора",,,,,,,,0xFF01FE,"Кількість прапорів, захоплених вами.",,,,,,,,"Кількість прапорів, захоплених вами.",,,,,,,,0xFF01FE,0,2,"",,,,,,,,,"",,,,,,,,0xFF01FC,"",0,0,,
179,568,3805,0x0,"","Час до жертвоприношення: %3106w хв.",,,,,,,,"Час до жертвоприношення: %3106w хв.",,,,,,,,0xFF01FE,"Час, що залишився до смерті в'язнів.",,,,,,,,"Час, що залишився до смерті в'язнів.",,,,,,,,0xFF01FE,3104,0,"",,,,,,,,,"",,,,,,,,0xFF01FC,"",0,0,,
184,571,0,0x0,"","Стан: %3467w",,,,,,,,"Стан: %3467w",,,,,,,,0xFF01FE,"",,,,,,,,"",,,,,,,,0xFF01FC,3466,1,"",,,,,,,,,"",,,,,,,,0xFF01FC,"CAPTUREPOINT",3467,3468,,
186,571,0,0x0,"","Стан: %2427w",,,,,,,,"Стан: %2427w",,,,,,,,0xFF01FE,"",,,,,,,,"",,,,,,,,0xFF01FC,3501,1,"",,,,,,,,,"",,,,,,,,0xFF01FC,"CAPTUREPOINT",3502,3508,,
215,571,0,0x0,"Interface\WorldStateFrame\ColumnIcon-FlagCapture","Разбито стін",,,,,,,,"Разбито стін",,,,,,,,0xFF01FE,"Кількість розбитих вами стін противника.",,,,,,,,"Кількість розбитих вами стін противника.",,,,,,,,0xFF01FE,0,2,"",,,,,,,,,"",,,,,,,,0xFF01FC,"",0,0,,
216,571,0,0x0,"Interface\WorldStateFrame\ColumnIcon-FlagCapture","Знищено будівель",,,,,,,,"Знищено будівель",,,,,,,,0xFF01FE,"Кількість знищених будівель противника.",,,,,,,,"Кількість знищених будівель противника.",,,,,,,,0xFF01FE,0,2,"",,,,,,,,,"",,,,,,,,0xFF01FC,"",0,0,,
188,571,4197,0x0,"Interface\TargetingFrame\UI-PVP-Horde","Машини: %3490w/%3491w",,,,,,,,"Машини: %3490w/%3491w",,,,,,,,0xFF01FE,"Статистика Орди",,,,,,,,"Статистика Орди",,,,,,,,0xFF01FE,3710,0,"",,,,,,,,,"",,,,,,,,0xFF01FC,"",0,0,,
189,571,4197,0x0,"Interface\TargetingFrame\UI-PVP-Alliance","Машини: %3680w/%3681w",,,,,,,,"Машини: %3680w/%3681w",,,,,,,,0xFF01FE,"Статистика Альянсу",,,,,,,,"Статистика Альянсу",,,,,,,,0xFF01FE,3710,0,"",,,,,,,,,"",,,,,,,,0xFF01FC,"",0,0,,
210,571,4197,0x0,"Interface\TargetingFrame\UI-PVP-Alliance","Під контролем Альянсу",,,,,,,,"Під контролем Альянсу",,,,,,,,0xFF01FE,"",,,,,,,,"",,,,,,,,0xFF01FC,3803,0,"",,,,,,,,,"",,,,,,,,0xFF01FC,"",0,0,,
211,571,4197,0x0,"Interface\TargetingFrame\UI-PVP-Horde","Під контролем Орди",,,,,,,,"Під контролем Орди",,,,,,,,0xFF01FE,"",,,,,,,,"",,,,,,,,0xFF01FC,3802,0,"",,,,,,,,,"",,,,,,,,0xFF01FC,"",0,0,,
208,571,4197,0x0,"","Час, що залишився: %3781k",,,,,,,,"Час, що залишився: %3781k",,,,,,,,0xFF01FE,"Гра завершиться після закінчення цього часу.",,,,,,,,"Гра завершиться після закінчення цього часу.",,,,,,,,0xFF01FE,3710,3,"",,,,,,,,,"",,,,,,,,0xFF01FC,"",0,0,,
212,571,4197,0x0,"","Наступний бій: %4354k",,,,,,,,"Наступний бій: %4354k",,,,,,,,0xFF01FE,"Після закінчення цього часу битва за Крижані Простори продовжиться.",,,,,,,,"Після закінчення цього часу битва за Крижані Простори продовжиться.",,,,,,,,0xFF01FE,3801,3,"",,,,,,,,,"",,,,,,,,0xFF01FC,"",0,0,,
175,572,0,0x0,"","Гравців в золотій команді: %3601w",,,,,,,,"Гравців в золотій команді: %3601w",,,,,,,,0xFF01FE,"",,,,,,,,"",,,,,,,,0xFF01FC,3002,0,"",,,,,,,,,"",,,,,,,,0xFF01FC,"",0,0,,
176,572,0,0x0,"","Гравців в зеленій команді: %3600w",,,,,,,,"Гравців в зеленій команді: %3600w",,,,,,,,0xFF01FE,"",,,,,,,,"",,,,,,,,0xFF01FC,3002,0,"",,,,,,,,,"",,,,,,,,0xFF01FC,"",0,0,,
190,578,0,0x0,"","Центрифужних створінь залишилось: %3486w",,,,,,,,"Центрифужних створінь залишилось: %3486w",,,,,,,,0xFF01FE,"",,,,,,,,"",,,,,,,,0xFF01FC,3524,0,"",,,,,,,,,"",,,,,,,,0xFF01FC,"",0,0,,
185,595,0,0x0,"","Найдено ящиків: %3480w/5",,,,,,,,"Найдено ящиків: %3480w/5",,,,,,,,0xFF01FE,"Кількість ящиків зерна, зараженого чумою.",,,,,,,,"Кількість ящиків зерна, зараженого чумою.",,,,,,,,0xFF01FE,3479,0,"",,,,,,,,,"",,,,,,,,0xFF01FC,"",0,0,,
187,595,0,0x0,"","Атаки Бича: %3504w/10",,,,,,,,"Атаки Бича: %3504w/10",,,,,,,,0xFF01FE,"Кількість відбитих атак Бича",,,,,,,,"Кількість відбитих атак Бича",,,,,,,,0xFF01FE,3504,0,"",,,,,,,,,"",,,,,,,,0xFF01FC,"",0,0,,
230,595,0,0x0,"","Залишилось %3931w хв.",,,,,,,,"Залишилось %3931w хв.",,,,,,,,0xFF01FE,"Залишилось до того, як исказится вартовий часу.",,,,,,,,"Залишилось до того, як исказится вартовий часу.",,,,,,,,0xFF01FE,3932,0,"",,,,,,,,,"",,,,,,,,0xFF01FC,"",0,0,,
240,603,4273,0x0,"","Алгалон подасть сигнал лиха через %4131w хв.",,,,,,,,"Алгалон подасть сигнал лиха через %4131w хв.",,,,,,,,0xFF01FE,"Час до надсилання повідомлення.",,,,,,,,"Час до надсилання повідомлення.",,,,,,,,0xFF01FE,4132,0,"",,,,,,,,,"",,,,,,,,0xFF01FC,"",0,0,,
191,607,0,0x0,"","Стан: %3537w",,,,,,,,"Стан: %3537w",,,,,,,,0xFF01FE,"",,,,,,,,"",,,,,,,,0xFF01FC,3536,1,"",,,,,,,,,"",,,,,,,,0xFF01FC,"CAPTUREPOINT",3537,3538,,
232,607,0,0x0,"Interface\WorldStateFrame\ColumnIcon-FlagCapture","Руйнівників знищено",,,,,,,,"Руйнівників знищено",,,,,,,,0xFF01FE,"Скільки раз ви знищили руйнівника.",,,,,,,,"Скільки раз ви знищили руйнівника.",,,,,,,,0xFF01FE,0,2,"",,,,,,,,,"",,,,,,,,0xFF01FC,"",0,0,,
231,607,0,0x0,"Interface\WorldStateFrame\ColumnIcon-FlagCapture","Воріт знищено",,,,,,,,"Воріт знищено",,,,,,,,0xFF01FE,"Скільки раз ви знищили ворота.",,,,,,,,"Скільки раз ви знищили ворота.",,,,,,,,0xFF01FE,0,2,"",,,,,,,,,"",,,,,,,,0xFF01FC,"",0,0,,
192,607,4384,0x0,"Interface\TargetingFrame\UI-PVP-Alliance","Атакуючий",,,,,,,,"Атакуючий",,,,,,,,0xFF01FE,"Статистика Альянсу",,,,,,,,"Статистика Альянсу",,,,,,,,0xFF01FE,4352,0,"",,,,,,,,,"",,,,,,,,0xFF01FC,"",0,0,,
193,607,4384,0x0,"Interface\TargetingFrame\UI-PVP-Horde","Захисник",,,,,,,,"Захисник",,,,,,,,0xFF01FE,"Статистика Орди",,,,,,,,"Статистика Орди",,,,,,,,0xFF01FE,4352,0,"",,,,,,,,,"",,,,,,,,0xFF01FC,"",0,0,,
194,607,4384,0x0,"","Кінець раунду: %3559w:%3560w%3561w",,,,,,,,"Кінець раунду: %3559w:%3560w%3561w",,,,,,,,0xFF01FE,"Раунд закінчиться по завершенні цього часу.",,,,,,,,"Раунд закінчиться по завершенні цього часу.",,,,,,,,0xFF01FE,2889,0,"",,,,,,,,,"",,,,,,,,0xFF01FC,"",0,0,,
196,607,4384,0x0,"Interface\TargetingFrame\UI-PVP-Alliance","Захисник",,,,,,,,"Захисник",,,,,,,,0xFF01FE,"Статистика Альянсу",,,,,,,,"Статистика Альянсу",,,,,,,,0xFF01FE,4353,0,"",,,,,,,,,"",,,,,,,,0xFF01FC,"",0,0,,
197,607,4384,0x0,"Interface\TargetingFrame\UI-PVP-Horde","Атакуючий",,,,,,,,"Атакуючий",,,,,,,,0xFF01FE,"Статистика Орди",,,,,,,,"Статистика Орди",,,,,,,,0xFF01FE,4353,0,"",,,,,,,,,"",,,,,,,,0xFF01FC,"",0,0,,
198,607,4384,0x0,"","Додаткові очки: %3559w:%3560w%3561w",,,,,,,,"Додаткові очки: %3559w:%3560w%3561w",,,,,,,,0xFF01FE,"Залишилось часу до отримання додаткових очків",,,,,,,,"Залишилось часу до отримання додаткових очків",,,,,,,,0xFF01FE,3571,0,"",,,,,,,,,"",,,,,,,,0xFF01FC,"",0,0,,
199,607,4384,0x0,"","Кінець раунду: %3559w:%3560w%3561w",,,,,,,,"Кінець раунду: %3559w:%3560w%3561w",,,,,,,,0xFF01FE,"Раунд закінчиться по завершенні цього часу.",,,,,,,,"Раунд закінчиться по завершенні цього часу.",,,,,,,,0xFF01FE,3565,0,"",,,,,,,,,"",,,,,,,,0xFF01FC,"",0,0,,
247,607,4384,0x0,"","Закінчення бою: %3559w:%3560w%3561w",,,,,,,,"Закінчення бою: %3559w:%3560w%3561w",,,,,,,,0xFF01FE,"Бій завершиться через вказаний час.",,,,,,,,"Бій завершиться через вказаний час.",,,,,,,,0xFF01FE,3564,0,"",,,,,,,,,"",,,,,,,,0xFF01FC,"",0,0,,
213,608,0,0x0,"","Стан тюремних дверей: %3815w%",,,,,,,,"Стан тюремних дверей: %3815w%",,,,,,,,0xFF01FE,"",,,,,,,,"",,,,,,,,0xFF01FC,3816,0,"",,,,,,,,,"",,,,,,,,0xFF01FC,"",0,0,,
214,608,4415,0x0,"","Відкрито порталів: %3810w/18",,,,,,,,"Відкрито порталів: %3810w/18",,,,,,,,0xFF01FE,"",,,,,,,,"",,,,,,,,0xFF01FC,3816,0,"",,,,,,,,,"",,,,,,,,0xFF01FC,"",0,0,,
200,609,0,0x80,"","Залишок сил Світла: %3590w",,,,,,,,"Залишок сил Світла: %3590w",,,,,,,,0xFF01FE,"Залишок сил Світла!",,,,,,,,"Залишок сил Світла!",,,,,,,,0xFF01FE,3592,0,"",,,,,,,,,"",,,,,,,,0xFF01FC,"",0,0,,
201,609,0,0x80,"","Залишок сил Бича: %3591w",,,,,,,,"Залишок сил Бича: %3591w",,,,,,,,0xFF01FE,"Залишок сил Бича!",,,,,,,,"Залишок сил Бича!",,,,,,,,0xFF01FE,3592,0,"",,,,,,,,,"",,,,,,,,0xFF01FC,"",0,0,,
202,609,0,0x80,"","%3604w хв. до початку бою за Каплицю Останньої Надії!",,,,,,,,"%3604w хв. до початку бою за Каплицю Останньої Надії!",,,,,,,,0xFF01FE,"Час, що залишився до початку бою за Каплицю Останньої Надії!",,,,,,,,"Час, що залишився до початку бою за Каплицю Останньої Надії!",,,,,,,,0xFF01FE,3603,1,"",,,,,,,,,"",,,,,,,,0xFF01EC,"",0,0,,
203,609,0,0x80,"","Битва за Каплицю Останньої Надії почалась!",,,,,,,,"Битва за Каплицю Останньої Надії почалась!",,,,,,,,0xFF01FE,"",,,,,,,,"",,,,,,,,0xFF01FC,3605,1,"",,,,,,,,,"",,,,,,,,0xFF01FC,"",0,0,,
204,617,0,0x0,"","Гравців в команді золотих: %3601w",,,,,,,,"Гравців в команді золотих: %3601w",,,,,,,,0xFF01FE,"",,,,,,,,"",,,,,,,,0xFF01FC,3610,0,"",,,,,,,,,"",,,,,,,,0xFF01FC,"",0,0,,
205,617,0,0x0,"","Гравців в команді зелених: %3600w",,,,,,,,"Гравців в команді зелених: %3600w",,,,,,,,0xFF01FE,"",,,,,,,,"",,,,,,,,0xFF01FC,3610,0,"",,,,,,,,,"",,,,,,,,0xFF01FC,"",0,0,,
206,618,0,0x0,"","Гравців в команді золотих: %3601w",,,,,,,,"Гравців в команді золотих: %3601w",,,,,,,,0xFF01FE,"",,,,,,,,"",,,,,,,,0xFF01FC,3610,0,"",,,,,,,,,"",,,,,,,,0xFF01FC,"",0,0,,
207,618,0,0x0,"","Гравців в команді зелених: %3600w",,,,,,,,"Гравців в команді зелених: %3600w",,,,,,,,0xFF01FE,"",,,,,,,,"",,,,,,,,0xFF01FC,3610,0,"",,,,,,,,,"",,,,,,,,0xFF01FC,"",0,0,,
241,628,0,0x0,"Interface\TargetingFrame\UI-PVP-Alliance","Підкріплення: %4226w",,,,,,,,"Підкріплення: %4226w",,,,,,,,0xFF01FE,"Підкріплення Альянсу",,,,,,,,"Підкріплення Альянсу",,,,,,,,0xFF01FE,4221,0,"",,,,,,,,,"",,,,,,,,0xFF01FC,"",0,0,,
242,628,0,0x0,"Interface\TargetingFrame\UI-PVP-Horde","Підкріплення: %4227w",,,,,,,,"Підкріплення: %4227w",,,,,,,,0xFF01FE,"Підкріплення Орди",,,,,,,,"Підкріплення Орди",,,,,,,,0xFF01FE,4222,0,"",,,,,,,,,"",,,,,,,,0xFF01FC,"",0,0,,
245,628,0,0x0,"Interface\WorldStateFrame\ColumnIcon-TowerCapture","Баз атаковано",,,,,,,,"Баз атаковано",,,,,,,,0xFF01FE,"Скільки раз були атаковані ворожі знамена на базах.",,,,,,,,"Скільки раз були атаковані ворожі знамена на базах.",,,,,,,,0xFF01FE,0,2,"",,,,,,,,,"",,,,,,,,0xFF01FC,"",0,0,,
246,628,0,0x0,"Interface\WorldStateFrame\ColumnIcon-TowerDefend","Баз захищено",,,,,,,,"Баз захищено",,,,,,,,0xFF01FE,"Скільки раз було попереджено захоплення бази ворогом.",,,,,,,,"Скільки раз було попереджено захоплення бази ворогом.",,,,,,,,0xFF01FE,0,2,"",,,,,,,,,"",,,,,,,,0xFF01FC,"",0,0,,
250,631,0,0x0,"","До страти залишилось: %4904w хв.",,,,,,,,"До страти залишилось: %4904w хв.",,,,,,,,0xFF01FE,"Час до смерті Мінчара.",,,,,,,,"Час до смерті Мінчара.",,,,,,,,0xFF01FE,4903,0,"",,,,,,,,,"",,,,,,,,0xFF01FC,"",0,0,,
254,631,4859,0x0,"","Залишилось спроб в героїчному режимі: %4941w з %4942w",,,,,,,,"Залишилось спроб в героїчному режимі: %4941w з %4942w",,,,,,,,0xFF01FE,"",,,,,,,,"",,,,,,,,0xFF01FC,4940,0,"",,,,,,,,,"",,,,,,,,0xFF01FC,"",0,0,,
253,631,4889,0x0,"","Залишилось спроб в героїчному режимі: %4941w з %4942w",,,,,,,,"Залишилось спроб в героїчному режимі: %4941w з %4942w",,,,,,,,0xFF01FE,"",,,,,,,,"",,,,,,,,0xFF01FC,4940,0,"",,,,,,,,,"",,,,,,,,0xFF01FC,"",0,0,,
251,631,4890,0x0,"","Залишилось спроб в героїчному режимі: %4941w з %4942w",,,,,,,,"Залишилось спроб в героїчному режимі: %4941w з %4942w",,,,,,,,0xFF01FE,"",,,,,,,,"",,,,,,,,0xFF01FC,4940,0,"",,,,,,,,,"",,,,,,,,0xFF01FC,"",0,0,,
252,631,4891,0x0,"","Залишилось спроб в героїчному режимі: %4941w з %4942w",,,,,,,,"Залишилось спроб в героїчному режимі: %4941w з %4942w",,,,,,,,0xFF01FE,"",,,,,,,,"",,,,,,,,0xFF01FC,4940,0,"",,,,,,,,,"",,,,,,,,0xFF01FC,"",0,0,,
255,631,4910,0x0,"","Залишилось спроб в героїчному режимі: %4941w з %4942w",,,,,,,,"Залишилось спроб в героїчному режимі: %4941w з %4942w",,,,,,,,0xFF01FE,"",,,,,,,,"",,,,,,,,0xFF01FC,4940,0,"",,,,,,,,,"",,,,,,,,0xFF01FC,"",0,0,,
248,649,0,0x0,"","Залишилось спроб: %4389w",,,,,,,,"Залишилось спроб: %4389w",,,,,,,,0xFF01FE,"",,,,,,,,"",,,,,,,,0xFF01FC,4390,0,"",,,,,,,,,"",,,,,,,,0xFF01FC,"",0,0,,
249,668,0,0x0,"","Відбито атак привидів = %4882w/10",,,,,,,,"Відбито атак привидів = %4882w/10",,,,,,,,0xFF01FE,"Кількість відбитих атак привидів.",,,,,,,,"Кількість відбитих атак привидів.",,,,,,,,0xFF01FE,4884,0,"",,,,,,,,,"",,,,,,,,0xFF01FC,"",0,0,,
272,724,0,0x20,"","Матеріальність Халіона: %5050w%",,,,,,,,"Матеріальність Халіона: %5050w%",,,,,,,,0xFF01FE,"Рівень матеріальності Халіона",,,,,,,,"Рівень матеріальності Халіона",,,,,,,,0xFF01FE,5051,1,"",,,,,,,,,"",,,,,,,,0xFF01FC,"",0,0,,
273,724,0,0x1,"","Матеріальність Халіона: %5050w%",,,,,,,,"Матеріальність Халіона: %5050w%",,,,,,,,0xFF01FE,"Рівень матеріальності Халіона",,,,,,,,"Рівень матеріальності Халіона",,,,,,,,0xFF01FE,5051,1,"",,,,,,,,,"",,,,,,,,0xFF01FC,"",0,0,,
